<?xml version="1.0" encoding="UTF-8"?>
<!--
Descriptive XML sample document
Generated by CoreFiling: Tue Jul 16 10:41:53 BST 2013 (generator revision 352826)
-->
<hd:GovTalkMessage xmlns:hd="http://www.govtalk.gov.uk/CM/envelope" xmlns:ct="http://www.govtalk.gov.uk/taxation/CT/3" xmlns:dsig="http://www.w3.org/2000/09/xmldsig#">
  <hd:EnvelopeVersion>EnvelopeVersion</hd:EnvelopeVersion>
  <hd:Header>
    <hd:MessageDetails>
      <hd:Class>Identifier to allow gateway to determine target department, queue and validation needed.</hd:Class>
      <hd:Qualifier>eGIF Class qualifier</hd:Qualifier>
      <hd:Function>Function of message</hd:Function>
      <hd:TransactionID>GUID for tracking purposes</hd:TransactionID>
      <hd:AuditID>A binary value for audit purposes</hd:AuditID>
      <hd:CorrelationID>Globally unique identifier that is used to link a message to its response</hd:CorrelationID>
      <hd:ResponseEndPoint PollInterval="The poll interval">The end point of the response.</hd:ResponseEndPoint>
      <hd:Transformation>A description of the format of response expected</hd:Transformation>
      <hd:GatewayTest>Test indicator</hd:GatewayTest>
      <hd:GatewayTimestamp>Timestamp applied by the gateway</hd:GatewayTimestamp>
    </hd:MessageDetails>
    <hd:SenderDetails>
      <hd:IDAuthentication>
        <hd:SenderID>Sender's identification</hd:SenderID>
        <hd:Authentication>
          <hd:Method>The algorithm or method used to create the authentication value</hd:Method>
          <hd:Role>Role for the authentication</hd:Role>
          <!--the following siblings are subject to a 'choice', please refer to the schema-->
          <hd:Value>Base64 encoded signature value</hd:Value>
          <dsig:Signature>Signature</dsig:Signature>
          <!--end of 'choice'-->
        </hd:Authentication>
      </hd:IDAuthentication>
      <hd:X509Certificate>A digital signature to authenticate the sender</hd:X509Certificate>
      <hd:EmailAddress>Sender's email address</hd:EmailAddress>
    </hd:SenderDetails>
  </hd:Header>
  <hd:GovTalkDetails>
    <hd:Keys>
      <hd:Key Type="Type of Key">Indicates general information that can be attached by the sender</hd:Key>
    </hd:Keys>
    <hd:TargetDetails>
      <hd:Organisation>The organisation or department to which the message is being sent.</hd:Organisation>
    </hd:TargetDetails>
    <hd:GatewayValidation>
      <hd:Processed>Indicates that gateway validation has been completed</hd:Processed>
      <hd:Result>Result of gateway validation</hd:Result>
    </hd:GatewayValidation>
    <hd:ChannelRouting>
      <hd:Channel>
        <!--the following siblings are subject to a 'choice', please refer to the schema-->
        <hd:URI>URI used to identify route to gateway</hd:URI>
        <hd:Name>Channel's Name used to identify route to gateway</hd:Name>
        <!--end of 'choice'-->
        <hd:Product>Software product used for processing</hd:Product>
        <hd:Version>Version of product used for processing</hd:Version>
      </hd:Channel>
      <hd:ID Type="ID type">Message ID to be provided by processing system</hd:ID>
      <hd:Timestamp>Processing system's timestamp</hd:Timestamp>
    </hd:ChannelRouting>
    <hd:GovTalkErrors>
      <hd:Error>
        <hd:RaisedBy>identifies the system which raised the error</hd:RaisedBy>
        <hd:Number>specifies the error number</hd:Number>
        <hd:Type>Specifies the class of the error</hd:Type>
        <hd:Text>Specifies the error message in text</hd:Text>
        <hd:Location>Specifies the location in the XML document that the error has occurred</hd:Location>
      </hd:Error>
    </hd:GovTalkErrors>
    <!--DESCRIPTION of following node: Local additions to the gateway.-->
    <hd:GatewayAdditions/>
  </hd:GovTalkDetails>
  <hd:Body>
    <ct:IRenvelope>
      <!--DESCRIPTION of following node: Standard header for IR forms-->
      <ct:IRheader>
        <ct:Keys>
          <ct:Key Type="Type">Key</ct:Key>
        </ct:Keys>
        <ct:PeriodEnd>PeriodEnd</ct:PeriodEnd>
        <ct:Principal>
          <ct:Contact>
            <!--DESCRIPTION of following node: Standard structure for a person's name including title (type 19), 2 fornames (type 16 and 17) and surname (type 15)-->
            <ct:Name>
              <ct:Ttl>Person's Title of 1 to 4 characters</ct:Ttl>
              <ct:Fore>Forename for a person</ct:Fore>
              <ct:Sur>Surname for a person</ct:Sur>
            </ct:Name>
            <ct:Email Preferred="Whether this is the preferred email address" Type="Whether this email is work or home">Standard IR structure for email address</ct:Email>
            <!--DESCRIPTION of following node: Standard telephone structure-->
            <ct:Telephone Mobile="&quot;yes&quot; or &quot;no&quot;" Preferred="&quot;yes&quot; or &quot;no&quot;" Type="&quot;work&quot; or &quot;home&quot;: whether the associated item is at an individual's workplace or home">
              <ct:Number>Standard phone number type</ct:Number>
              <ct:Extension>Standard phone extension type</ct:Extension>
            </ct:Telephone>
            <!--DESCRIPTION of following node: Standard telephone structure-->
            <ct:Fax Mobile="&quot;yes&quot; or &quot;no&quot;" Preferred="&quot;yes&quot; or &quot;no&quot;" Type="&quot;work&quot; or &quot;home&quot;: whether the associated item is at an individual's workplace or home">
              <ct:Number>Standard phone number type</ct:Number>
              <ct:Extension>Standard phone extension type</ct:Extension>
            </ct:Fax>
          </ct:Contact>
        </ct:Principal>
        <ct:Agent>
          <ct:AgentID>AgentID</ct:AgentID>
          <ct:Company>Company</ct:Company>
          <!--DESCRIPTION of following node: Represents an international address-->
          <ct:Address>
            <ct:Line>A line of the address</ct:Line>
            <ct:PostCode>Generic postal or zip code</ct:PostCode>
            <ct:Country>Country within address</ct:Country>
          </ct:Address>
          <ct:Contact>
            <!--DESCRIPTION of following node: Standard structure for a person's name including title (type 19), 2 fornames (type 16 and 17) and surname (type 15)-->
            <ct:Name>
              <ct:Ttl>Person's Title of 1 to 4 characters</ct:Ttl>
              <ct:Fore>Forename for a person</ct:Fore>
              <ct:Sur>Surname for a person</ct:Sur>
            </ct:Name>
            <ct:Email Preferred="Whether this is the preferred email address" Type="Whether this email is work or home">Standard IR structure for email address</ct:Email>
            <!--DESCRIPTION of following node: Standard telephone structure-->
            <ct:Telephone Mobile="&quot;yes&quot; or &quot;no&quot;" Preferred="&quot;yes&quot; or &quot;no&quot;" Type="&quot;work&quot; or &quot;home&quot;: whether the associated item is at an individual's workplace or home">
              <ct:Number>Standard phone number type</ct:Number>
              <ct:Extension>Standard phone extension type</ct:Extension>
            </ct:Telephone>
            <!--DESCRIPTION of following node: Standard telephone structure-->
            <ct:Fax Mobile="&quot;yes&quot; or &quot;no&quot;" Preferred="&quot;yes&quot; or &quot;no&quot;" Type="&quot;work&quot; or &quot;home&quot;: whether the associated item is at an individual's workplace or home">
              <ct:Number>Standard phone number type</ct:Number>
              <ct:Extension>Standard phone extension type</ct:Extension>
            </ct:Fax>
          </ct:Contact>
        </ct:Agent>
        <ct:DefaultCurrency>Default currency for amounts where currency is not specified. This is currently restricted to only allow GBP.</ct:DefaultCurrency>
        <ct:Manifest>
          <ct:Contains>
            <ct:Reference>
              <ct:Namespace>Namespace</ct:Namespace>
              <ct:SchemaVersion>SchemaVersion</ct:SchemaVersion>
              <ct:TopElementName>TopElementName</ct:TopElementName>
            </ct:Reference>
          </ct:Contains>
        </ct:Manifest>
        <ct:IRmark Type="Type">IRmark</ct:IRmark>
        <ct:Sender>Sender</ct:Sender>
      </ct:IRheader>
      <!--DESCRIPTION of following node: Company tax return-->
      <ct:CompanyTaxReturn ReturnType="What type of return is this?" Short="Short">
        <!--DESCRIPTION of following node: Company information-->
        <ct:CompanyInformation>
          <ct:CompanyName>Company name as registered at companies house</ct:CompanyName>
          <ct:RegistrationNumber>Company registration number</ct:RegistrationNumber>
          <ct:Reference>Unique taxpayer reference</ct:Reference>
          <ct:CompanyType>Type of company</ct:CompanyType>
          <!--DESCRIPTION of following node: Registered office address (if changed)-->
          <ct:CompanyAddress>
            <ct:Line>A common type for lines in an address</ct:Line>
            <ct:AdditionalLine>A common type for lines in an address</ct:AdditionalLine>
            <ct:PostCode>PostCode</ct:PostCode>
          </ct:CompanyAddress>
          <!--DESCRIPTION of following node: Period covered by this return-->
          <ct:PeriodCovered>
            <ct:From>Date of the beginning of the company's return for period</ct:From>
            <ct:To>Date of the end of the company's return for the period</ct:To>
          </ct:PeriodCovered>
        </ct:CompanyInformation>
        <!--DESCRIPTION of following node: Summary of return information-->
        <ct:ReturnInfoSummary>
          <ct:ThisPeriod>Are you making a repayment claim for this period?</ct:ThisPeriod>
          <ct:EarlierPeriod>Are you making a repayment claim for an earlier period?</ct:EarlierPeriod>
          <ct:MultipleReturns>Are you submitting more than one return for this company?</ct:MultipleReturns>
          <ct:ProvisionalFigures>Does this return contain estimated figures?</ct:ProvisionalFigures>
          <ct:PartOfNonSmallGroup>The Company is part of a group which is not small</ct:PartOfNonSmallGroup>
          <ct:RegisteredAvoidanceScheme>Notice of disclosable avoidance schemes</ct:RegisteredAvoidanceScheme>
          <!--DESCRIPTION of following node: Transfer pricing-->
          <ct:TransferPricing>
            <ct:Adjustment>Are you claiming a transfer pricing compensating adjustment?</ct:Adjustment>
            <ct:SME>Are you claiming a transfer pricing small or medium sized enterprise exemption?</ct:SME>
          </ct:TransferPricing>
          <!--DESCRIPTION of following node: Accounts-->
          <ct:Accounts>
            <ct:ThisPeriodAccounts>Indicator of attached accounts for the period to which this return relates</ct:ThisPeriodAccounts>
            <ct:DifferentPeriod>Indicator of attached accounts for a different period</ct:DifferentPeriod>
            <ct:NoAccountsReason>Reason for no XBRL accounts</ct:NoAccountsReason>
          </ct:Accounts>
          <!--DESCRIPTION of following node: Computations-->
          <ct:Computations>
            <!--the following siblings are subject to a 'choice', please refer to the schema-->
            <ct:ThisPeriodComputations>Indicator of attached computations for the period to which this return relates</ct:ThisPeriodComputations>
            <ct:DifferentPeriod>Indicator of attached computations for a different period</ct:DifferentPeriod>
            <ct:NoComputationsReason>Reason for no computations</ct:NoComputationsReason>
            <!--end of 'choice'-->
          </ct:Computations>
          <!--DESCRIPTION of following node: Supplementary pages-->
          <ct:SupplementaryPages>
            <ct:CT600A>Loans to participators by close companies</ct:CT600A>
            <ct:CT600B>Controlled foreign companies</ct:CT600B>
            <ct:CT600C>Group and Consortium</ct:CT600C>
            <ct:CT600D>Insurance</ct:CT600D>
            <ct:CT600E>Charities and Community Amateur Sports Clubs</ct:CT600E>
            <ct:CT600F>Tonnage tax</ct:CT600F>
            <ct:CT600G>Corporate Venturing Scheme</ct:CT600G>
            <ct:CT600H>Cross-border royalties</ct:CT600H>
            <ct:CT600I>Supplementary charge in respect of ring fence trade</ct:CT600I>
            <ct:CT600J>Disclosure of tax avoidance schemes</ct:CT600J>
          </ct:SupplementaryPages>
        </ct:ReturnInfoSummary>
        <!--DESCRIPTION of following node: Turnover of the company-->
        <ct:Turnover>
          <ct:Total Currency="Currency symbol such as GBP or EUR">Total turnover from trade or profession</ct:Total>
          <ct:OtherFinancialConcerns>Banks, building societies, insurance companies and other financial concerns</ct:OtherFinancialConcerns>
        </ct:Turnover>
        <!--DESCRIPTION of following node: Company tax calculation-->
        <ct:CompanyTaxCalculation>
          <!--DESCRIPTION of following node: Income-->
          <ct:Income>
            <!--DESCRIPTION of following node: Trading and professional-->
            <ct:TradingAndProfessional>
              <ct:Profits Currency="Currency symbol such as GBP or EUR">Trading and professional profits</ct:Profits>
              <ct:LossesBroughtForward Currency="Currency symbol such as GBP or EUR">Trading losses brought forward claimed against profits</ct:LossesBroughtForward>
              <ct:NetProfits Currency="Currency symbol such as GBP or EUR">Net trading and professional profits</ct:NetProfits>
            </ct:TradingAndProfessional>
            <ct:NonTradingLoanProfitsAndGains Currency="Currency symbol such as GBP or EUR">Bank, building society or other interest, and profits and gains from non-trading loan relationships</ct:NonTradingLoanProfitsAndGains>
            <ct:IncomeStatedNet>Is income stated net after carrying back deficits from a later accounting period?</ct:IncomeStatedNet>
            <ct:NonLoanAnnuitiesAnnualPaymentsDiscounts Currency="Currency symbol such as GBP or EUR">Annuities, annual payments and discounts not arising from loan relationships and from which income tax has not been deducted</ct:NonLoanAnnuitiesAnnualPaymentsDiscounts>
            <ct:OverseasIncome Currency="Currency symbol such as GBP or EUR">Overseas income within Sch D Case V</ct:OverseasIncome>
            <ct:DeductedIncome Currency="Currency symbol such as GBP or EUR">Income from which income tax has been deducted</ct:DeductedIncome>
            <ct:LandAndBuildingIncome Currency="Currency symbol such as GBP or EUR">Income from UK land and buildings</ct:LandAndBuildingIncome>
            <!--DESCRIPTION of following node: Income within d-->
            <ct:IncomeWithinD>
              <ct:NonTradingGainsIntangibles Currency="Currency symbol such as GBP or EUR">Non-trading gains on intangible fixed assets</ct:NonTradingGainsIntangibles>
              <ct:TonnageTaxProfits Currency="Currency symbol such as GBP or EUR">Tonnage tax profits</ct:TonnageTaxProfits>
              <ct:ProfitsAndGainsNotAnyOtherHeading Currency="Currency symbol such as GBP or EUR">Annual profits and gains not falling under any other heading</ct:ProfitsAndGainsNotAnyOtherHeading>
              <ct:IncomeWithinDTotal Currency="Currency symbol such as GBP or EUR">Income within Sch D Case VI</ct:IncomeWithinDTotal>
            </ct:IncomeWithinD>
          </ct:Income>
          <!--DESCRIPTION of following node: Chargeable gains-->
          <ct:ChargeableGains>
            <ct:GrossGains Currency="Currency symbol such as GBP or EUR">Gross chargeable gains</ct:GrossGains>
            <ct:AllowableLosses Currency="Currency symbol such as GBP or EUR">Allowable losses including losses brought forward</ct:AllowableLosses>
            <ct:NetChargeableGains Currency="Currency symbol such as GBP or EUR">Net chargeable gains</ct:NetChargeableGains>
          </ct:ChargeableGains>
          <ct:LossesBroughtForward Currency="Currency symbol such as GBP or EUR">Losses brought forward against certain investment income</ct:LossesBroughtForward>
          <ct:NonTradeDeficitsOnLoans Currency="Currency symbol such as GBP or EUR">Non-trade deficits on loan relationships (including interest) and derivative contracts (financial instruments) brought forward</ct:NonTradeDeficitsOnLoans>
          <ct:ProfitsBeforeOtherDeductions Currency="Currency symbol such as GBP or EUR">Profits before other deductions and reliefs</ct:ProfitsBeforeOtherDeductions>
          <!--DESCRIPTION of following node: Deductions and reliefs-->
          <ct:DeductionsAndReliefs>
            <ct:IncludesCVSLossRelief>Does the entry in box 22 include CVS loss relief?</ct:IncludesCVSLossRelief>
            <ct:CVSLossRelief Currency="Currency symbol such as GBP or EUR">CVS loss relief, and losses on unquoted shares under S573 ICTA 1988</ct:CVSLossRelief>
            <ct:ManagementExpenses Currency="Currency symbol such as GBP or EUR">Management expenses under S75 ICTA 1988</ct:ManagementExpenses>
            <ct:InterestDistributions Currency="Currency symbol such as GBP or EUR">Interest distributions under S468L ICTA 1988</ct:InterestDistributions>
            <ct:ScheduleALosses Currency="Currency symbol such as GBP or EUR">Schedule A losses for this or previous accounting period under S392A ICTA 1988</ct:ScheduleALosses>
            <ct:CapitalAllowances Currency="Currency symbol such as GBP or EUR">Capital allowances for the purposes of management of the business</ct:CapitalAllowances>
            <ct:NonTradeDeficits Currency="Currency symbol such as GBP or EUR">Non-trade deficits for this accounting period from loan relationships and derivative contracts (financial instruments)</ct:NonTradeDeficits>
            <ct:NonTradingLossIntangibles Currency="Currency symbol such as GBP or EUR">Non-trading losses on intangible fixed assets</ct:NonTradingLossIntangibles>
            <ct:TradingLossesS393AcarriedBack>Are amounts carried back from later accounting periods included in trading losses?</ct:TradingLossesS393AcarriedBack>
            <ct:TradingLosses Currency="Currency symbol such as GBP or EUR">Trading losses of this or a later accounting period under S393A ICTA 1988</ct:TradingLosses>
            <ct:NonTradeCapitalAllowances Currency="Currency symbol such as GBP or EUR">Non-trade capital allowances</ct:NonTradeCapitalAllowances>
            <ct:Total Currency="Currency symbol such as GBP or EUR">Total of deductions and reliefs</ct:Total>
          </ct:DeductionsAndReliefs>
          <!--DESCRIPTION of following node: Charges and reliefs-->
          <ct:ChargesAndReliefs>
            <ct:ProfitsBeforeCharges Currency="Currency symbol such as GBP or EUR">Profits before charges and group relief</ct:ProfitsBeforeCharges>
            <ct:ChargesPaid Currency="Currency symbol such as GBP or EUR">Charges paid</ct:ChargesPaid>
            <ct:GroupRelief Currency="Currency symbol such as GBP or EUR">Group relief</ct:GroupRelief>
          </ct:ChargesAndReliefs>
          <ct:ChargeableProfits Currency="Currency symbol such as GBP or EUR">Profits chargeable to corporation tax</ct:ChargeableProfits>
          <ct:RingFenceProfitsIncluded Currency="Currency symbol such as GBP or EUR">Ring fence profits included</ct:RingFenceProfitsIncluded>
          <!--DESCRIPTION of following node: Tax calculation-->
          <ct:TaxCalculation>
            <ct:FrankedInvestmentIncome Currency="Currency symbol such as GBP or EUR">Franked investment income</ct:FrankedInvestmentIncome>
            <!--DESCRIPTION of following node: Associated companies-->
            <ct:AssociatedCompanies>
              <!--the following siblings are subject to a 'choice', please refer to the schema-->
              <ct:ThisPeriod>Number of associated companies in this period</ct:ThisPeriod>
              <!--DESCRIPTION of following node: Associated companies financial years-->
              <ct:AssociatedCompaniesFinancialYears>
                <ct:FirstYear>Associated companies in the first financial year</ct:FirstYear>
                <ct:SecondYear>Associated companies in the second financial year</ct:SecondYear>
              </ct:AssociatedCompaniesFinancialYears>
              <!--end of 'choice'-->
            </ct:AssociatedCompanies>
            <ct:StartingOrSmallCompaniesRate>Does the company claim to be charged at the starting rate or small companies' rate on any part of its profits, or is it claiming marginal rate relief?</ct:StartingOrSmallCompaniesRate>
          </ct:TaxCalculation>
          <!--DESCRIPTION of following node: Corporation tax chargeable-->
          <ct:CorporationTaxChargeable>
            <!--DESCRIPTION of following node: Financial year one-->
            <ct:FinancialYearOne>
              <ct:Year>Financial year one</ct:Year>
              <!--DESCRIPTION of following node: Details-->
              <ct:Details>
                <ct:Profit Currency="Currency symbol such as GBP or EUR">Amounts of profit</ct:Profit>
                <ct:TaxRate>Rates of tax</ct:TaxRate>
                <ct:Tax Currency="Currency symbol such as GBP or EUR">Tax</ct:Tax>
              </ct:Details>
            </ct:FinancialYearOne>
            <!--DESCRIPTION of following node: Financial year two-->
            <ct:FinancialYearTwo>
              <ct:Year>Financial year two</ct:Year>
              <!--DESCRIPTION of following node: Details-->
              <ct:Details>
                <ct:Profit Currency="Currency symbol such as GBP or EUR">Amounts of profit</ct:Profit>
                <ct:TaxRate>Rates of tax</ct:TaxRate>
                <ct:Tax Currency="Currency symbol such as GBP or EUR">Tax</ct:Tax>
              </ct:Details>
            </ct:FinancialYearTwo>
          </ct:CorporationTaxChargeable>
          <ct:TotalChargeableCorporationTax Currency="Currency symbol such as GBP or EUR">Corporation tax</ct:TotalChargeableCorporationTax>
          <!--DESCRIPTION of following node: Further tax calculations-->
          <ct:FurtherTaxCalculations>
            <ct:MarginalRateRelief Currency="Currency symbol such as GBP or EUR">Marginal rate relief</ct:MarginalRateRelief>
            <ct:CTNetOfMRR Currency="Currency symbol such as GBP or EUR">Corporation tax net of marginal rate relief</ct:CTNetOfMRR>
            <!--DESCRIPTION of following node: Non corporate distributions calculation-->
            <ct:NonCorporateDistributionsCalculation>
              <ct:UnderlyingRateOfCT>Underlying rate of corporation tax</ct:UnderlyingRateOfCT>
              <ct:NonCorporateDistributions Currency="Currency symbol such as GBP or EUR">Profits matched with non-corporate distributions</ct:NonCorporateDistributions>
              <ct:TaxAtNCDRate Currency="Currency symbol such as GBP or EUR">Tax at non-corporate distributions rate</ct:TaxAtNCDRate>
              <ct:TaxAtUnderlyingRate Currency="Currency symbol such as GBP or EUR">Tax at underlying rate on remaining profits</ct:TaxAtUnderlyingRate>
            </ct:NonCorporateDistributionsCalculation>
          </ct:FurtherTaxCalculations>
          <ct:NetCorporationTaxChargeable Currency="Currency symbol such as GBP or EUR">Corporation tax chargeable</ct:NetCorporationTaxChargeable>
          <!--DESCRIPTION of following node: Tax reliefs and deductions-->
          <ct:TaxReliefsAndDeductions>
            <ct:CVSInvestmentRelief Currency="Currency symbol such as GBP or EUR">CVS investment relief</ct:CVSInvestmentRelief>
            <ct:CommunityInvestmentTaxCredit Currency="Currency symbol such as GBP or EUR">Community investment relief</ct:CommunityInvestmentTaxCredit>
            <!--DESCRIPTION of following node: Double taxation-->
            <ct:DoubleTaxation>
              <ct:DoubleTaxationRelief Currency="Currency symbol such as GBP or EUR">Double taxation relief</ct:DoubleTaxationRelief>
              <ct:UnderlyingRate>Does double taxation relief include an underlying rate relief claim?</ct:UnderlyingRate>
              <ct:AmountCarriedBack>Does double taxation relief include any amount carried back from a later period?</ct:AmountCarriedBack>
            </ct:DoubleTaxation>
            <ct:AdvanceCorporationTax Currency="Currency symbol such as GBP or EUR">Advance corporation tax</ct:AdvanceCorporationTax>
            <ct:TotalReliefsAndDeductions Currency="Currency symbol such as GBP or EUR">Total reliefs and deductions in terms of tax</ct:TotalReliefsAndDeductions>
          </ct:TaxReliefsAndDeductions>
          <ct:NetCorporationTaxLiability Currency="Currency symbol such as GBP or EUR">Net corporation tax liability</ct:NetCorporationTaxLiability>
          <ct:A11Completed>Have you completed box A11 in supplementary page CT600A?</ct:A11Completed>
          <ct:Payable Currency="Currency symbol such as GBP or EUR">Tax payable under S419 ICTA 1988</ct:Payable>
          <ct:TaxPayableS747 Currency="Currency symbol such as GBP or EUR">Tax payable under S747 ICTA 1988</ct:TaxPayableS747>
          <ct:S501AtaxCharge Currency="Currency symbol such as GBP or EUR">Tax payable under S501A ICTA 1988</ct:S501AtaxCharge>
          <ct:TaxChargeable Currency="Currency symbol such as GBP or EUR">Tax chargeable</ct:TaxChargeable>
          <!--DESCRIPTION of following node: Income tax-->
          <ct:IncomeTax>
            <ct:DeductedIncomeTax Currency="Currency symbol such as GBP or EUR">Income tax deducted from gross income included in profits</ct:DeductedIncomeTax>
            <ct:TaxRepayable Currency="Currency symbol such as GBP or EUR">Income tax repayable to the company</ct:TaxRepayable>
          </ct:IncomeTax>
          <ct:TaxPayable Currency="Currency symbol such as GBP or EUR">Tax payable - this is your self-assessment of tax payable</ct:TaxPayable>
          <!--DESCRIPTION of following node: Tax reconciliation-->
          <ct:TaxReconciliation>
            <ct:RandDCredit Currency="Currency symbol such as GBP or EUR">Research and Development tax credit, including any vaccines tax credit or film tax credit</ct:RandDCredit>
            <ct:LandOrLifeCredit Currency="Currency symbol such as GBP or EUR">Land remediation or life assurance company tax credit</ct:LandOrLifeCredit>
            <ct:CapitalAllowancesFirstYearTaxCredit Currency="Currency symbol such as GBP or EUR">Capital allowances first-year tax credit</ct:CapitalAllowancesFirstYearTaxCredit>
            <ct:RDCreditPayable Currency="Currency symbol such as GBP or EUR">Research and Development tax credit payable, including any vaccines tax credit, or film tax credit payable</ct:RDCreditPayable>
            <ct:LandOrLifeCreditPayable Currency="Currency symbol such as GBP or EUR">Land remediation or life assurance company tax credit payable </ct:LandOrLifeCreditPayable>
            <ct:CapitalAllowancesFirstYearTaxCreditPayable Currency="Currency symbol such as GBP or EUR">Capital allowances first-year tax credit payable</ct:CapitalAllowancesFirstYearTaxCreditPayable>
            <ct:RingFenceCorpTaxIncluded Currency="Currency symbol such as GBP or EUR">Ring fence corporation tax included</ct:RingFenceCorpTaxIncluded>
            <ct:TaxUnderS501AICTA1988included Currency="Currency symbol such as GBP or EUR">Tax under S501A ICTA 1988 included</ct:TaxUnderS501AICTA1988included>
            <ct:TaxAlreadyPaid Currency="Currency symbol such as GBP or EUR">Tax already paid (and not already repaid)</ct:TaxAlreadyPaid>
            <!--DESCRIPTION of following node: Tax outstanding or overpaid-->
            <ct:TaxOutstandingOrOverpaid>
              <ct:TaxOutstanding Currency="Currency symbol such as GBP or EUR">Tax outstanding</ct:TaxOutstanding>
              <ct:TaxOverpaid Currency="Currency symbol such as GBP or EUR">Tax overpaid</ct:TaxOverpaid>
            </ct:TaxOutstandingOrOverpaid>
            <ct:RefundsSurrendered Currency="Currency symbol such as GBP or EUR">Tax refunds surrendered to the company under S102 FA 1989</ct:RefundsSurrendered>
          </ct:TaxReconciliation>
          <!--DESCRIPTION of following node: Indicators-->
          <ct:Indicators>
            <ct:QuarterlyInstallment>Should the company have made instalment payments under the Corporation Tax (Instalment Payments) Regulations 1998?</ct:QuarterlyInstallment>
            <ct:GroupPayment>Is the company in a group payment arrangement for this period?</ct:GroupPayment>
            <ct:DisposalWDintangibles>Has the company written down or sold intangible assets?</ct:DisposalWDintangibles>
            <ct:CrossBorderRoyalty>Has the company made cross-border royalty payments?</ct:CrossBorderRoyalty>
          </ct:Indicators>
        </ct:CompanyTaxCalculation>
        <!--DESCRIPTION of following node: Enhanced expenditure-->
        <ct:CapitalAllowancesExpenditure>
          <ct:ClaimingEnhancedExpenditureForFilm>Is the claim for films expenditure?</ct:ClaimingEnhancedExpenditureForFilm>
          <ct:SMEclaimRandD>Is the claim made by a small or medium-sized enterprise (SME) including a SME subcontractor to a large company?</ct:SMEclaimRandD>
          <ct:LargeCompanyClaimRandD>Is the claim made by a large company?</ct:LargeCompanyClaimRandD>
          <ct:RandDEnhancedExpenditure Currency="Currency symbol such as GBP or EUR">R&amp;D or films enhanced expenditure</ct:RandDEnhancedExpenditure>
          <ct:VaccineResearch Currency="Currency symbol such as GBP or EUR">Vaccines research expenditure</ct:VaccineResearch>
          <ct:SMEclaimAsLargeCompany Currency="Currency symbol such as GBP or EUR">R&amp;D enhanced expenditure of a SME on work sub-contracted to it by a large company</ct:SMEclaimAsLargeCompany>
          <ct:LandRemediationEnhancedExpenditure Currency="Currency symbol such as GBP or EUR">Enter amount equal to 150% of actual expenditure</ct:LandRemediationEnhancedExpenditure>
          <!--DESCRIPTION of following node: Charges and allowances included in calculation of trading profits and losses-->
          <ct:ChargesAndAllowances>
            <ct:AIACapitalAllowancesInc Currency="Currency symbol such as GBP or EUR">Annual investment allowance</ct:AIACapitalAllowancesInc>
            <!--DESCRIPTION of following node: Machinery and plant - special rate pool-->
            <ct:MachineryAndPlantSpecialRatePool>
              <ct:BalancingCharges Currency="Currency symbol such as GBP or EUR">Standard decimal type</ct:BalancingCharges>
              <ct:CapitalAllowances Currency="Currency symbol such as GBP or EUR">Standard decimal type</ct:CapitalAllowances>
            </ct:MachineryAndPlantSpecialRatePool>
            <!--DESCRIPTION of following node: Machinery and plant - main pool-->
            <ct:MachineryAndPlantMainPool>
              <ct:BalancingCharges Currency="Currency symbol such as GBP or EUR">Standard decimal type</ct:BalancingCharges>
              <ct:CapitalAllowances Currency="Currency symbol such as GBP or EUR">Standard decimal type</ct:CapitalAllowances>
            </ct:MachineryAndPlantMainPool>
            <!--DESCRIPTION of following node: Cars-->
            <ct:Cars>
              <ct:BalancingCharges Currency="Currency symbol such as GBP or EUR">Standard decimal type</ct:BalancingCharges>
              <ct:CapitalAllowances Currency="Currency symbol such as GBP or EUR">Standard decimal type</ct:CapitalAllowances>
            </ct:Cars>
            <!--DESCRIPTION of following node: Industrial buildings and structures-->
            <ct:IndustrialBuildings>
              <ct:BalancingCharges Currency="Currency symbol such as GBP or EUR">Standard decimal type</ct:BalancingCharges>
              <ct:CapitalAllowances Currency="Currency symbol such as GBP or EUR">Standard decimal type</ct:CapitalAllowances>
            </ct:IndustrialBuildings>
            <!--DESCRIPTION of following node: Business premises renovation included in calculation-->
            <ct:BusinessPremisesRenovationIncluded>
              <ct:BalancingCharges Currency="Currency symbol such as GBP or EUR">Standard decimal type</ct:BalancingCharges>
              <ct:CapitalAllowances Currency="Currency symbol such as GBP or EUR">Standard decimal type</ct:CapitalAllowances>
            </ct:BusinessPremisesRenovationIncluded>
            <!--DESCRIPTION of following node: Other charges and allowances-->
            <ct:Others>
              <ct:BalancingCharges Currency="Currency symbol such as GBP or EUR">Standard decimal type</ct:BalancingCharges>
              <ct:CapitalAllowances Currency="Currency symbol such as GBP or EUR">Standard decimal type</ct:CapitalAllowances>
            </ct:Others>
            <ct:AIACapitalAllowancesNotInc Currency="Currency symbol such as GBP or EUR">Annual investment allowance not included in calculation</ct:AIACapitalAllowancesNotInc>
            <!--DESCRIPTION of following node: Business premises renovation not included-->
            <ct:BusinessPremisesRenovationNotIncluded>
              <ct:BalancingCharges Currency="Currency symbol such as GBP or EUR">Standard decimal type</ct:BalancingCharges>
              <ct:CapitalAllowances Currency="Currency symbol such as GBP or EUR">Standard decimal type</ct:CapitalAllowances>
            </ct:BusinessPremisesRenovationNotIncluded>
            <!--DESCRIPTION of following node: Other non trading charges and allowances-->
            <ct:OtherNonTradingChargesAndAllowances>
              <ct:BalancingCharges Currency="Currency symbol such as GBP or EUR">Standard decimal type</ct:BalancingCharges>
              <ct:CapitalAllowances Currency="Currency symbol such as GBP or EUR">Standard decimal type</ct:CapitalAllowances>
            </ct:OtherNonTradingChargesAndAllowances>
            <ct:FlatConversion>Does box 115 include flat conversion allowances?</ct:FlatConversion>
          </ct:ChargesAndAllowances>
          <ct:MachineryAndPlantExpenditure Currency="Currency symbol such as GBP or EUR">Machinery and plant on which first year allowance is claimed</ct:MachineryAndPlantExpenditure>
          <ct:ClaimingEnvironmentallyFriendly>Claiming enhanced capital allowances for the environmentally friendly</ct:ClaimingEnvironmentallyFriendly>
          <ct:DesignatedEnvironmentallyFriendlyMachineryAndPlant Currency="Currency symbol such as GBP or EUR">Designated environmentally friendly machinery and plant</ct:DesignatedEnvironmentallyFriendlyMachineryAndPlant>
          <ct:MachineryAndPlantLongLife Currency="Currency symbol such as GBP or EUR">Machinery and plant on long-life assets and integral features</ct:MachineryAndPlantLongLife>
          <ct:OtherMachineryAndPLant Currency="Currency symbol such as GBP or EUR">Other machinery and plant</ct:OtherMachineryAndPLant>
        </ct:CapitalAllowancesExpenditure>
        <!--DESCRIPTION of following node: Losses, deficits and excess amounts-->
        <ct:LossesDeficitsAndExcess>
          <!--DESCRIPTION of following node: Trading losses, Case I-->
          <ct:CaseI>
            <ct:Arising Currency="Currency symbol such as GBP or EUR">Standard decimal type</ct:Arising>
            <ct:SurrenderMaximum Currency="Currency symbol such as GBP or EUR">Standard decimal type</ct:SurrenderMaximum>
          </ct:CaseI>
          <ct:CaseVarising Currency="Currency symbol such as GBP or EUR">Trading losses, Case V</ct:CaseVarising>
          <!--DESCRIPTION of following node: Non-trade deficits on loan relationships-->
          <ct:Loans>
            <ct:Arising Currency="Currency symbol such as GBP or EUR">Standard decimal type</ct:Arising>
            <ct:SurrenderMaximum Currency="Currency symbol such as GBP or EUR">Standard decimal type</ct:SurrenderMaximum>
          </ct:Loans>
          <!--DESCRIPTION of following node: Schedule A losses-->
          <ct:ScheduleA>
            <ct:Arising Currency="Currency symbol such as GBP or EUR">Standard decimal type</ct:Arising>
            <ct:SurrenderMaximum Currency="Currency symbol such as GBP or EUR">Standard decimal type</ct:SurrenderMaximum>
          </ct:ScheduleA>
          <ct:OverseasCaseVarising Currency="Currency symbol such as GBP or EUR">Overseas property business losses Case V</ct:OverseasCaseVarising>
          <ct:CaseVIarising Currency="Currency symbol such as GBP or EUR">Losses, Case VI</ct:CaseVIarising>
          <ct:CapitalLossesArising Currency="Currency symbol such as GBP or EUR">Capital losses</ct:CapitalLossesArising>
          <!--DESCRIPTION of following node: Non-trading losses intangibles-->
          <ct:NonTradingLossesIntangibles>
            <ct:Arising Currency="Currency symbol such as GBP or EUR">Standard decimal type</ct:Arising>
            <ct:SurrenderMaximum Currency="Currency symbol such as GBP or EUR">Standard decimal type</ct:SurrenderMaximum>
          </ct:NonTradingLossesIntangibles>
          <ct:ExcessNontradeMaximum Currency="Currency symbol such as GBP or EUR">Excess non-trade capital allowances</ct:ExcessNontradeMaximum>
          <ct:ExcessChargesMaximum Currency="Currency symbol such as GBP or EUR">Excess charges</ct:ExcessChargesMaximum>
          <!--DESCRIPTION of following node: Excess management expenses-->
          <ct:ExcessManagementExpenses>
            <ct:Arising Currency="Currency symbol such as GBP or EUR">Standard decimal type</ct:Arising>
            <ct:SurrenderMaximum Currency="Currency symbol such as GBP or EUR">Standard decimal type</ct:SurrenderMaximum>
          </ct:ExcessManagementExpenses>
          <ct:ExcessInterestDistributions Currency="Currency symbol such as GBP or EUR">Excess interest distributions</ct:ExcessInterestDistributions>
        </ct:LossesDeficitsAndExcess>
        <!--DESCRIPTION of following node: Overpayments and repayments-->
        <ct:OverpaymentsAndRepayments>
          <!--DESCRIPTION of following node: Small repayments-->
          <ct:SmallRepayments>
            <!--the following siblings are subject to a 'choice', please refer to the schema-->
            <ct:NoRepayments20OrLess>Do you want us to retain repayments of 20.00 GBP or less?</ct:NoRepayments20OrLess>
            <ct:OwnRepaymentsLowerLimit Currency="Currency symbol such as GBP or EUR">What is the smallest sum you wish to be repaid?</ct:OwnRepaymentsLowerLimit>
            <!--end of 'choice'-->
          </ct:SmallRepayments>
          <ct:CorporationTax Currency="Currency symbol such as GBP or EUR">Repayment of corporation tax</ct:CorporationTax>
          <ct:IncomeTax Currency="Currency symbol such as GBP or EUR">Repayment of income tax</ct:IncomeTax>
          <ct:ResearchAndDevelopment Currency="Currency symbol such as GBP or EUR">Payable Research and Development tax credit</ct:ResearchAndDevelopment>
          <ct:FilmTaxCredit Currency="Currency symbol such as GBP or EUR">Payable film tax credit</ct:FilmTaxCredit>
          <ct:LandRemediationTaxCredit Currency="Currency symbol such as GBP or EUR">Payable land remediation or life assurance company tax credit</ct:LandRemediationTaxCredit>
          <ct:PayableCapitalAllowancesFirstYearTaxCredit Currency="Currency symbol such as GBP or EUR">Payable capital allowances first-year tax credit</ct:PayableCapitalAllowancesFirstYearTaxCredit>
          <!--DESCRIPTION of following node: Surrender-->
          <ct:Surrender>
            <ct:Amount Currency="Currency symbol such as GBP or EUR">Amount to be surrendered under S102 FA 1989</ct:Amount>
            <!--DESCRIPTION of following node: Status of the Joint Notice-->
            <ct:JointNotice>
              <!--the following siblings are subject to a 'choice', please refer to the schema-->
              <ct:Attached>Joint notice is attached</ct:Attached>
              <ct:WillFollow>Joint notice will follow</ct:WillFollow>
              <!--end of 'choice'-->
            </ct:JointNotice>
          </ct:Surrender>
          <ct:StopUntilNotice Currency="Currency symbol such as GBP or EUR">Please stop repayment of the following amount until I send you the Notice</ct:StopUntilNotice>
          <!--DESCRIPTION of following node: Bank details for person to whom repayment is to be made-->
          <ct:BankAccountDetails>
            <ct:BankName>Name of bank or building society</ct:BankName>
            <ct:SortCode>Branch sort code</ct:SortCode>
            <ct:AccountNumber>Account number</ct:AccountNumber>
            <ct:AccountName>Name of account</ct:AccountName>
            <ct:BuildingSocReference>Building society reference</ct:BuildingSocReference>
          </ct:BankAccountDetails>
          <!--DESCRIPTION of following node: Payment to person-->
          <ct:PaymentToPerson>
            <ct:Recipient>Person authorised to receive payment</ct:Recipient>
            <!--DESCRIPTION of following node: Address of person-->
            <ct:Address>
              <ct:Line>A common type for lines in an address</ct:Line>
              <ct:AdditionalLine>A common type for lines in an address</ct:AdditionalLine>
              <ct:PostCode>PostCode</ct:PostCode>
            </ct:Address>
            <ct:NomineeReference>Nominee reference</ct:NomineeReference>
          </ct:PaymentToPerson>
        </ct:OverpaymentsAndRepayments>
        <!--DESCRIPTION of following node: Declaration-->
        <ct:Declaration>
          <ct:AcceptDeclaration>The information I have given on this form and the accompanying Supplementary pages is correct and complete to the best of my knowledge and belief.</ct:AcceptDeclaration>
          <ct:Name>Name of signatory</ct:Name>
          <ct:Status>Status of the signatory</ct:Status>
        </ct:Declaration>
        <!--DESCRIPTION of following node: Loans to participators by close companies.-->
        <ct:LoansByCloseCompanies>
          <ct:BeforeEndPeriod>Have loans made during the period been released, or written off before the end of the period?</ct:BeforeEndPeriod>
          <!--DESCRIPTION of following node: Loans information-->
          <ct:LoansInformation>
            <!--DESCRIPTION of following node: Loan-->
            <ct:Loan>
              <ct:Name>Name of participator or associate</ct:Name>
              <ct:AmountOfLoan Currency="Currency symbol such as GBP or EUR">Amount of loan</ct:AmountOfLoan>
            </ct:Loan>
            <ct:TotalLoans Currency="Currency symbol such as GBP or EUR">Total Loans within S419 ICTA 1988 made during the return period which have not been repaid, released or written off before the end of the period</ct:TotalLoans>
            <ct:TaxChargeable Currency="Currency symbol such as GBP or EUR">Tax due before any relief for loans repaid, released or written off after the end of the period</ct:TaxChargeable>
          </ct:LoansInformation>
          <!--DESCRIPTION of following node: Loans made during the returning period - Relief for amounts repaid, released or written off after the end of the period but eariler than 9 months and 1 day after the end of the period-->
          <ct:ReliefEarlierThan>
            <!--DESCRIPTION of following node: Loan-->
            <ct:Loan>
              <ct:Name>Name of participator or associate</ct:Name>
              <ct:AmountRepaid Currency="Currency symbol such as GBP or EUR">Amount repaid</ct:AmountRepaid>
              <ct:AmountReleasedOrWrittenOff Currency="Currency symbol such as GBP or EUR">Amount released or written off</ct:AmountReleasedOrWrittenOff>
              <ct:Date>Date of repayment, release or write off</ct:Date>
            </ct:Loan>
            <ct:TotalAmountRepaid Currency="Currency symbol such as GBP or EUR">Total amount repaid</ct:TotalAmountRepaid>
            <ct:TotalAmountReleasedOrWritten Currency="Currency symbol such as GBP or EUR">Total amount released or written</ct:TotalAmountReleasedOrWritten>
            <ct:TotalLoans Currency="Currency symbol such as GBP or EUR">Total loans</ct:TotalLoans>
            <ct:ReliefDue Currency="Currency symbol such as GBP or EUR">Relief due</ct:ReliefDue>
          </ct:ReliefEarlierThan>
          <!--DESCRIPTION of following node: Section3 check-->
          <ct:Section3Check>
            <ct:EndDate>End date of accounting period in which the loan was repaid, released or written off</ct:EndDate>
            <ct:NineMonthsAfter>Enter the date 9 months and one day after the end of that accounting period</ct:NineMonthsAfter>
            <ct:DateReturnSent>Date you are sending in the company tax return for the period in which the loan was made</ct:DateReturnSent>
          </ct:Section3Check>
          <!--DESCRIPTION of following node: Loans made during the return period which have been repaid, released or written off more than 9 months after the end of the period and where relief is due now-->
          <ct:LoanLaterReliefNow>
            <!--DESCRIPTION of following node: Loan-->
            <ct:Loan>
              <ct:Name>Name of participator or associate</ct:Name>
              <ct:AmountRepaid Currency="Currency symbol such as GBP or EUR">Amount repaid</ct:AmountRepaid>
              <ct:AmountReleasedOrWrittenOff Currency="Currency symbol such as GBP or EUR">Amount released or written off</ct:AmountReleasedOrWrittenOff>
              <ct:Date>Date of repayment, release or write off</ct:Date>
            </ct:Loan>
            <ct:TotalAmountRepaid Currency="Currency symbol such as GBP or EUR">Total amount repaid</ct:TotalAmountRepaid>
            <ct:TotalAmountReleasedOrWritten Currency="Currency symbol such as GBP or EUR">Total amount released or written</ct:TotalAmountReleasedOrWritten>
            <ct:TotalLoans Currency="Currency symbol such as GBP or EUR">Total loans</ct:TotalLoans>
            <ct:ReliefDue Currency="Currency symbol such as GBP or EUR">Relief due</ct:ReliefDue>
          </ct:LoanLaterReliefNow>
          <ct:TotalLoansOutstanding Currency="Currency symbol such as GBP or EUR">Total loans outstanding</ct:TotalLoansOutstanding>
          <ct:TaxPayableS419 Currency="Currency symbol such as GBP or EUR">Tax payable s419</ct:TaxPayableS419>
        </ct:LoansByCloseCompanies>
        <!--DESCRIPTION of following node: Controlled foreign companies-->
        <ct:ControlledForeignCompanies>
          <!--DESCRIPTION of following node: Company information-->
          <ct:CompanyInformation>
            <ct:Name>Name of controlled foreign company</ct:Name>
            <ct:Territory>Territory of residence for S749 purposes</ct:Territory>
            <!--the following siblings are subject to a 'choice', please refer to the schema-->
            <ct:ExemptionDue>Exemption due (if any)</ct:ExemptionDue>
            <!--DESCRIPTION of following node: CFCTaxCalculation-->
            <ct:CFCTaxCalculation>
              <ct:Percentage>Percentage of apportionable profits and creditable tax</ct:Percentage>
              <ct:ChargeableProfits Currency="Currency symbol such as GBP or EUR">Chargeable profits</ct:ChargeableProfits>
              <ct:TaxOnChargeable Currency="Currency symbol such as GBP or EUR">Tax on chargeable profits</ct:TaxOnChargeable>
              <ct:CreditableTax Currency="Currency symbol such as GBP or EUR">Creditable tax</ct:CreditableTax>
              <ct:ReliefsInTaxTerms Currency="Currency symbol such as GBP or EUR">Reliefs in terms of tax</ct:ReliefsInTaxTerms>
              <ct:ACTrestricted Currency="Currency symbol such as GBP or EUR">ACT as restricted</ct:ACTrestricted>
              <ct:TaxChargeable Currency="Currency symbol such as GBP or EUR">S747 tax chargeable</ct:TaxChargeable>
            </ct:CFCTaxCalculation>
            <!--end of 'choice'-->
          </ct:CompanyInformation>
          <ct:BankLevy Currency="Currency symbol such as GBP or EUR">Bank levy</ct:BankLevy>
          <ct:TotalTaxChargeable Currency="Currency symbol such as GBP or EUR">Total tax on chargeable profits</ct:TotalTaxChargeable>
          <ct:TotalCreditableTax Currency="Currency symbol such as GBP or EUR">Total creditable tax</ct:TotalCreditableTax>
          <ct:TotalReliefInTaxTerms Currency="Currency symbol such as GBP or EUR">Total reliefs in terms of tax</ct:TotalReliefInTaxTerms>
          <ct:TotalACTrestricted Currency="Currency symbol such as GBP or EUR">Total ACT as restricted</ct:TotalACTrestricted>
          <ct:TotalS747TaxChargeable Currency="Currency symbol such as GBP or EUR">Total S747 tax chargeable</ct:TotalS747TaxChargeable>
        </ct:ControlledForeignCompanies>
        <!--DESCRIPTION of following node: Group and Consortium-->
        <ct:GroupAndConsortium>
          <!--DESCRIPTION of following node: Group and consortium-->
          <ct:GroupAndConsortium>
            <!--DESCRIPTION of following node: Claims to group relief-->
            <ct:ClaimToGroupRelief>
              <!--DESCRIPTION of following node: Surrendering company information-->
              <ct:CompanyInformation>
                <!--DESCRIPTION of following node: Surrendering company-->
                <ct:Company>
                  <ct:Name>Name of surrendering company</ct:Name>
                  <!--DESCRIPTION of following node: Accounting period of surrendering company-->
                  <ct:AccountingPeriod>
                    <ct:From>Date of the beginning of the period</ct:From>
                    <ct:To>Date of the end of the period</ct:To>
                  </ct:AccountingPeriod>
                  <ct:CompanyReference>Tax reference of surrendering company</ct:CompanyReference>
                  <ct:AmountClaimed Currency="Currency symbol such as GBP or EUR">Amount claimed</ct:AmountClaimed>
                </ct:Company>
                <ct:TotalAmountClaimed Currency="Currency symbol such as GBP or EUR">Total group relief claimed</ct:TotalAmountClaimed>
              </ct:CompanyInformation>
              <ct:NonResidentCompany>Does this claim involve a non-resident company?</ct:NonResidentCompany>
              <ct:LossesGeneratedAbroad>Does this claim include losses generated abroad?</ct:LossesGeneratedAbroad>
              <!--DESCRIPTION of following node: Authorisation of claim-->
              <ct:ClaimAuthorisation>
                <!--DESCRIPTION of following node: Type of authorisation-->
                <ct:AuthorisationOptions>
                  <ct:SimplifiedArrangementInForce>Is a simplified arrangement in force?</ct:SimplifiedArrangementInForce>
                  <ct:CopyOfNoticesOfConsentAttached>Notice/s of consent attached?</ct:CopyOfNoticesOfConsentAttached>
                </ct:AuthorisationOptions>
                <!--DESCRIPTION of following node: Authorisation of claim to group relief-->
                <ct:Authorisation>
                  <ct:AuthorisationWhereSimplifiedArrangement>Authorisation of claim where a simplified arrangement applies</ct:AuthorisationWhereSimplifiedArrangement>
                  <ct:NameOfAuthorisedPerson>Name of person authorised to sign</ct:NameOfAuthorisedPerson>
                  <ct:CompanyName>Name of authorised company</ct:CompanyName>
                </ct:Authorisation>
              </ct:ClaimAuthorisation>
            </ct:ClaimToGroupRelief>
            <!--DESCRIPTION of following node: Amounts surrendered as group relief-->
            <ct:SurrenderedGroupRelief>
              <ct:TradingLosses Currency="Currency symbol such as GBP or EUR">Trading losses</ct:TradingLosses>
              <ct:ExcessNonTrading Currency="Currency symbol such as GBP or EUR">Excess non-trade capital allowances over income from which they are primarily deductible</ct:ExcessNonTrading>
              <ct:NonTradingDeficit Currency="Currency symbol such as GBP or EUR">Non-trading deficit on loan relationships</ct:NonTradingDeficit>
              <ct:NonTradingLossesOnIntangibleFixedAssets Currency="Currency symbol such as GBP or EUR">Non-trading losses on intangible fixed assets</ct:NonTradingLossesOnIntangibleFixedAssets>
              <ct:ExcessCharges Currency="Currency symbol such as GBP or EUR">Excess charges over profits</ct:ExcessCharges>
              <ct:ExcessLosses Currency="Currency symbol such as GBP or EUR">Excess of schedule A losses over profits</ct:ExcessLosses>
              <ct:ExcessManagementExpenses Currency="Currency symbol such as GBP or EUR">Excess of management expenses over profits</ct:ExcessManagementExpenses>
              <ct:TotalSurrender Currency="Currency symbol such as GBP or EUR">Total surrendered as group relief</ct:TotalSurrender>
              <!--DESCRIPTION of following node: Details of surrender-->
              <ct:SurrenderInformation>
                <!--DESCRIPTION of following node: Details of claimant company surrender-->
                <ct:Company>
                  <ct:Name>Name of claimant company</ct:Name>
                  <!--DESCRIPTION of following node: Accounting period of claimant company-->
                  <ct:AccountingPeriod>
                    <ct:From>Date of the beginning of the period</ct:From>
                    <ct:To>Date of the end of the period</ct:To>
                  </ct:AccountingPeriod>
                  <ct:CompanyReference>Tax reference of claimant company</ct:CompanyReference>
                  <ct:AmountSurrendered Currency="Currency symbol such as GBP or EUR">Amount surrendered</ct:AmountSurrendered>
                </ct:Company>
                <ct:AmountSurrenderedTotal Currency="Currency symbol such as GBP or EUR">Total amount surrendered</ct:AmountSurrenderedTotal>
              </ct:SurrenderInformation>
              <!--DESCRIPTION of following node: Consent to surrender-->
              <ct:ConsentToSurrender>
                <!--DESCRIPTION of following node: Type of consent-->
                <ct:ConsentOptions>
                  <ct:SimplifiedArrangementInForce>Is a simplified arrangement in force?</ct:SimplifiedArrangementInForce>
                  <ct:NoticeOfConsentCompleted>Has CT600C notice of consent been completed?</ct:NoticeOfConsentCompleted>
                  <ct:CopyOfNoticesOfConsentAttached>Notice/s of consent attached?</ct:CopyOfNoticesOfConsentAttached>
                </ct:ConsentOptions>
                <!--DESCRIPTION of following node: Declaration of consent-->
                <ct:Declaration>
                  <ct:CompanyName>Name of company surrendering relief</ct:CompanyName>
                  <!--DESCRIPTION of following node: Tax reference of company surrendering relief-->
                  <ct:TaxReference>
                    <ct:DistrictNumber>This must be the number of the Tax Office responsible for that employer scheme</ct:DistrictNumber>
                    <ct:UTR>UTR</ct:UTR>
                  </ct:TaxReference>
                  <!--DESCRIPTION of following node: Accounting period of company surrendering relief-->
                  <ct:AccountingPeriod>
                    <ct:From>Date of the beginning of the period</ct:From>
                    <ct:To>Date of the end of the period</ct:To>
                  </ct:AccountingPeriod>
                  <ct:AcceptDeclaration>I certify that all the information I have given on these pages is correct and complete to the best of my knowledge and belief.</ct:AcceptDeclaration>
                  <ct:Name>Name of signatory</ct:Name>
                  <ct:Status>Status of the signatory</ct:Status>
                </ct:Declaration>
              </ct:ConsentToSurrender>
            </ct:SurrenderedGroupRelief>
            <!--DESCRIPTION of following node: EUFTclaimed-->
            <ct:EUFTclaimed>
              <!--DESCRIPTION of following node: Company information-->
              <ct:CompanyInformation>
                <!--DESCRIPTION of following node: Company-->
                <ct:Company>
                  <ct:Name>Name of surrendering company</ct:Name>
                  <!--DESCRIPTION of following node: Accounting period of surrendering company-->
                  <ct:AccountingPeriod>
                    <ct:From>Date of the beginning of the period</ct:From>
                    <ct:To>Date of the end of the period</ct:To>
                  </ct:AccountingPeriod>
                  <ct:CompanyReference>Tax reference of surrendering company</ct:CompanyReference>
                  <ct:AmountClaimed Currency="Currency symbol such as GBP or EUR">Amount claimed</ct:AmountClaimed>
                  <ct:EUFTNoticeOfConsent>Is notice of consent to this claim attached?</ct:EUFTNoticeOfConsent>
                </ct:Company>
                <ct:TotalAmountClaimed Currency="Currency symbol such as GBP or EUR">Total of amounts claimed</ct:TotalAmountClaimed>
              </ct:CompanyInformation>
            </ct:EUFTclaimed>
            <!--DESCRIPTION of following node: EUFTsurrendered-->
            <ct:EUFTsurrendered>
              <!--DESCRIPTION of following node: Company information-->
              <ct:CompanyInformation>
                <!--DESCRIPTION of following node: Company-->
                <ct:Company>
                  <ct:Name>Name of company claiming EUFT</ct:Name>
                  <!--DESCRIPTION of following node: Accounting period of claimant company-->
                  <ct:AccountingPeriod>
                    <ct:From>Date of the beginning of the period</ct:From>
                    <ct:To>Date of the end of the period</ct:To>
                  </ct:AccountingPeriod>
                  <ct:CompanyReference>Tax reference of claimant company</ct:CompanyReference>
                  <ct:AmountSurrendered Currency="Currency symbol such as GBP or EUR">Amount surrendered</ct:AmountSurrendered>
                </ct:Company>
                <ct:TotalAmountSurrendered Currency="Currency symbol such as GBP or EUR">Total of amounts surrendered</ct:TotalAmountSurrendered>
              </ct:CompanyInformation>
              <!--DESCRIPTION of following node: Consent to surrender-->
              <ct:ConsentToSurrender>
                <!--DESCRIPTION of following node: Type of consent-->
                <ct:ConsentOptions>
                  <!--the following siblings are subject to a 'choice', please refer to the schema-->
                  <ct:NoticeOfConsentCompleted>Has CT600C notice of consent been completed?</ct:NoticeOfConsentCompleted>
                  <ct:CopyOfNoticesOfConsentAttached>Notice/s of consent attached?</ct:CopyOfNoticesOfConsentAttached>
                  <!--end of 'choice'-->
                </ct:ConsentOptions>
                <!--DESCRIPTION of following node: Declaration of consent-->
                <ct:ConsentDeclaration>
                  <ct:CompanyName>Name of company surrendering EUFT</ct:CompanyName>
                  <!--DESCRIPTION of following node: Tax reference of company surrendering EUFT-->
                  <ct:CompanyReference>
                    <ct:DistrictNumber>This must be the number of the Tax Office responsible for that employer scheme</ct:DistrictNumber>
                    <ct:UTR>UTR</ct:UTR>
                  </ct:CompanyReference>
                  <!--DESCRIPTION of following node: Accounting period of company surrendering EUFT-->
                  <ct:AccountingPeriod>
                    <ct:From>Date of the beginning of the period</ct:From>
                    <ct:To>Date of the end of the period</ct:To>
                  </ct:AccountingPeriod>
                  <ct:AcceptDeclaration>I certify that all the information I have given on these pages is correct and complete to the best of my knowledge and belief.</ct:AcceptDeclaration>
                  <ct:Name>Name of signatory</ct:Name>
                  <ct:Status>Status of the signatory</ct:Status>
                </ct:ConsentDeclaration>
              </ct:ConsentToSurrender>
            </ct:EUFTsurrendered>
          </ct:GroupAndConsortium>
        </ct:GroupAndConsortium>
        <!--DESCRIPTION of following node: Insurance-->
        <ct:Insurance>
          <ct:Declaration>Overseas life assurance business declaration</ct:Declaration>
          <!--DESCRIPTION of following node: In-year repayments-->
          <ct:INYEARREPAYMENTS>
            <!--DESCRIPTION of following node: Repayments under schedule 19AB-->
            <ct:Schedule19AB>
              <ct:RepaymentsMade Currency="Currency symbol such as GBP or EUR">Sch 19AB repayments made</ct:RepaymentsMade>
              <ct:NotionalRepayments Currency="Currency symbol such as GBP or EUR">Sch 19AB notional repayments</ct:NotionalRepayments>
              <ct:TotalRepayments Currency="Currency symbol such as GBP or EUR">Total repayments under Sch 19AB</ct:TotalRepayments>
            </ct:Schedule19AB>
            <!--DESCRIPTION of following node: Gilts-->
            <ct:Gilts>
              <ct:RealGiltsTax Currency="Currency symbol such as GBP or EUR">Pension business notionally repayable real gilts tax</ct:RealGiltsTax>
              <ct:ManufacturedGiltsTax Currency="Currency symbol such as GBP or EUR">Pension business notionally repayable manufactured gilts tax</ct:ManufacturedGiltsTax>
              <ct:TotalRepayableGiltsTax Currency="Currency symbol such as GBP or EUR">Total pension business notionally repayable gilts tax</ct:TotalRepayableGiltsTax>
            </ct:Gilts>
            <!--DESCRIPTION of following node: Pension business-->
            <ct:PensionBusiness>
              <ct:PensionIncomeTaxSuffered Currency="Currency symbol such as GBP or EUR">Pension business share of income tax actually suffered</ct:PensionIncomeTaxSuffered>
              <ct:OtherIncomeTaxSuffered Currency="Currency symbol such as GBP or EUR">Individual savings account business and exempt business income tax actually suffered</ct:OtherIncomeTaxSuffered>
              <ct:TotalPensionTax Currency="Currency symbol such as GBP or EUR">Subtotal</ct:TotalPensionTax>
            </ct:PensionBusiness>
            <ct:TotalIncomeTaxSuffered Currency="Currency symbol such as GBP or EUR">Total income tax suffered</ct:TotalIncomeTaxSuffered>
            <ct:IncomeTaxDeducted Currency="Currency symbol such as GBP or EUR">Income tax deducted from relevant payments</ct:IncomeTaxDeducted>
            <ct:CorporationTax Currency="Currency symbol such as GBP or EUR">Corporation tax before income tax set off</ct:CorporationTax>
            <!--DESCRIPTION of following node: Relevant credits-->
            <ct:RelevantCredits>
              <ct:AppropriatePlusRelevant Currency="Currency symbol such as GBP or EUR">Appropriate amount plus relevant full amount (but not less than 0)</ct:AppropriatePlusRelevant>
              <ct:TaxCredits Currency="Currency symbol such as GBP or EUR">Payable individual savings account business and exempt business tax credits</ct:TaxCredits>
              <ct:TotalFinalPlusCredits Currency="Currency symbol such as GBP or EUR">Relevant final amount plus paragraph 1(7) amount</ct:TotalFinalPlusCredits>
            </ct:RelevantCredits>
            <ct:Liability Currency="Currency symbol such as GBP or EUR">Paragraph 3, Sch 19AB, liability</ct:Liability>
          </ct:INYEARREPAYMENTS>
        </ct:Insurance>
        <!--DESCRIPTION of following node: Charities and Community Amateur Sports Clubs-->
        <ct:Charity>
          <!--DESCRIPTION of following node: Claim exemption-->
          <ct:ClaimExemption>
            <ct:RepaymentReference>Repayment reference</ct:RepaymentReference>
            <ct:RegistrationNumber>Charity registration number</ct:RegistrationNumber>
            <!--DESCRIPTION of following node: Status-->
            <ct:Status>
              <!--DESCRIPTION of following node: All charitable-->
              <ct:AllCharitable>
                <ct:ClaimingExemptionAllOrPart>The company was a Charity and is claiming exemption from all tax on all or part of its income and gains</ct:ClaimingExemptionAllOrPart>
                <ct:AllExempt>All income and gains are exempt from tax and have been, or will be applied for charitable purposes only</ct:AllExempt>
              </ct:AllCharitable>
              <ct:SomeNotOnlyCharitable>Some of the charity's income and gains may not be exempt or have not been applied for charitable purposes only and I have completed the form CT600</ct:SomeNotOnlyCharitable>
            </ct:Status>
          </ct:ClaimExemption>
          <!--DESCRIPTION of following node: Repayments-->
          <ct:Repayments>
            <!--DESCRIPTION of following node: Amount already claimed in period using form R68 or R68(MGA)-->
            <ct:AlreadyClaimed>
              <ct:IncomeTax Currency="Currency symbol such as GBP or EUR">Income tax</ct:IncomeTax>
              <ct:TransitionalRelief Currency="Currency symbol such as GBP or EUR">Transitional relief</ct:TransitionalRelief>
            </ct:AlreadyClaimed>
            <!--DESCRIPTION of following node: Total repayment/payment due-->
            <ct:TotalDue>
              <ct:IncomeTax Currency="Currency symbol such as GBP or EUR">Income tax</ct:IncomeTax>
              <ct:TransitionalRelief Currency="Currency symbol such as GBP or EUR">Transitional relief</ct:TransitionalRelief>
            </ct:TotalDue>
            <!--DESCRIPTION of following node: Further repayment/payment due-->
            <ct:FurtherDue>
              <ct:IncomeTax Currency="Currency symbol such as GBP or EUR">Income tax</ct:IncomeTax>
              <ct:TransitionalRelief Currency="Currency symbol such as GBP or EUR">Transitional relief</ct:TransitionalRelief>
            </ct:FurtherDue>
            <!--DESCRIPTION of following node: Amounts overclaimed in period-->
            <ct:AmountsOverclaimed>
              <ct:IncomeTax Currency="Currency symbol such as GBP or EUR">Income tax</ct:IncomeTax>
              <ct:TransitionalRelief Currency="Currency symbol such as GBP or EUR">Transitional relief</ct:TransitionalRelief>
            </ct:AmountsOverclaimed>
            <ct:E3E3cIncludedAmounts>E3 e3c included amounts</ct:E3E3cIncludedAmounts>
          </ct:Repayments>
          <!--DESCRIPTION of following node: Information required-->
          <ct:InformationRequired>
            <!--DESCRIPTION of following node: Income-->
            <ct:Income>
              <ct:TotalTurnover Currency="Currency symbol such as GBP or EUR">Total turnover from exempt trading activities</ct:TotalTurnover>
              <ct:InvestmentIncome Currency="Currency symbol such as GBP or EUR">Investment Income</ct:InvestmentIncome>
              <ct:UKlandBuildings Currency="Currency symbol such as GBP or EUR">UK land and buildings</ct:UKlandBuildings>
              <ct:DeedOfCovenant Currency="Currency symbol such as GBP or EUR">Deed of Covenant</ct:DeedOfCovenant>
              <ct:GiftAid Currency="Currency symbol such as GBP or EUR">Gift Aid or Millennium Gift Aid</ct:GiftAid>
              <ct:OtherCharities Currency="Currency symbol such as GBP or EUR">Other Charities</ct:OtherCharities>
              <ct:GiftsOfShares Currency="Currency symbol such as GBP or EUR">Gifts of shares</ct:GiftsOfShares>
              <ct:GiftOfRealProperty Currency="Currency symbol such as GBP or EUR">Other Donations</ct:GiftOfRealProperty>
              <ct:OtherSources Currency="Currency symbol such as GBP or EUR">Other sources (for example, commissions, fees, small fund-raising)</ct:OtherSources>
            </ct:Income>
            <!--DESCRIPTION of following node: Expenditure-->
            <ct:Expenditure>
              <ct:TradingCosts Currency="Currency symbol such as GBP or EUR">Trading Costs</ct:TradingCosts>
              <ct:UKlandBuildings Currency="Currency symbol such as GBP or EUR">UK land and buildings</ct:UKlandBuildings>
              <ct:GeneralAdminCosts Currency="Currency symbol such as GBP or EUR">All general administration costs</ct:GeneralAdminCosts>
              <ct:GrantsDonationsWithinUK Currency="Currency symbol such as GBP or EUR">All grants and donations made within the UK</ct:GrantsDonationsWithinUK>
              <ct:GrantsDonationsOutsideUK Currency="Currency symbol such as GBP or EUR">All grants and donations made outside the UK</ct:GrantsDonationsOutsideUK>
              <ct:OtherExpenditure Currency="Currency symbol such as GBP or EUR">Other expenditure not included above</ct:OtherExpenditure>
            </ct:Expenditure>
            <!--DESCRIPTION of following node: Assets-->
            <ct:Assets>
              <!--DESCRIPTION of following node: Tangible fixed assets-->
              <ct:TangibleFixed>
                <ct:Disposals Currency="Currency symbol such as GBP or EUR">Disposals in period (total consideration received)</ct:Disposals>
                <ct:Held Currency="Currency symbol such as GBP or EUR">Held at the end of the period</ct:Held>
              </ct:TangibleFixed>
              <!--DESCRIPTION of following node: UK investments (excluding controlled companies)-->
              <ct:UKinvestments>
                <ct:Disposals Currency="Currency symbol such as GBP or EUR">Disposals in period (total consideration received)</ct:Disposals>
                <ct:Held Currency="Currency symbol such as GBP or EUR">Held at the end of the period</ct:Held>
              </ct:UKinvestments>
              <!--DESCRIPTION of following node: Shares in and loans to, controlled companies-->
              <ct:SharesAndLoans>
                <ct:Disposals Currency="Currency symbol such as GBP or EUR">Disposals in period (total consideration received)</ct:Disposals>
                <ct:Held Currency="Currency symbol such as GBP or EUR">Held at the end of the period</ct:Held>
              </ct:SharesAndLoans>
              <!--DESCRIPTION of following node: Overseas investments-->
              <ct:OverseasInvestments>
                <ct:Disposals Currency="Currency symbol such as GBP or EUR">Disposals in period (total consideration received)</ct:Disposals>
                <ct:Held Currency="Currency symbol such as GBP or EUR">Held at the end of the period</ct:Held>
              </ct:OverseasInvestments>
              <!--DESCRIPTION of following node: Loans and non trade debtors-->
              <ct:LoansAndNonTradeDebtors>
                <ct:Held Currency="Currency symbol such as GBP or EUR">Held at the end of the period</ct:Held>
              </ct:LoansAndNonTradeDebtors>
              <!--DESCRIPTION of following node: Other current assets-->
              <ct:OtherCurrent>
                <ct:Held Currency="Currency symbol such as GBP or EUR">Held at the end of the period</ct:Held>
              </ct:OtherCurrent>
              <!--DESCRIPTION of following node: Investments or loans-->
              <ct:InvestmentsOrLoans>
                <ct:Qualifying>Are all investments and loans made by the charity in the accounting period qualifying within Part I or Part II of Sch 20 ICTA 1988</ct:Qualifying>
                <ct:ValueOfNonQualifying Currency="Currency symbol such as GBP or EUR">Value of any non-qualifying investments and loans</ct:ValueOfNonQualifying>
              </ct:InvestmentsOrLoans>
              <ct:SubsidiaryOrAssociatedCompanies>Subsidiary or associated companies</ct:SubsidiaryOrAssociatedCompanies>
            </ct:Assets>
          </ct:InformationRequired>
        </ct:Charity>
        <!--DESCRIPTION of following node: Tonnage tax-->
        <ct:TonnageTax>
          <!--DESCRIPTION of following node: Tonnage tax-->
          <ct:TonnageTax>
            <!--DESCRIPTION of following node: Information-->
            <ct:Information>
              <!--DESCRIPTION of following node: Tonnage group-->
              <ct:TonnageGroup>
                <ct:GroupElection>The company was party to a tonnage tax group election</ct:GroupElection>
                <ct:Name>Name of tonnage tax group of which the company was a member</ct:Name>
                <!--DESCRIPTION of following node: Representative company-->
                <ct:RepresentativeCompany>
                  <!--DESCRIPTION of following node: Tonnage tax group arrangement-->
                  <ct:TonnageTaxGroupArrangement>
                    <ct:Name>Name of representative company where there was a tonnage tax group arrangement</ct:Name>
                    <ct:CompanyReference>Company reference</ct:CompanyReference>
                  </ct:TonnageTaxGroupArrangement>
                  <ct:NotApplicable>No representative company</ct:NotApplicable>
                </ct:RepresentativeCompany>
              </ct:TonnageGroup>
              <ct:TrainingCertificate>The company was covered by a training certificate under paragraph 26 Sch 22 FA 2000</ct:TrainingCertificate>
              <ct:CompanyMetCharteredInLimit>The company met the 75% limit on chartered-in tonnage</ct:CompanyMetCharteredInLimit>
              <ct:GroupMetCharteredInLimit>The group met the 75% limit on chartered-in tonnage</ct:GroupMetCharteredInLimit>
              <ct:OffshoreActivities>The company is subject to the special rules for offshore activities</ct:OffshoreActivities>
            </ct:Information>
            <!--DESCRIPTION of following node: Offshore training allowance-->
            <ct:OffshoreTrainingAllowance>
              <ct:OffsetAgainstCorpTax Currency="Currency symbol such as GBP or EUR">The amount of training allowance to be offset against the corporation tax liability under Paragraph 114(3) of Sch 22 FA 2000</ct:OffsetAgainstCorpTax>
              <ct:CarriedForward Currency="Currency symbol such as GBP or EUR">The amount of training allowance to be carried forward under paragraph 114(4) of Sch 22 FA 2000</ct:CarriedForward>
            </ct:OffshoreTrainingAllowance>
            <!--DESCRIPTION of following node: Qualifying ships-->
            <ct:QualifyingShips>
              <!--DESCRIPTION of following node: Ship-->
              <ct:Ship>
                <ct:Name>Name</ct:Name>
                <ct:IMOnumber>International Maritime Organisation number</ct:IMOnumber>
                <ct:InterestInShip>Interest in ship</ct:InterestInShip>
                <ct:NetTonnage>Net tonnage</ct:NetTonnage>
                <ct:NumberDays>Number of days operated</ct:NumberDays>
                <ct:Profits Currency="Currency symbol such as GBP or EUR">Tonnage tax profits</ct:Profits>
              </ct:Ship>
              <ct:Total Currency="Currency symbol such as GBP or EUR">Total tonnage tax profits</ct:Total>
            </ct:QualifyingShips>
            <!--DESCRIPTION of following node: Relevant shipping profits-->
            <ct:RelevantShippingProfits>
              <!--DESCRIPTION of following node: The profit or loss as shown in the companys accounts, other than non-tonnage tax profit or loss included elsewhere on the form CT600, and amounts included below-->
              <ct:Other>
                <!--the following siblings are subject to a 'choice', please refer to the schema-->
                <ct:Profit Currency="Currency symbol such as GBP or EUR">Profit</ct:Profit>
                <ct:Loss Currency="Currency symbol such as GBP or EUR">Loss</ct:Loss>
                <!--end of 'choice'-->
              </ct:Other>
              <!--DESCRIPTION of following node: The profit or loss shown in the companys accounts in repsect of the disposal of tonnage tax assets, whcih would otherwise be computed under the capital gains tax rules-->
              <ct:DisposalOfAssets>
                <!--the following siblings are subject to a 'choice', please refer to the schema-->
                <ct:Profit Currency="Currency symbol such as GBP or EUR">Profit</ct:Profit>
                <ct:Loss Currency="Currency symbol such as GBP or EUR">Loss</ct:Loss>
                <!--end of 'choice'-->
              </ct:DisposalOfAssets>
              <ct:GrossDividends Currency="Currency symbol such as GBP or EUR">The gross dividends qualifying as relevant shipping income under paragraph 49 of Sch 22 FA 2000, instead of under Sch D case V.</ct:GrossDividends>
            </ct:RelevantShippingProfits>
          </ct:TonnageTax>
        </ct:TonnageTax>
        <!--DESCRIPTION of following node: Corporate Venturing Scheme-->
        <ct:CorporateVenturingScheme>
          <!--DESCRIPTION of following node: Corporate venturing scheme-->
          <ct:CorporateVenturingScheme>
            <!--DESCRIPTION of following node: Investment relief-->
            <ct:InvestmentRelief>
              <!--DESCRIPTION of following node: Share details-->
              <ct:ShareDetails>
                <ct:CompanyName>Name of qualifying issuing company</ct:CompanyName>
                <ct:NumberShares>Number of shares subscribed for</ct:NumberShares>
                <ct:NominalShareValue Currency="Currency symbol such as GBP or EUR">Nominal value of shares subscribed for</ct:NominalShareValue>
                <ct:DateOfIssue>Date of issue (given on form CVS 3)</ct:DateOfIssue>
                <ct:AmountSubscribed Currency="Currency symbol such as GBP or EUR">Amount subscribed for the shares</ct:AmountSubscribed>
                <ct:InvestmentReliefClaimed Currency="Currency symbol such as GBP or EUR">Amount of investment relief claimed net of any reduction for value recieved</ct:InvestmentReliefClaimed>
                <ct:CorporateVenturingUnitReference>Small Company Enterprise Centre reference</ct:CorporateVenturingUnitReference>
              </ct:ShareDetails>
              <ct:TotalInvestmentReliefClaimed Currency="Currency symbol such as GBP or EUR">Total investment relief claimed</ct:TotalInvestmentReliefClaimed>
            </ct:InvestmentRelief>
            <!--DESCRIPTION of following node: Losses on disposals-->
            <ct:LossesOnDisposals>
              <ct:CompanyName>Name of qualifying issuing company</ct:CompanyName>
              <ct:DescriptionOfShares>Description of shares disposed of</ct:DescriptionOfShares>
              <ct:NumberDisposed>Number of shares disposed of</ct:NumberDisposed>
              <ct:DateOfIssue>Date of issue of shares</ct:DateOfIssue>
              <ct:DateOfDisposal>Date of disposal of shares</ct:DateOfDisposal>
              <ct:FromDate>Accounting period of claim from date</ct:FromDate>
              <ct:ToDate>Accounting period of claim to date</ct:ToDate>
              <ct:AmountLossRelief Currency="Currency symbol such as GBP or EUR">Amount of loss relief claimed for the period</ct:AmountLossRelief>
            </ct:LossesOnDisposals>
            <!--DESCRIPTION of following node: Deferral relief-->
            <ct:DeferralRelief>
              <ct:CompanyName>Name of qualifying issuing company whose shares have been disposed of, or in relation to which another chargeable event has occurred</ct:CompanyName>
              <ct:OriginalCompany>Where the gain was previously postponed under the CVS, enter name of qualifying issuing company on which original gain arose</ct:OriginalCompany>
              <ct:DateDisposal>Date of disposal or of other chargeable event</ct:DateDisposal>
              <ct:AmountChargeableGain Currency="Currency symbol such as GBP or EUR">Amount of chargeable gain (or or part of chargeable gain) matched against unused qualifying expenditure on new qualifying shares</ct:AmountChargeableGain>
              <ct:NewCompany>Name of qualifying issuing company that issued the new qualifying shares</ct:NewCompany>
              <ct:NewDateIssue>Date of issue of new qualifying shares</ct:NewDateIssue>
            </ct:DeferralRelief>
          </ct:CorporateVenturingScheme>
        </ct:CorporateVenturingScheme>
        <!--DESCRIPTION of following node: Cross-border royalties-->
        <ct:CrossBorderRoyalties>
          <!--DESCRIPTION of following node: Royalties-->
          <ct:Royalties>
            <ct:RecipientName>Name of recipient of the royalty</ct:RecipientName>
            <!--DESCRIPTION of following node: Full address of the recipient of the royalty-->
            <ct:AddressOfRecipient>
              <ct:Line>A common type for lines in an address</ct:Line>
              <ct:AdditionalLine>A common type for lines in an address</ct:AdditionalLine>
              <ct:PostCode>PostCode</ct:PostCode>
            </ct:AddressOfRecipient>
            <ct:PaymentType>Type of royalty payment made</ct:PaymentType>
            <ct:Amount Currency="Currency symbol such as GBP or EUR">Gross amount of royalty paid</ct:Amount>
            <!--DESCRIPTION of following node: Agreement under which relief claimed-->
            <ct:RoyaltiesAgreement>
              <!--the following siblings are subject to a 'choice', please refer to the schema-->
              <ct:InterestAndRoyalties>Interest and Royalties Directive</ct:InterestAndRoyalties>
              <ct:DoubleTaxationAgreement>Country with double taxation agreement with the UK</ct:DoubleTaxationAgreement>
              <!--end of 'choice'-->
            </ct:RoyaltiesAgreement>
            <ct:DeductionRate>Rate of tax deducted from payment</ct:DeductionRate>
            <ct:DeductionAmount Currency="Currency symbol such as GBP or EUR">Amount of tax deducted from payment</ct:DeductionAmount>
            <ct:AdditionalNotes>Additional notes</ct:AdditionalNotes>
          </ct:Royalties>
        </ct:CrossBorderRoyalties>
        <!--DESCRIPTION of following node: Supplementary charge in respect of ring fence trade-->
        <ct:RingFenceTrade>
          <!--DESCRIPTION of following node: Trade-->
          <ct:Trade>
            <!--the following siblings are subject to a 'choice', please refer to the schema-->
            <ct:Profits>Ring fence profits</ct:Profits>
            <ct:Losses>Ring fence losses</ct:Losses>
            <!--end of 'choice'-->
            <ct:Amount Currency="Currency symbol such as GBP or EUR">Amount of ring fence profit or loss</ct:Amount>
          </ct:Trade>
          <!--DESCRIPTION of following node: Disallowed financing costs-->
          <ct:DisallowedFinancingCosts>
            <ct:RelatedToCompany Currency="Currency symbol such as GBP or EUR">Disallowed financing costs relating to the company itself</ct:RelatedToCompany>
            <ct:RelatedToLossRelief Currency="Currency symbol such as GBP or EUR">Disallowed financing costs relating to loss relief surrendered to the company</ct:RelatedToLossRelief>
            <ct:Total Currency="Currency symbol such as GBP or EUR">Total disallowed financing costs</ct:Total>
          </ct:DisallowedFinancingCosts>
          <ct:Profits Currency="Currency symbol such as GBP or EUR">Profits as calculated under S501A (2) ICTA 1988</ct:Profits>
          <ct:MinusLosses Currency="Currency symbol such as GBP or EUR">Losses brought forward or from a later accounting period</ct:MinusLosses>
          <ct:FieldAllowance Currency="Currency symbol such as GBP or EUR">The amount of the field allowance</ct:FieldAllowance>
          <ct:NetProfits Currency="Currency symbol such as GBP or EUR">Net profits subject to ring fence charge under S501A ICTA 1988</ct:NetProfits>
          <ct:Tax Currency="Currency symbol such as GBP or EUR">Tax at supplementary charge rate</ct:Tax>
          <ct:LossesArising Currency="Currency symbol such as GBP or EUR">Losses arising in period calculated under S501A ICTA 1988</ct:LossesArising>
          <ct:RingFenceCorpTaxIncluded Currency="Currency symbol such as GBP or EUR">Ring fence corporation tax net of deductions in terms of tax</ct:RingFenceCorpTaxIncluded>
          <ct:TaxUnderS501AICTA1988 Currency="Currency symbol such as GBP or EUR">Tax under S501A ICTA 1988 net of deductions in terms of tax</ct:TaxUnderS501AICTA1988>
        </ct:RingFenceTrade>
        <!--DESCRIPTION of following node: Disclosure of tax avoidance schemes-->
        <ct:TaxAvoidanceSchemes>
          <!--DESCRIPTION of following node: Avoidance schemes-->
          <ct:AvoidanceSchemes>
            <ct:ReferenceNumber>Reference number</ct:ReferenceNumber>
            <ct:AccountingPeriod>Accounting period</ct:AccountingPeriod>
          </ct:AvoidanceSchemes>
        </ct:TaxAvoidanceSchemes>
        <ct:WelshReturn>To indicate that the form was completed in Welsh</ct:WelshReturn>
        <ct:JointAccounts>To indicate joint filing of accounts with Companies House</ct:JointAccounts>
        <!--DESCRIPTION of following node: Files submitted with the CT600 return, e.g. Accounts, Covering Letter-->
        <ct:AttachedFiles>
          <!--the following siblings are subject to a 'choice', please refer to the schema-->
          <!--DESCRIPTION of following node: Files submitted with the CT600 return in XBRL format.-->
          <ct:XBRLsubmission>
            <!--the following siblings are subject to a 'choice', please refer to the schema-->
            <!--DESCRIPTION of following node: Submission of Computation-->
            <ct:Computation>
              <!--DESCRIPTION of following node: Container element for the XBRL instance document-->
              <ct:Instance BaseTaxonomyVersionDate="Taxonomy version date of the base taxonomy" Filename="Filename of the instance. Use of this attribute is deprecated.">
                <!--the following siblings are subject to a 'choice', please refer to the schema-->
                <ct:EncodedInlineXBRLDocument Filename="Filename of the encoded iXBRL document" entryPoint="Is this document the entry point for the instance?">[ENCODEDINLINEXBRLDOCUMENT-CONTENT]</ct:EncodedInlineXBRLDocument>
                <!--DESCRIPTION of following node: Raw xBRLDocument-->
                <ct:RawXBRLDocument Filename="Filename of the raw XBRL document"/>
                <!--DESCRIPTION of following node: Inline xBRLDocument-->
                <ct:InlineXBRLDocument Filename="Filename of the inline XBRL document" entryPoint="Is this document the entry point for the instance?"/>
                <!--end of 'choice'-->
              </ct:Instance>
              <!--DESCRIPTION of following node: Extension taxonomy details-->
              <ct:Extension>
                <!--DESCRIPTION of following node: Container element for an extension Taxonomy document-->
                <ct:Taxonomy Filename="Filename of the Taxonomy document"/>
                <!--DESCRIPTION of following node: Container element for extension linkbases-->
                <ct:Linkbase Filename="Filename of the linkbase" Type="The type of linkbase attached"/>
              </ct:Extension>
            </ct:Computation>
            <!--DESCRIPTION of following node: Submission of Accounts-->
            <ct:Accounts>
              <!--DESCRIPTION of following node: Container element for the XBRL instance document-->
              <ct:Instance BaseTaxonomyVersionDate="Taxonomy version date of the base taxonomy" Filename="Filename of the instance. Use of this attribute is deprecated.">
                <!--the following siblings are subject to a 'choice', please refer to the schema-->
                <ct:EncodedInlineXBRLDocument Filename="Filename of the encoded iXBRL document" entryPoint="Is this document the entry point for the instance?">[ENCODEDINLINEXBRLDOCUMENT-CONTENT]</ct:EncodedInlineXBRLDocument>
                <!--DESCRIPTION of following node: Raw xBRLDocument-->
                <ct:RawXBRLDocument Filename="Filename of the raw XBRL document"/>
                <!--DESCRIPTION of following node: Inline xBRLDocument-->
                <ct:InlineXBRLDocument Filename="Filename of the inline XBRL document" entryPoint="Is this document the entry point for the instance?"/>
                <!--end of 'choice'-->
              </ct:Instance>
              <!--DESCRIPTION of following node: Extension taxonomy details-->
              <ct:Extension>
                <!--DESCRIPTION of following node: Container element for an extension Taxonomy document-->
                <ct:Taxonomy Filename="Filename of the Taxonomy document"/>
                <!--DESCRIPTION of following node: Container element for extension linkbases-->
                <ct:Linkbase Filename="Filename of the linkbase" Type="The type of linkbase attached"/>
              </ct:Extension>
            </ct:Accounts>
            <!--end of 'choice'-->
          </ct:XBRLsubmission>
          <ct:Attachment Description="Description of the attached file" Filename="Filename" Format="Format of the file attached" Size="Size of attached file in bytes" Type="Type of attachment">Attached File, base 64 encoded</ct:Attachment>
          <!--end of 'choice'-->
        </ct:AttachedFiles>
      </ct:CompanyTaxReturn>
    </ct:IRenvelope>
  </hd:Body>
</hd:GovTalkMessage>
