<?xml version="1.0" encoding="UTF-8" standalone="yes"?>
<linkbase xmlns:xsi="http://www.w3.org/2001/XMLSchema-instance" xmlns="http://www.xbrl.org/2003/linkbase" xmlns:xlink="http://www.w3.org/1999/xlink" xsi:schemaLocation="http://www.xbrl.org/2003/linkbase http://www.xbrl.org/2003/xbrl-linkbase-2003-12-31.xsd">
  <labelLink xlink:type="extended" xlink:role="http://www.xbrl.org/2003/role/link">
    <loc xlink:type="locator" xlink:href="dpl-gaap-2013-02-01.xsd#dpl-gaap_CurrentTaxArisingOnGainsLossesInPensionSchemes" xlink:label="dpl-gaap_CurrentTaxArisingOnGainsLossesInPensionSchemes"/>
    <label xlink:type="resource" xlink:label="dpl-gaap_CurrentTaxArisingOnGainsLossesInPensionSchemes_lbl" xlink:role="http://www.xbrl.org/2003/role/label" xml:lang="en">Current tax arising on gains (losses) in pension schemes</label>
    <labelArc xlink:type="arc" xlink:arcrole="http://www.xbrl.org/2003/arcrole/concept-label" xlink:from="dpl-gaap_CurrentTaxArisingOnGainsLossesInPensionSchemes" xlink:to="dpl-gaap_CurrentTaxArisingOnGainsLossesInPensionSchemes_lbl"/>
    <loc xlink:type="locator" xlink:href="dpl-gaap-2013-02-01.xsd#dpl-gaap_DetailedProfitLossAccountReserveHypercube" xlink:label="dpl-gaap_DetailedProfitLossAccountReserveHypercube"/>
    <label xlink:type="resource" xlink:label="dpl-gaap_DetailedProfitLossAccountReserveHypercube_lbl" xlink:role="http://www.xbrl.org/2003/role/label" xml:lang="en">Detailed profit and loss account reserve [Hypercube]</label>
    <labelArc xlink:type="arc" xlink:arcrole="http://www.xbrl.org/2003/arcrole/concept-label" xlink:from="dpl-gaap_DetailedProfitLossAccountReserveHypercube" xlink:to="dpl-gaap_DetailedProfitLossAccountReserveHypercube_lbl"/>
    <loc xlink:type="locator" xlink:href="dpl-gaap-2013-02-01.xsd#dpl-gaap_GainLossFromImpactChangesInTaxRateOnDeferredTaxProfitLossAccount" xlink:label="dpl-gaap_GainLossFromImpactChangesInTaxRateOnDeferredTaxProfitLossAccount"/>
    <label xlink:type="resource" xlink:label="dpl-gaap_GainLossFromImpactChangesInTaxRateOnDeferredTaxProfitLossAccount_lbl" xlink:role="http://www.xbrl.org/2003/role/label" xml:lang="en">Gain (loss) from impact of changes in tax rate on deferred tax, profit and loss account</label>
    <labelArc xlink:type="arc" xlink:arcrole="http://www.xbrl.org/2003/arcrole/concept-label" xlink:from="dpl-gaap_GainLossFromImpactChangesInTaxRateOnDeferredTaxProfitLossAccount" xlink:to="dpl-gaap_GainLossFromImpactChangesInTaxRateOnDeferredTaxProfitLossAccount_lbl"/>
    <loc xlink:type="locator" xlink:href="dpl-gaap-2013-02-01.xsd#dpl-gaap_GainOnReleaseNegativeGoodwill" xlink:label="dpl-gaap_GainOnReleaseNegativeGoodwill"/>
    <label xlink:type="resource" xlink:label="dpl-gaap_GainOnReleaseNegativeGoodwill_lbl" xlink:role="http://www.xbrl.org/2003/role/label" xml:lang="en">Gain on release of negative goodwill</label>
    <labelArc xlink:type="arc" xlink:arcrole="http://www.xbrl.org/2003/arcrole/concept-label" xlink:from="dpl-gaap_GainOnReleaseNegativeGoodwill" xlink:to="dpl-gaap_GainOnReleaseNegativeGoodwill_lbl"/>
    <loc xlink:type="locator" xlink:href="dpl-gaap-2013-02-01.xsd#dpl-gaap_IncreaseDecreaseInFinishedGoodsGoodsForResale" xlink:label="dpl-gaap_IncreaseDecreaseInFinishedGoodsGoodsForResale"/>
    <label xlink:type="resource" xlink:label="dpl-gaap_IncreaseDecreaseInFinishedGoodsGoodsForResale_lbl" xlink:role="http://www.xbrl.org/2003/role/label" xml:lang="en">Increase (decrease) in finished goods and goods for resale</label>
    <labelArc xlink:type="arc" xlink:arcrole="http://www.xbrl.org/2003/arcrole/concept-label" xlink:from="dpl-gaap_IncreaseDecreaseInFinishedGoodsGoodsForResale" xlink:to="dpl-gaap_IncreaseDecreaseInFinishedGoodsGoodsForResale_lbl"/>
    <loc xlink:type="locator" xlink:href="dpl-gaap-2013-02-01.xsd#dpl-gaap_IncreaseDecreaseInStocksPaymentsOnAccount" xlink:label="dpl-gaap_IncreaseDecreaseInStocksPaymentsOnAccount"/>
    <label xlink:type="resource" xlink:label="dpl-gaap_IncreaseDecreaseInStocksPaymentsOnAccount_lbl" xlink:role="http://www.xbrl.org/2003/role/label" xml:lang="en">Increase (decrease) in stocks, payments on account</label>
    <labelArc xlink:type="arc" xlink:arcrole="http://www.xbrl.org/2003/arcrole/concept-label" xlink:from="dpl-gaap_IncreaseDecreaseInStocksPaymentsOnAccount" xlink:to="dpl-gaap_IncreaseDecreaseInStocksPaymentsOnAccount_lbl"/>
    <loc xlink:type="locator" xlink:href="dpl-gaap-2013-02-01.xsd#dpl-gaap_IncreaseDecreaseInStocksRawMaterialsConsumables" xlink:label="dpl-gaap_IncreaseDecreaseInStocksRawMaterialsConsumables"/>
    <label xlink:type="resource" xlink:label="dpl-gaap_IncreaseDecreaseInStocksRawMaterialsConsumables_lbl" xlink:role="http://www.xbrl.org/2003/role/label" xml:lang="en">Increase (decrease) in stocks of raw materials and consumables</label>
    <labelArc xlink:type="arc" xlink:arcrole="http://www.xbrl.org/2003/arcrole/concept-label" xlink:from="dpl-gaap_IncreaseDecreaseInStocksRawMaterialsConsumables" xlink:to="dpl-gaap_IncreaseDecreaseInStocksRawMaterialsConsumables_lbl"/>
    <loc xlink:type="locator" xlink:href="dpl-gaap-2013-02-01.xsd#dpl-gaap_IncreaseDecreaseInWorkInProgress" xlink:label="dpl-gaap_IncreaseDecreaseInWorkInProgress"/>
    <label xlink:type="resource" xlink:label="dpl-gaap_IncreaseDecreaseInWorkInProgress_lbl" xlink:role="http://www.xbrl.org/2003/role/label" xml:lang="en">Increase (decrease) in work in progress</label>
    <labelArc xlink:type="arc" xlink:arcrole="http://www.xbrl.org/2003/arcrole/concept-label" xlink:from="dpl-gaap_IncreaseDecreaseInWorkInProgress" xlink:to="dpl-gaap_IncreaseDecreaseInWorkInProgress_lbl"/>
    <loc xlink:type="locator" xlink:href="dpl-gaap-2013-02-01.xsd#dpl-gaap_ItemsInheritingDetailedProfitLossAccountReserveDimensions" xlink:label="dpl-gaap_ItemsInheritingDetailedProfitLossAccountReserveDimensions"/>
    <label xlink:type="resource" xlink:label="dpl-gaap_ItemsInheritingDetailedProfitLossAccountReserveDimensions_lbl" xlink:role="http://www.xbrl.org/2003/role/label" xml:lang="en">Items inheriting Detailed Profit and Loss Account Reserve dimensions</label>
    <labelArc xlink:type="arc" xlink:arcrole="http://www.xbrl.org/2003/arcrole/concept-label" xlink:from="dpl-gaap_ItemsInheritingDetailedProfitLossAccountReserveDimensions" xlink:to="dpl-gaap_ItemsInheritingDetailedProfitLossAccountReserveDimensions_lbl"/>
    <loc xlink:type="locator" xlink:href="dpl-gaap-2013-02-01.xsd#dpl-gaap_OtherIncreaseDecreaseProfitLossAccount" xlink:label="dpl-gaap_OtherIncreaseDecreaseProfitLossAccount"/>
    <label xlink:type="resource" xlink:label="dpl-gaap_OtherIncreaseDecreaseProfitLossAccount_lbl" xlink:role="http://www.xbrl.org/2003/role/label" xml:lang="en">Other increase (decrease), profit and loss account</label>
    <labelArc xlink:type="arc" xlink:arcrole="http://www.xbrl.org/2003/arcrole/concept-label" xlink:from="dpl-gaap_OtherIncreaseDecreaseProfitLossAccount" xlink:to="dpl-gaap_OtherIncreaseDecreaseProfitLossAccount_lbl"/>
    <loc xlink:type="locator" xlink:href="dpl-gaap-2013-02-01.xsd#dpl-gaap_ProfitLossAccountReserve-DetailedPLMovementAnalysisHeading" xlink:label="dpl-gaap_ProfitLossAccountReserve-DetailedPLMovementAnalysisHeading"/>
    <label xlink:type="resource" xlink:label="dpl-gaap_ProfitLossAccountReserve-DetailedPLMovementAnalysisHeading_lbl" xlink:role="http://www.xbrl.org/2003/role/label" xml:lang="en">Profit and loss account reserve - Detailed P&amp;L movement analysis [heading]</label>
    <labelArc xlink:type="arc" xlink:arcrole="http://www.xbrl.org/2003/arcrole/concept-label" xlink:from="dpl-gaap_ProfitLossAccountReserve-DetailedPLMovementAnalysisHeading" xlink:to="dpl-gaap_ProfitLossAccountReserve-DetailedPLMovementAnalysisHeading_lbl"/>
    <loc xlink:type="locator" xlink:href="dpl-gaap-2013-02-01.xsd#dpl-gaap_ProfitLossFormat2Sub-totalsNotIncludedElsewhereHeading" xlink:label="dpl-gaap_ProfitLossFormat2Sub-totalsNotIncludedElsewhereHeading"/>
    <label xlink:type="resource" xlink:label="dpl-gaap_ProfitLossFormat2Sub-totalsNotIncludedElsewhereHeading_lbl" xlink:role="http://www.xbrl.org/2003/role/label" xml:lang="en">Profit and loss format 2 sub-totals not included elsewhere [heading]</label>
    <labelArc xlink:type="arc" xlink:arcrole="http://www.xbrl.org/2003/arcrole/concept-label" xlink:from="dpl-gaap_ProfitLossFormat2Sub-totalsNotIncludedElsewhereHeading" xlink:to="dpl-gaap_ProfitLossFormat2Sub-totalsNotIncludedElsewhereHeading_lbl"/>
  </labelLink>
</linkbase>
