<xml xmlns:o="urn:schemas-microsoft-com:office:office">
 <o:MainFile
  HRef="../XBRL-RECOMMENDATION-2003-12-31+Corrected-Errata-2008-07-02.htm"/>
 <o:File HRef="image017.emz"/>
 <o:File HRef="image002.gif"/>
 <o:File HRef="image003.png"/>
 <o:File HRef="image004.jpg"/>
 <o:File HRef="oledata.mso"/>
 <o:File HRef="image005.png"/>
 <o:File HRef="image006.jpg"/>
 <o:File HRef="image018.emz"/>
 <o:File HRef="image008.gif"/>
 <o:File HRef="image019.emz"/>
 <o:File HRef="image010.gif"/>
 <o:File HRef="image020.emz"/>
 <o:File HRef="image012.gif"/>
 <o:File HRef="image021.emz"/>
 <o:File HRef="image014.gif"/>
 <o:File HRef="image022.emz"/>
 <o:File HRef="image016.gif"/>
 <o:File HRef="header.htm"/>
 <o:File HRef="filelist.xml"/>
</xml>