<?xml version='1.0' encoding='UTF-8'?>
<taxonomyPackage xml:lang="en-US" xmlns="http://www.corefiling.com/xbrl/taxonomypackage/v1"><name>CT2013 Taxonomy</name><version>2012-10-02 v1.0</version><remappings><remapping prefix="http://www.hmrc.gov.uk/schemas/ct/" replaceWith="./" /></remappings><entryPoints><entryPoint><name>CT Computations Taxonomy</name><entryPointDocument href="http://www.hmrc.gov.uk/schemas/ct/comp/2012-10-01/ct-2012-10-01.xsd" /></entryPoint><entryPoint><name>DPL Taxonomy (GAAP)</name><entryPointDocument href="http://www.hmrc.gov.uk/schemas/ct/dpl/2012-10-01/dpl-gaap-main-2012-10-01.xsd" /></entryPoint><entryPoint><name>DPL Taxonomy (IFRS)</name><entryPointDocument href="http://www.hmrc.gov.uk/schemas/ct/dpl/2012-10-01/dpl-ifrs-main-2012-10-01.xsd" /></entryPoint><entryPoint><name>UK Charities with DPL Taxonomy</name><entryPointDocument href="http://www.hmrc.gov.uk/schemas/ct/combined/2012-10-01/char-dpl-2012-10-01.xsd" /></entryPoint><entryPoint><name>Full UK GAAP with DPL Taxonomy</name><entryPointDocument href="http://www.hmrc.gov.uk/schemas/ct/combined/2012-10-01/full-gaap-dpl-2012-10-01.xsd" /></entryPoint><entryPoint><name>Full UK IFRS with DPL Taxonomy</name><entryPointDocument href="http://www.hmrc.gov.uk/schemas/ct/combined/2012-10-01/full-ifrs-dpl-2012-10-01.xsd" /></entryPoint><entryPoint><name>Minimum UK GAAP with DPL Taxonomy</name><entryPointDocument href="http://www.hmrc.gov.uk/schemas/ct/combined/2012-10-01/min-gaap-dpl-2012-10-01.xsd" /></entryPoint><entryPoint><name>Comp + DPL Taxonomy (GAAP)</name><entryPointDocument href="http://www.hmrc.gov.uk/schemas/ct/combined/2012-10-01/ct-comp-dpl-gaap-main-2012-10-01.xsd" /></entryPoint><entryPoint><name>Comp + DPL Taxonomy (IFRS)</name><entryPointDocument href="http://www.hmrc.gov.uk/schemas/ct/combined/2012-10-01/ct-comp-dpl-ifrs-main-2012-10-01.xsd" /></entryPoint><entryPoint><name>Comp + UK Charities with DPL Taxonomy</name><entryPointDocument href="http://www.hmrc.gov.uk/schemas/ct/combined/2012-10-01/ct-comp-char-dpl-2012-10-01.xsd" /></entryPoint><entryPoint><name>Comp + Full UK GAAP with DPL Taxonomy</name><entryPointDocument href="http://www.hmrc.gov.uk/schemas/ct/combined/2012-10-01/ct-comp-full-gaap-dpl-2012-10-01.xsd" /></entryPoint><entryPoint><name>Comp + Full UK IFRS with DPL Taxonomy</name><entryPointDocument href="http://www.hmrc.gov.uk/schemas/ct/combined/2012-10-01/ct-comp-full-ifrs-dpl-2012-10-01.xsd" /></entryPoint><entryPoint><name>Comp + Minimum UK GAAP with DPL Taxonomy</name><entryPointDocument href="http://www.hmrc.gov.uk/schemas/ct/combined/2012-10-01/ct-comp-min-gaap-dpl-2012-10-01.xsd" /></entryPoint></entryPoints></taxonomyPackage>