<?xml version="1.0" encoding="UTF-8"?>

<!--
            Taxonomy: 2009-04-01 (Final)
            ********************** 
            Copyright © 2009 International Accounting Standards Committee (IASC) Foundation 
            This material is copyright of the IASC Foundation and all rights are reserved. 
            No part of this material may be translated, reprinted, reproduced or utilised in 
            any form or manner that is not expressly permitted by the IASC Foundations XBRL 
            IP Policy see: http://www.iasb.org/xbrl/ 
            ********************** 
            

        -->
<link:linkbase xmlns:xsi="http://www.w3.org/2001/XMLSchema-instance" xsi:schemaLocation="http://www.xbrl.org/2006/ref http://www.xbrl.org/2006/ref-2006-02-27.xsd http://www.xbrl.org/2003/linkbase http://www.xbrl.org/2003/xbrl-linkbase-2003-12-31.xsd" xmlns:link="http://www.xbrl.org/2003/linkbase" xmlns:ref="http://www.xbrl.org/2006/ref" xmlns:xlink="http://www.w3.org/1999/xlink">
  <link:referenceLink xlink:type="extended" xlink:role="http://www.xbrl.org/2003/role/link">
    <link:loc xlink:type="locator" xlink:href="../../ifrs-cor_2009-04-01.xsd#ifrs_SharebasedPaymentTransactions" xlink:label="loc_40"/>
    <link:loc xlink:type="locator" xlink:href="../../ifrs-cor_2009-04-01.xsd#ifrs_DisclosureOfDeterminationOfFairValueOfGoodsOrServicesReceivedOrFairValueOfEquityInstrumentsGrantedOnSharebasedPaymentsExplanatory" xlink:label="loc"/>
    <link:loc xlink:type="locator" xlink:href="../../ifrs-cor_2009-04-01.xsd#ifrs_DisclosureOfNumberAndWeightedAverageExercisePricesOfShareOptionsExplanatory" xlink:label="loc_2"/>
    <link:loc xlink:type="locator" xlink:href="../../ifrs-cor_2009-04-01.xsd#ifrs_DisclosureOfSharebasedPaymentArrangementsExplanatory" xlink:label="loc_3"/>
    <link:loc xlink:type="locator" xlink:href="../../ifrs-cor_2009-04-01.xsd#ifrs_DisclosureOfShareOptionsExercisableExplanatory" xlink:label="loc_4"/>
    <link:loc xlink:type="locator" xlink:href="../../ifrs-cor_2009-04-01.xsd#ifrs_DisclosureOfShareOptionsExercisedExplanatory" xlink:label="loc_5"/>
    <link:loc xlink:type="locator" xlink:href="../../ifrs-cor_2009-04-01.xsd#ifrs_DisclosureOfShareOptionsExpiredExplanatory" xlink:label="loc_6"/>
    <link:loc xlink:type="locator" xlink:href="../../ifrs-cor_2009-04-01.xsd#ifrs_DisclosureOfShareOptionsForfeitedExplanatory" xlink:label="loc_7"/>
    <link:loc xlink:type="locator" xlink:href="../../ifrs-cor_2009-04-01.xsd#ifrs_DisclosureOfShareOptionsGrantedExplanatory" xlink:label="loc_8"/>
    <link:loc xlink:type="locator" xlink:href="../../ifrs-cor_2009-04-01.xsd#ifrs_DisclosureOfShareOptionsOutstandingExplanatory" xlink:label="loc_9"/>
    <link:loc xlink:type="locator" xlink:href="../../ifrs-cor_2009-04-01.xsd#ifrs_DisclosureOfEffectOfSharebasedPaymentsOnFinancialStatementExplanatory" xlink:label="loc_10"/>
    <link:loc xlink:type="locator" xlink:href="../../ifrs-cor_2009-04-01.xsd#ifrs_DisclosureOfEffectOfSharebasedPaymentsOnProfitOrLossExplanatory" xlink:label="loc_11"/>
    <link:loc xlink:type="locator" xlink:href="../../ifrs-cor_2009-04-01.xsd#ifrs_DisclosureOfEffectOfSharebasedPaymentsOnProfitOrLossAndOnFinancialPositionExplanatory" xlink:label="loc_12"/>
    <link:loc xlink:type="locator" xlink:href="../../ifrs-cor_2009-04-01.xsd#ifrs_DisclosureOfNatureAndExtentOfSharebasedPaymentArrangementsExplanatory" xlink:label="loc_13"/>
    <link:loc xlink:type="locator" xlink:href="../../ifrs-cor_2009-04-01.xsd#ifrs_ExplanationOfShareOptionsGrantedInSharebasedPaymentArrangement" xlink:label="loc_14"/>
    <link:loc xlink:type="locator" xlink:href="../../ifrs-cor_2009-04-01.xsd#ifrs_ExplanationOfShareOptionsForfeitedInSharebasedPaymentArrangement" xlink:label="loc_15"/>
    <link:loc xlink:type="locator" xlink:href="../../ifrs-cor_2009-04-01.xsd#ifrs_ExplanationOfShareOptionsExercisedInSharebasedPaymentArrangement" xlink:label="loc_16"/>
    <link:loc xlink:type="locator" xlink:href="../../ifrs-cor_2009-04-01.xsd#ifrs_ExplanationOfShareOptionsExpiredInSharebasedPaymentArrangement" xlink:label="loc_17"/>
    <link:loc xlink:type="locator" xlink:href="../../ifrs-cor_2009-04-01.xsd#ifrs_ExplanationOfShareOptionsExercisableInSharebasedPaymentArrangement" xlink:label="loc_18"/>
    <link:loc xlink:type="locator" xlink:href="../../ifrs-cor_2009-04-01.xsd#ifrs_ExplanationOfShareOptionsOutstandingInSharebasedPaymentArrangement" xlink:label="loc_19"/>
    <link:loc xlink:type="locator" xlink:href="../../ifrs-cor_2009-04-01.xsd#ifrs_NumberOfShareOptionsGrantedSharebasedPaymentArrangement" xlink:label="loc_20"/>
    <link:loc xlink:type="locator" xlink:href="../../ifrs-cor_2009-04-01.xsd#ifrs_WeightedAverageExercisePriceOfShareOptionsGrantedSharebasedPaymentArrangement" xlink:label="loc_21"/>
    <link:loc xlink:type="locator" xlink:href="../../ifrs-cor_2009-04-01.xsd#ifrs_NumberOfShareOptionsForfeitedSharebasedPaymentArrangement" xlink:label="loc_22"/>
    <link:loc xlink:type="locator" xlink:href="../../ifrs-cor_2009-04-01.xsd#ifrs_WeightedAverageExercisePriceOfShareOptionsForfeitedSharebasedPaymentArrangement" xlink:label="loc_23"/>
    <link:loc xlink:type="locator" xlink:href="../../ifrs-cor_2009-04-01.xsd#ifrs_NumberOfShareOptionsExercisedSharebasedPaymentArrangement" xlink:label="loc_24"/>
    <link:loc xlink:type="locator" xlink:href="../../ifrs-cor_2009-04-01.xsd#ifrs_WeightedAverageExercisePriceOfShareOptionsExercisedSharebasedPaymentArrangement" xlink:label="loc_25"/>
    <link:loc xlink:type="locator" xlink:href="../../ifrs-cor_2009-04-01.xsd#ifrs_NumberOfShareOptionsExpiredSharebasedPaymentArrangement" xlink:label="loc_26"/>
    <link:loc xlink:type="locator" xlink:href="../../ifrs-cor_2009-04-01.xsd#ifrs_WeightedAverageExercisePriceOfShareOptionsExpiredSharebasedPaymentArrangement" xlink:label="loc_27"/>
    <link:loc xlink:type="locator" xlink:href="../../ifrs-cor_2009-04-01.xsd#ifrs_NumberOfShareOptionsExercisableSharebasedPaymentArrangement" xlink:label="loc_28"/>
    <link:loc xlink:type="locator" xlink:href="../../ifrs-cor_2009-04-01.xsd#ifrs_WeightedAverageExercisePriceOfShareOptionsExercisableSharebasedPaymentArrangement" xlink:label="loc_29"/>
    <link:loc xlink:type="locator" xlink:href="../../ifrs-cor_2009-04-01.xsd#ifrs_NumberOfShareOptionsOutstandingSharebasedPaymentArrangement" xlink:label="loc_30"/>
    <link:loc xlink:type="locator" xlink:href="../../ifrs-cor_2009-04-01.xsd#ifrs_WeightedAverageExercisePriceOfShareOptionsOutstandingSharebasedPaymentArrangement" xlink:label="loc_31"/>
    <link:loc xlink:type="locator" xlink:href="../../ifrs-cor_2009-04-01.xsd#ifrs_DescriptionOfRangeOfExercisePricesOfShareOptionOutstandingSharebasedPaymentArrangement" xlink:label="loc_32"/>
    <link:loc xlink:type="locator" xlink:href="../../ifrs-cor_2009-04-01.xsd#ifrs_DescriptionOfWeightedAverageRemainingContractualLifeOfShareOptionsOutstanding" xlink:label="loc_33"/>
    <link:loc xlink:type="locator" xlink:href="../../ifrs-cor_2009-04-01.xsd#ifrs_DeterminationOfFairValueOfGoodsOrServicesReceivedOrFairValueOfEquityInstrumentsGrantedOnSharebasedPayments" xlink:label="loc_34"/>
    <link:loc xlink:type="locator" xlink:href="../../ifrs-cor_2009-04-01.xsd#ifrs_ExplanationOfIndirectMeasurementOfFairValueOfGoodsOrServicesReceived" xlink:label="loc_35"/>
    <link:loc xlink:type="locator" xlink:href="../../ifrs-cor_2009-04-01.xsd#ifrs_ExplanationOfDirectMeasurementOfFairValueOfGoodsOrServicesReceived" xlink:label="loc_36"/>
    <link:loc xlink:type="locator" xlink:href="../../ifrs-cor_2009-04-01.xsd#ifrs_DescriptionOfReasonWhyFairValueOfGoodsOrServicesReceivedCannotEstimateReliable" xlink:label="loc_37"/>
    <link:loc xlink:type="locator" xlink:href="../../ifrs-cor_2009-04-01.xsd#ifrs_ExplanationOfEffectOfSharebasedPaymentsOnProfitOrLoss" xlink:label="loc_38"/>
    <link:loc xlink:type="locator" xlink:href="../../ifrs-cor_2009-04-01.xsd#ifrs_ExplanationOfEffectOfSharebasedPaymentsOnFinancialPositions" xlink:label="loc_39"/>
    <link:loc xlink:type="locator" xlink:href="../../ifrs-cor_2009-04-01.xsd#ifrs_LiabilitiesFromSharebasedPaymentTransactions" xlink:label="loc_41"/>
    <link:loc xlink:type="locator" xlink:href="../../ifrs-cor_2009-04-01.xsd#ifrs_IntrinsicValueOfLiabilitiesFromSharebasedPaymentTransactionsForWhichCounterpartysRightToCashOrOtherAssetsVested" xlink:label="loc_42"/>
    <link:reference xlink:type="resource" xlink:label="res_17" xlink:role="http://www.xbrl.org/2003/role/disclosureRef">
      <ref:Name>IFRS</ref:Name>
      <ref:Number>2</ref:Number>
      <ref:IssueDate>2009-01-01</ref:IssueDate>
      <ref:Paragraph>51</ref:Paragraph>
      <ref:Subparagraph>a</ref:Subparagraph>
    </link:reference>
    <link:reference xlink:type="resource" xlink:label="res" xlink:role="http://www.xbrl.org/2003/role/reference">
      <ref:Name>IFRS</ref:Name>
      <ref:Number>2</ref:Number>
      <ref:IssueDate>2009-01-01</ref:IssueDate>
      <ref:Section>Disclosures</ref:Section>
    </link:reference>
    <link:reference xlink:type="resource" xlink:label="res_2" xlink:role="http://www.xbrl.org/2003/role/disclosureRef">
      <ref:Name>IFRS</ref:Name>
      <ref:Number>2</ref:Number>
      <ref:IssueDate>2009-01-01</ref:IssueDate>
      <ref:Paragraph>44</ref:Paragraph>
    </link:reference>
    <link:reference xlink:type="resource" xlink:label="res_3" xlink:role="http://www.xbrl.org/2003/role/disclosureRef">
      <ref:Name>IFRS</ref:Name>
      <ref:Number>2</ref:Number>
      <ref:IssueDate>2009-01-01</ref:IssueDate>
      <ref:Paragraph>45</ref:Paragraph>
      <ref:Subparagraph>a</ref:Subparagraph>
    </link:reference>
    <link:reference xlink:type="resource" xlink:label="res_4" xlink:role="http://www.xbrl.org/2003/role/disclosureRef">
      <ref:Name>IFRS</ref:Name>
      <ref:Number>2</ref:Number>
      <ref:IssueDate>2009-01-01</ref:IssueDate>
      <ref:Paragraph>45</ref:Paragraph>
      <ref:Subparagraph>b</ref:Subparagraph>
      <ref:Clause>ii</ref:Clause>
    </link:reference>
    <link:reference xlink:type="resource" xlink:label="res_5" xlink:role="http://www.xbrl.org/2003/role/disclosureRef">
      <ref:Name>IFRS</ref:Name>
      <ref:Number>2</ref:Number>
      <ref:IssueDate>2009-01-01</ref:IssueDate>
      <ref:Paragraph>45</ref:Paragraph>
      <ref:Subparagraph>b</ref:Subparagraph>
      <ref:Clause>iii</ref:Clause>
    </link:reference>
    <link:reference xlink:type="resource" xlink:label="res_6" xlink:role="http://www.xbrl.org/2003/role/disclosureRef">
      <ref:Name>IFRS</ref:Name>
      <ref:Number>2</ref:Number>
      <ref:IssueDate>2009-01-01</ref:IssueDate>
      <ref:Paragraph>45</ref:Paragraph>
      <ref:Subparagraph>b</ref:Subparagraph>
      <ref:Clause>iv</ref:Clause>
    </link:reference>
    <link:reference xlink:type="resource" xlink:label="res_7" xlink:role="http://www.xbrl.org/2003/role/disclosureRef">
      <ref:Name>IFRS</ref:Name>
      <ref:Number>2</ref:Number>
      <ref:IssueDate>2009-01-01</ref:IssueDate>
      <ref:Paragraph>45</ref:Paragraph>
      <ref:Subparagraph>b</ref:Subparagraph>
      <ref:Clause>v</ref:Clause>
    </link:reference>
    <link:reference xlink:type="resource" xlink:label="res_8" xlink:role="http://www.xbrl.org/2003/role/disclosureRef">
      <ref:Name>IFRS</ref:Name>
      <ref:Number>2</ref:Number>
      <ref:IssueDate>2009-01-01</ref:IssueDate>
      <ref:Paragraph>45</ref:Paragraph>
      <ref:Subparagraph>b</ref:Subparagraph>
      <ref:Clause>vii</ref:Clause>
    </link:reference>
    <link:reference xlink:type="resource" xlink:label="res_9" xlink:role="http://www.xbrl.org/2003/role/disclosureRef">
      <ref:Name>IFRS</ref:Name>
      <ref:Number>2</ref:Number>
      <ref:IssueDate>2009-01-01</ref:IssueDate>
      <ref:Paragraph>45</ref:Paragraph>
      <ref:Subparagraph>b</ref:Subparagraph>
      <ref:Clause>i</ref:Clause>
    </link:reference>
    <link:reference xlink:type="resource" xlink:label="res_10" xlink:role="http://www.xbrl.org/2003/role/disclosureRef">
      <ref:Name>IFRS</ref:Name>
      <ref:Number>2</ref:Number>
      <ref:IssueDate>2009-01-01</ref:IssueDate>
      <ref:Paragraph>45</ref:Paragraph>
      <ref:Subparagraph>b</ref:Subparagraph>
      <ref:Clause>vi</ref:Clause>
    </link:reference>
    <link:reference xlink:type="resource" xlink:label="res_11" xlink:role="http://www.xbrl.org/2003/role/disclosureRef">
      <ref:Name>IFRS</ref:Name>
      <ref:Number>2</ref:Number>
      <ref:IssueDate>2009-01-01</ref:IssueDate>
      <ref:Paragraph>45</ref:Paragraph>
      <ref:Subparagraph>d</ref:Subparagraph>
    </link:reference>
    <link:reference xlink:type="resource" xlink:label="res_12" xlink:role="http://www.xbrl.org/2003/role/disclosureRef">
      <ref:Name>IFRS</ref:Name>
      <ref:Number>2</ref:Number>
      <ref:IssueDate>2009-01-01</ref:IssueDate>
      <ref:Paragraph>46</ref:Paragraph>
    </link:reference>
    <link:reference xlink:type="resource" xlink:label="res_13" xlink:role="http://www.xbrl.org/2003/role/disclosureRef">
      <ref:Name>IFRS</ref:Name>
      <ref:Number>2</ref:Number>
      <ref:IssueDate>2009-01-01</ref:IssueDate>
      <ref:Paragraph>47</ref:Paragraph>
    </link:reference>
    <link:reference xlink:type="resource" xlink:label="res_14" xlink:role="http://www.xbrl.org/2003/role/disclosureRef">
      <ref:Name>IFRS</ref:Name>
      <ref:Number>2</ref:Number>
      <ref:IssueDate>2009-01-01</ref:IssueDate>
      <ref:Paragraph>48</ref:Paragraph>
    </link:reference>
    <link:reference xlink:type="resource" xlink:label="res_15" xlink:role="http://www.xbrl.org/2003/role/disclosureRef">
      <ref:Name>IFRS</ref:Name>
      <ref:Number>2</ref:Number>
      <ref:IssueDate>2009-01-01</ref:IssueDate>
      <ref:Paragraph>49</ref:Paragraph>
    </link:reference>
    <link:reference xlink:type="resource" xlink:label="res_16" xlink:role="http://www.xbrl.org/2003/role/disclosureRef">
      <ref:Name>IFRS</ref:Name>
      <ref:Number>2</ref:Number>
      <ref:IssueDate>2009-01-01</ref:IssueDate>
      <ref:Paragraph>50</ref:Paragraph>
    </link:reference>
    <link:reference xlink:type="resource" xlink:label="res_18" xlink:role="http://www.xbrl.org/2003/role/disclosureRef">
      <ref:Name>IFRS</ref:Name>
      <ref:Number>2</ref:Number>
      <ref:IssueDate>2009-01-01</ref:IssueDate>
      <ref:Paragraph>51</ref:Paragraph>
      <ref:Subparagraph>b</ref:Subparagraph>
      <ref:Clause>i</ref:Clause>
    </link:reference>
    <link:reference xlink:type="resource" xlink:label="res_19" xlink:role="http://www.xbrl.org/2003/role/disclosureRef">
      <ref:Name>IFRS</ref:Name>
      <ref:Number>2</ref:Number>
      <ref:IssueDate>2009-01-01</ref:IssueDate>
      <ref:Paragraph>51</ref:Paragraph>
      <ref:Subparagraph>b</ref:Subparagraph>
      <ref:Clause>ii</ref:Clause>
    </link:reference>
    <link:referenceArc xlink:type="arc" xlink:arcrole="http://www.xbrl.org/2003/arcrole/concept-reference" xlink:from="loc_40" xlink:to="res_17"/>
    <link:referenceArc xlink:type="arc" xlink:arcrole="http://www.xbrl.org/2003/arcrole/concept-reference" xlink:from="loc" xlink:to="res"/>
    <link:referenceArc xlink:type="arc" xlink:arcrole="http://www.xbrl.org/2003/arcrole/concept-reference" xlink:from="loc_2" xlink:to="res"/>
    <link:referenceArc xlink:type="arc" xlink:arcrole="http://www.xbrl.org/2003/arcrole/concept-reference" xlink:from="loc_3" xlink:to="res"/>
    <link:referenceArc xlink:type="arc" xlink:arcrole="http://www.xbrl.org/2003/arcrole/concept-reference" xlink:from="loc_4" xlink:to="res"/>
    <link:referenceArc xlink:type="arc" xlink:arcrole="http://www.xbrl.org/2003/arcrole/concept-reference" xlink:from="loc_5" xlink:to="res"/>
    <link:referenceArc xlink:type="arc" xlink:arcrole="http://www.xbrl.org/2003/arcrole/concept-reference" xlink:from="loc_6" xlink:to="res"/>
    <link:referenceArc xlink:type="arc" xlink:arcrole="http://www.xbrl.org/2003/arcrole/concept-reference" xlink:from="loc_7" xlink:to="res"/>
    <link:referenceArc xlink:type="arc" xlink:arcrole="http://www.xbrl.org/2003/arcrole/concept-reference" xlink:from="loc_8" xlink:to="res"/>
    <link:referenceArc xlink:type="arc" xlink:arcrole="http://www.xbrl.org/2003/arcrole/concept-reference" xlink:from="loc_9" xlink:to="res"/>
    <link:referenceArc xlink:type="arc" xlink:arcrole="http://www.xbrl.org/2003/arcrole/concept-reference" xlink:from="loc_10" xlink:to="res"/>
    <link:referenceArc xlink:type="arc" xlink:arcrole="http://www.xbrl.org/2003/arcrole/concept-reference" xlink:from="loc_11" xlink:to="res"/>
    <link:referenceArc xlink:type="arc" xlink:arcrole="http://www.xbrl.org/2003/arcrole/concept-reference" xlink:from="loc_12" xlink:to="res"/>
    <link:referenceArc xlink:type="arc" xlink:arcrole="http://www.xbrl.org/2003/arcrole/concept-reference" xlink:from="loc_13" xlink:to="res_2"/>
    <link:referenceArc xlink:type="arc" xlink:arcrole="http://www.xbrl.org/2003/arcrole/concept-reference" xlink:from="loc_14" xlink:to="res_3"/>
    <link:referenceArc xlink:type="arc" xlink:arcrole="http://www.xbrl.org/2003/arcrole/concept-reference" xlink:from="loc_15" xlink:to="res_3"/>
    <link:referenceArc xlink:type="arc" xlink:arcrole="http://www.xbrl.org/2003/arcrole/concept-reference" xlink:from="loc_16" xlink:to="res_3"/>
    <link:referenceArc xlink:type="arc" xlink:arcrole="http://www.xbrl.org/2003/arcrole/concept-reference" xlink:from="loc_17" xlink:to="res_3"/>
    <link:referenceArc xlink:type="arc" xlink:arcrole="http://www.xbrl.org/2003/arcrole/concept-reference" xlink:from="loc_18" xlink:to="res_3"/>
    <link:referenceArc xlink:type="arc" xlink:arcrole="http://www.xbrl.org/2003/arcrole/concept-reference" xlink:from="loc_19" xlink:to="res_3"/>
    <link:referenceArc xlink:type="arc" xlink:arcrole="http://www.xbrl.org/2003/arcrole/concept-reference" xlink:from="loc_20" xlink:to="res_4"/>
    <link:referenceArc xlink:type="arc" xlink:arcrole="http://www.xbrl.org/2003/arcrole/concept-reference" xlink:from="loc_21" xlink:to="res_4"/>
    <link:referenceArc xlink:type="arc" xlink:arcrole="http://www.xbrl.org/2003/arcrole/concept-reference" xlink:from="loc_22" xlink:to="res_5"/>
    <link:referenceArc xlink:type="arc" xlink:arcrole="http://www.xbrl.org/2003/arcrole/concept-reference" xlink:from="loc_23" xlink:to="res_5"/>
    <link:referenceArc xlink:type="arc" xlink:arcrole="http://www.xbrl.org/2003/arcrole/concept-reference" xlink:from="loc_24" xlink:to="res_6"/>
    <link:referenceArc xlink:type="arc" xlink:arcrole="http://www.xbrl.org/2003/arcrole/concept-reference" xlink:from="loc_25" xlink:to="res_6"/>
    <link:referenceArc xlink:type="arc" xlink:arcrole="http://www.xbrl.org/2003/arcrole/concept-reference" xlink:from="loc_26" xlink:to="res_7"/>
    <link:referenceArc xlink:type="arc" xlink:arcrole="http://www.xbrl.org/2003/arcrole/concept-reference" xlink:from="loc_27" xlink:to="res_7"/>
    <link:referenceArc xlink:type="arc" xlink:arcrole="http://www.xbrl.org/2003/arcrole/concept-reference" xlink:from="loc_28" xlink:to="res_8"/>
    <link:referenceArc xlink:type="arc" xlink:arcrole="http://www.xbrl.org/2003/arcrole/concept-reference" xlink:from="loc_29" xlink:to="res_8"/>
    <link:referenceArc xlink:type="arc" xlink:arcrole="http://www.xbrl.org/2003/arcrole/concept-reference" xlink:from="loc_30" xlink:to="res_9"/>
    <link:referenceArc xlink:type="arc" xlink:arcrole="http://www.xbrl.org/2003/arcrole/concept-reference" xlink:from="loc_30" xlink:to="res_10"/>
    <link:referenceArc xlink:type="arc" xlink:arcrole="http://www.xbrl.org/2003/arcrole/concept-reference" xlink:from="loc_31" xlink:to="res_9"/>
    <link:referenceArc xlink:type="arc" xlink:arcrole="http://www.xbrl.org/2003/arcrole/concept-reference" xlink:from="loc_31" xlink:to="res_10"/>
    <link:referenceArc xlink:type="arc" xlink:arcrole="http://www.xbrl.org/2003/arcrole/concept-reference" xlink:from="loc_32" xlink:to="res_11"/>
    <link:referenceArc xlink:type="arc" xlink:arcrole="http://www.xbrl.org/2003/arcrole/concept-reference" xlink:from="loc_33" xlink:to="res_11"/>
    <link:referenceArc xlink:type="arc" xlink:arcrole="http://www.xbrl.org/2003/arcrole/concept-reference" xlink:from="loc_34" xlink:to="res_12"/>
    <link:referenceArc xlink:type="arc" xlink:arcrole="http://www.xbrl.org/2003/arcrole/concept-reference" xlink:from="loc_35" xlink:to="res_13"/>
    <link:referenceArc xlink:type="arc" xlink:arcrole="http://www.xbrl.org/2003/arcrole/concept-reference" xlink:from="loc_36" xlink:to="res_14"/>
    <link:referenceArc xlink:type="arc" xlink:arcrole="http://www.xbrl.org/2003/arcrole/concept-reference" xlink:from="loc_37" xlink:to="res_15"/>
    <link:referenceArc xlink:type="arc" xlink:arcrole="http://www.xbrl.org/2003/arcrole/concept-reference" xlink:from="loc_38" xlink:to="res_16"/>
    <link:referenceArc xlink:type="arc" xlink:arcrole="http://www.xbrl.org/2003/arcrole/concept-reference" xlink:from="loc_39" xlink:to="res_16"/>
    <link:referenceArc xlink:type="arc" xlink:arcrole="http://www.xbrl.org/2003/arcrole/concept-reference" xlink:from="loc_41" xlink:to="res_18"/>
    <link:referenceArc xlink:type="arc" xlink:arcrole="http://www.xbrl.org/2003/arcrole/concept-reference" xlink:from="loc_42" xlink:to="res_19"/>
  </link:referenceLink>
</link:linkbase>
