<MovementForTraderDataResponse xmlns="http://hmrc/emcs/tfe/movement_for_trader_data" xmlns:ie="http://emcs.dgtaxud.ec/v10/cd934/ie" xmlns:tms="http://emcs.dgtaxud.ec/v10/tms" xmlns:xsi="http://www.w3.org/2001/XMLSchema-instance">
	<ie:CD934A>
		<ie:Header>
				<tms:MessageSender>token</tms:MessageSender>
				<tms:MessageRecipient>token</tms:MessageRecipient>
				<tms:DateOfPreparation>1967-08-13</tms:DateOfPreparation>
				<tms:TimeOfPreparation>14:20:00</tms:TimeOfPreparation>
				<tms:MessageIdentifier>token</tms:MessageIdentifier>
				<tms:CorrelationIdentifier>token</tms:CorrelationIdentifier>
		</ie:Header>
		<ie:Body>
			<ie:MessagePackage>
				<ie:MessageBody>
					<ie:TechnicalMessageType>CD801</ie:TechnicalMessageType>
					<ie:MessageData/>
				</ie:MessageBody>
			</ie:MessagePackage>
		</ie:Body>
	</ie:CD934A>
</MovementForTraderDataResponse>
