<?xml version="1.0" encoding="UTF-8" standalone="yes"?>
<linkbase xmlns:xsi="http://www.w3.org/2001/XMLSchema-instance" xmlns="http://www.xbrl.org/2003/linkbase" xmlns:xbrldt="http://xbrl.org/2005/xbrldt" xmlns:xlink="http://www.w3.org/1999/xlink" xsi:schemaLocation="http://www.xbrl.org/2003/linkbase http://www.xbrl.org/2003/xbrl-linkbase-2003-12-31.xsd http://xbrl.org/2005/xbrldt http://www.xbrl.org/2005/xbrldt-2005.xsd">
  <roleRef roleURI="http://www.govtalk.gov.uk/uk/fr/tax/dpl-core/2012-10-01/role/Dimension-Activity" xlink:type="simple" xlink:href="dpl-2012-10-01.xsd#dimensionActivity"/>
  <roleRef roleURI="http://www.govtalk.gov.uk/uk/fr/tax/dpl-core/2012-10-01/role/Dimension-ExpenseType" xlink:type="simple" xlink:href="dpl-2012-10-01.xsd#dimensionExpenseType"/>
  <roleRef roleURI="http://www.govtalk.gov.uk/uk/fr/tax/dpl-core/2012-10-01/role/Dimension-ExceptionalNonExceptionaltems" xlink:type="simple" xlink:href="dpl-2012-10-01.xsd#dimensionExceptionalNonExceptionaltems"/>
  <roleRef roleURI="http://www.govtalk.gov.uk/uk/fr/tax/dpl-core/2012-10-01/role/Dimension-DetailedAnalysis" xlink:type="simple" xlink:href="dpl-2012-10-01.xsd#dimensionDetailedAnalysis"/>
  <roleRef roleURI="http://www.govtalk.gov.uk/uk/fr/tax/dpl-core/2012-10-01/role/Dimension-IntraExtraGroupTransactions" xlink:type="simple" xlink:href="dpl-2012-10-01.xsd#dimensionIntraExtraGroupTransactions"/>
  <roleRef roleURI="http://www.govtalk.gov.uk/uk/fr/tax/dpl-core/2012-10-01/role/Hypercube-DetailedProfitAndLoss" xlink:type="simple" xlink:href="dpl-2012-10-01.xsd#hypercubeDetailedProfitAndLoss"/>
  <roleRef roleURI="http://www.xbrl.org/uk/all/role/Dimension-CountriesAndRegions" xlink:type="simple" xlink:href="http://www.xbrl.org/uk/cd/countries-regions/2009-09-01/uk-countries-2009-09-01.xsd#Dimension-CountriesAndRegions"/>
  <arcroleRef arcroleURI="http://xbrl.org/int/dim/arcrole/dimension-domain" xlink:type="simple" xlink:href="http://www.xbrl.org/2005/xbrldt-2005.xsd#dimension-domain"/>
  <arcroleRef arcroleURI="http://xbrl.org/int/dim/arcrole/domain-member" xlink:type="simple" xlink:href="http://www.xbrl.org/2005/xbrldt-2005.xsd#domain-member"/>
  <arcroleRef arcroleURI="http://xbrl.org/int/dim/arcrole/dimension-default" xlink:type="simple" xlink:href="http://www.xbrl.org/2005/xbrldt-2005.xsd#dimension-default"/>
  <arcroleRef arcroleURI="http://xbrl.org/int/dim/arcrole/all" xlink:type="simple" xlink:href="http://www.xbrl.org/2005/xbrldt-2005.xsd#all"/>
  <arcroleRef arcroleURI="http://xbrl.org/int/dim/arcrole/hypercube-dimension" xlink:type="simple" xlink:href="http://www.xbrl.org/2005/xbrldt-2005.xsd#hypercube-dimension"/>
  <definitionLink xlink:type="extended" xlink:role="http://www.govtalk.gov.uk/uk/fr/tax/dpl-core/2012-10-01/role/Dimension-Activity">
    <loc xlink:type="locator" xlink:href="dpl-2012-10-01.xsd#dpl_ActivityDimension" xlink:label="dpl_ActivityDimension" xlink:title="definition: ActivityDimension to TotalActivitiesDefault"/>
    <loc xlink:type="locator" xlink:href="dpl-2012-10-01.xsd#dpl_TotalActivitiesDefault" xlink:label="dpl_TotalActivitiesDefault" xlink:title="definition: ActivityDimension to TotalActivitiesDefault"/>
    <definitionArc xlink:type="arc" xlink:arcrole="http://xbrl.org/int/dim/arcrole/dimension-domain" xlink:from="dpl_ActivityDimension" xlink:to="dpl_TotalActivitiesDefault" xlink:title="definition: ActivityDimension to TotalActivitiesDefault" use="optional" order="1.0"/>
    <loc xlink:type="locator" xlink:href="dpl-2012-10-01.xsd#dpl_A-AgricultureForestryFishing" xlink:label="dpl_A-AgricultureForestryFishing" xlink:title="definition: TotalActivitiesDefault to A-AgricultureForestryFishing"/>
    <definitionArc xlink:type="arc" xlink:arcrole="http://xbrl.org/int/dim/arcrole/domain-member" xlink:from="dpl_TotalActivitiesDefault" xlink:to="dpl_A-AgricultureForestryFishing" xlink:title="definition: TotalActivitiesDefault to A-AgricultureForestryFishing" use="optional" order="1.0"/>
    <loc xlink:type="locator" xlink:href="dpl-2012-10-01.xsd#dpl_B-MiningQuarrying" xlink:label="dpl_B-MiningQuarrying" xlink:title="definition: TotalActivitiesDefault to B-MiningQuarrying"/>
    <definitionArc xlink:type="arc" xlink:arcrole="http://xbrl.org/int/dim/arcrole/domain-member" xlink:from="dpl_TotalActivitiesDefault" xlink:to="dpl_B-MiningQuarrying" xlink:title="definition: TotalActivitiesDefault to B-MiningQuarrying" use="optional" order="2.0"/>
    <loc xlink:type="locator" xlink:href="dpl-2012-10-01.xsd#dpl_C-Manufacturing" xlink:label="dpl_C-Manufacturing" xlink:title="definition: TotalActivitiesDefault to C-Manufacturing"/>
    <definitionArc xlink:type="arc" xlink:arcrole="http://xbrl.org/int/dim/arcrole/domain-member" xlink:from="dpl_TotalActivitiesDefault" xlink:to="dpl_C-Manufacturing" xlink:title="definition: TotalActivitiesDefault to C-Manufacturing" use="optional" order="3.0"/>
    <loc xlink:type="locator" xlink:href="dpl-2012-10-01.xsd#dpl_D-ElectricityGasSteamAirConditioningSupply" xlink:label="dpl_D-ElectricityGasSteamAirConditioningSupply" xlink:title="definition: TotalActivitiesDefault to D-ElectricityGasSteamAirConditioningSupply"/>
    <definitionArc xlink:type="arc" xlink:arcrole="http://xbrl.org/int/dim/arcrole/domain-member" xlink:from="dpl_TotalActivitiesDefault" xlink:to="dpl_D-ElectricityGasSteamAirConditioningSupply" xlink:title="definition: TotalActivitiesDefault to D-ElectricityGasSteamAirConditioningSupply" use="optional" order="4.0"/>
    <loc xlink:type="locator" xlink:href="dpl-2012-10-01.xsd#dpl_E-WaterSupplySewerageWasteManagementRemediationFacilities" xlink:label="dpl_E-WaterSupplySewerageWasteManagementRemediationFacilities" xlink:title="definition: TotalActivitiesDefault to E-WaterSupplySewerageWasteManagementRemediationFacilities"/>
    <definitionArc xlink:type="arc" xlink:arcrole="http://xbrl.org/int/dim/arcrole/domain-member" xlink:from="dpl_TotalActivitiesDefault" xlink:to="dpl_E-WaterSupplySewerageWasteManagementRemediationFacilities" xlink:title="definition: TotalActivitiesDefault to E-WaterSupplySewerageWasteManagementRemediationFacilities" use="optional" order="5.0"/>
    <loc xlink:type="locator" xlink:href="dpl-2012-10-01.xsd#dpl_F-Construction" xlink:label="dpl_F-Construction" xlink:title="definition: TotalActivitiesDefault to F-Construction"/>
    <definitionArc xlink:type="arc" xlink:arcrole="http://xbrl.org/int/dim/arcrole/domain-member" xlink:from="dpl_TotalActivitiesDefault" xlink:to="dpl_F-Construction" xlink:title="definition: TotalActivitiesDefault to F-Construction" use="optional" order="6.0"/>
    <loc xlink:type="locator" xlink:href="dpl-2012-10-01.xsd#dpl_G-WholesaleRetailTradeRepairMotorVehiclesMotorcycles" xlink:label="dpl_G-WholesaleRetailTradeRepairMotorVehiclesMotorcycles" xlink:title="definition: TotalActivitiesDefault to G-WholesaleRetailTradeRepairMotorVehiclesMotorcycles"/>
    <definitionArc xlink:type="arc" xlink:arcrole="http://xbrl.org/int/dim/arcrole/domain-member" xlink:from="dpl_TotalActivitiesDefault" xlink:to="dpl_G-WholesaleRetailTradeRepairMotorVehiclesMotorcycles" xlink:title="definition: TotalActivitiesDefault to G-WholesaleRetailTradeRepairMotorVehiclesMotorcycles" use="optional" order="7.0"/>
    <loc xlink:type="locator" xlink:href="dpl-2012-10-01.xsd#dpl_H-TransportationStorage" xlink:label="dpl_H-TransportationStorage" xlink:title="definition: TotalActivitiesDefault to H-TransportationStorage"/>
    <definitionArc xlink:type="arc" xlink:arcrole="http://xbrl.org/int/dim/arcrole/domain-member" xlink:from="dpl_TotalActivitiesDefault" xlink:to="dpl_H-TransportationStorage" xlink:title="definition: TotalActivitiesDefault to H-TransportationStorage" use="optional" order="8.0"/>
    <loc xlink:type="locator" xlink:href="dpl-2012-10-01.xsd#dpl_I-AccommodationFoodServiceActivities" xlink:label="dpl_I-AccommodationFoodServiceActivities" xlink:title="definition: TotalActivitiesDefault to I-AccommodationFoodServiceActivities"/>
    <definitionArc xlink:type="arc" xlink:arcrole="http://xbrl.org/int/dim/arcrole/domain-member" xlink:from="dpl_TotalActivitiesDefault" xlink:to="dpl_I-AccommodationFoodServiceActivities" xlink:title="definition: TotalActivitiesDefault to I-AccommodationFoodServiceActivities" use="optional" order="9.0"/>
    <loc xlink:type="locator" xlink:href="dpl-2012-10-01.xsd#dpl_J-InformationCommunication" xlink:label="dpl_J-InformationCommunication" xlink:title="definition: TotalActivitiesDefault to J-InformationCommunication"/>
    <definitionArc xlink:type="arc" xlink:arcrole="http://xbrl.org/int/dim/arcrole/domain-member" xlink:from="dpl_TotalActivitiesDefault" xlink:to="dpl_J-InformationCommunication" xlink:title="definition: TotalActivitiesDefault to J-InformationCommunication" use="optional" order="10.0"/>
    <loc xlink:type="locator" xlink:href="dpl-2012-10-01.xsd#dpl_K-FinancialInsuranceActivities" xlink:label="dpl_K-FinancialInsuranceActivities" xlink:title="definition: TotalActivitiesDefault to K-FinancialInsuranceActivities"/>
    <definitionArc xlink:type="arc" xlink:arcrole="http://xbrl.org/int/dim/arcrole/domain-member" xlink:from="dpl_TotalActivitiesDefault" xlink:to="dpl_K-FinancialInsuranceActivities" xlink:title="definition: TotalActivitiesDefault to K-FinancialInsuranceActivities" use="optional" order="11.0"/>
    <loc xlink:type="locator" xlink:href="dpl-2012-10-01.xsd#dpl_L-RealEstateActivities" xlink:label="dpl_L-RealEstateActivities" xlink:title="definition: TotalActivitiesDefault to L-RealEstateActivities"/>
    <definitionArc xlink:type="arc" xlink:arcrole="http://xbrl.org/int/dim/arcrole/domain-member" xlink:from="dpl_TotalActivitiesDefault" xlink:to="dpl_L-RealEstateActivities" xlink:title="definition: TotalActivitiesDefault to L-RealEstateActivities" use="optional" order="12.0"/>
    <loc xlink:type="locator" xlink:href="dpl-2012-10-01.xsd#dpl_M-ProfessionalScientificTechnicalActivities" xlink:label="dpl_M-ProfessionalScientificTechnicalActivities" xlink:title="definition: TotalActivitiesDefault to M-ProfessionalScientificTechnicalActivities"/>
    <definitionArc xlink:type="arc" xlink:arcrole="http://xbrl.org/int/dim/arcrole/domain-member" xlink:from="dpl_TotalActivitiesDefault" xlink:to="dpl_M-ProfessionalScientificTechnicalActivities" xlink:title="definition: TotalActivitiesDefault to M-ProfessionalScientificTechnicalActivities" use="optional" order="13.0"/>
    <loc xlink:type="locator" xlink:href="dpl-2012-10-01.xsd#dpl_N-AdministrativeSupportServiceActivities" xlink:label="dpl_N-AdministrativeSupportServiceActivities" xlink:title="definition: TotalActivitiesDefault to N-AdministrativeSupportServiceActivities"/>
    <definitionArc xlink:type="arc" xlink:arcrole="http://xbrl.org/int/dim/arcrole/domain-member" xlink:from="dpl_TotalActivitiesDefault" xlink:to="dpl_N-AdministrativeSupportServiceActivities" xlink:title="definition: TotalActivitiesDefault to N-AdministrativeSupportServiceActivities" use="optional" order="14.0"/>
    <loc xlink:type="locator" xlink:href="dpl-2012-10-01.xsd#dpl_O-PublicAdministrationDefenceCompulsorySocialSecurity" xlink:label="dpl_O-PublicAdministrationDefenceCompulsorySocialSecurity" xlink:title="definition: TotalActivitiesDefault to O-PublicAdministrationDefenceCompulsorySocialSecurity"/>
    <definitionArc xlink:type="arc" xlink:arcrole="http://xbrl.org/int/dim/arcrole/domain-member" xlink:from="dpl_TotalActivitiesDefault" xlink:to="dpl_O-PublicAdministrationDefenceCompulsorySocialSecurity" xlink:title="definition: TotalActivitiesDefault to O-PublicAdministrationDefenceCompulsorySocialSecurity" use="optional" order="15.0"/>
    <loc xlink:type="locator" xlink:href="dpl-2012-10-01.xsd#dpl_P-Education" xlink:label="dpl_P-Education" xlink:title="definition: TotalActivitiesDefault to P-Education"/>
    <definitionArc xlink:type="arc" xlink:arcrole="http://xbrl.org/int/dim/arcrole/domain-member" xlink:from="dpl_TotalActivitiesDefault" xlink:to="dpl_P-Education" xlink:title="definition: TotalActivitiesDefault to P-Education" use="optional" order="16.0"/>
    <loc xlink:type="locator" xlink:href="dpl-2012-10-01.xsd#dpl_Q-HumanHealthSocialWorkActivities" xlink:label="dpl_Q-HumanHealthSocialWorkActivities" xlink:title="definition: TotalActivitiesDefault to Q-HumanHealthSocialWorkActivities"/>
    <definitionArc xlink:type="arc" xlink:arcrole="http://xbrl.org/int/dim/arcrole/domain-member" xlink:from="dpl_TotalActivitiesDefault" xlink:to="dpl_Q-HumanHealthSocialWorkActivities" xlink:title="definition: TotalActivitiesDefault to Q-HumanHealthSocialWorkActivities" use="optional" order="17.0"/>
    <loc xlink:type="locator" xlink:href="dpl-2012-10-01.xsd#dpl_R-ArtsEntertainmentRecreation" xlink:label="dpl_R-ArtsEntertainmentRecreation" xlink:title="definition: TotalActivitiesDefault to R-ArtsEntertainmentRecreation"/>
    <definitionArc xlink:type="arc" xlink:arcrole="http://xbrl.org/int/dim/arcrole/domain-member" xlink:from="dpl_TotalActivitiesDefault" xlink:to="dpl_R-ArtsEntertainmentRecreation" xlink:title="definition: TotalActivitiesDefault to R-ArtsEntertainmentRecreation" use="optional" order="18.0"/>
    <loc xlink:type="locator" xlink:href="dpl-2012-10-01.xsd#dpl_S-OtherServiceActivities" xlink:label="dpl_S-OtherServiceActivities" xlink:title="definition: TotalActivitiesDefault to S-OtherServiceActivities"/>
    <definitionArc xlink:type="arc" xlink:arcrole="http://xbrl.org/int/dim/arcrole/domain-member" xlink:from="dpl_TotalActivitiesDefault" xlink:to="dpl_S-OtherServiceActivities" xlink:title="definition: TotalActivitiesDefault to S-OtherServiceActivities" use="optional" order="19.0"/>
    <loc xlink:type="locator" xlink:href="dpl-2012-10-01.xsd#dpl_T-HouseholdsAsEmployers-UndifferentiatedGoodsService-productionActivitiesHouseholdsForOwnUse" xlink:label="dpl_T-HouseholdsAsEmployers-UndifferentiatedGoodsService-productionActivitiesHouseholdsForOwnUse" xlink:title="definition: TotalActivitiesDefault to T-HouseholdsAsEmployers-UndifferentiatedGoodsService-productionActivitiesHouseholdsForOwnUse"/>
    <definitionArc xlink:type="arc" xlink:arcrole="http://xbrl.org/int/dim/arcrole/domain-member" xlink:from="dpl_TotalActivitiesDefault" xlink:to="dpl_T-HouseholdsAsEmployers-UndifferentiatedGoodsService-productionActivitiesHouseholdsForOwnUse" xlink:title="definition: TotalActivitiesDefault to T-HouseholdsAsEmployers-UndifferentiatedGoodsService-productionActivitiesHouseholdsForOwnUse" use="optional" order="20.0"/>
    <loc xlink:type="locator" xlink:href="dpl-2012-10-01.xsd#dpl_U-Extra-territorialOrganisationsBodies" xlink:label="dpl_U-Extra-territorialOrganisationsBodies" xlink:title="definition: TotalActivitiesDefault to U-Extra-territorialOrganisationsBodies"/>
    <definitionArc xlink:type="arc" xlink:arcrole="http://xbrl.org/int/dim/arcrole/domain-member" xlink:from="dpl_TotalActivitiesDefault" xlink:to="dpl_U-Extra-territorialOrganisationsBodies" xlink:title="definition: TotalActivitiesDefault to U-Extra-territorialOrganisationsBodies" use="optional" order="21.0"/>
    <loc xlink:type="locator" xlink:href="dpl-2012-10-01.xsd#dpl_CombinedCross-sectorActivities1" xlink:label="dpl_CombinedCross-sectorActivities1" xlink:title="definition: TotalActivitiesDefault to CombinedCross-sectorActivities1"/>
    <definitionArc xlink:type="arc" xlink:arcrole="http://xbrl.org/int/dim/arcrole/domain-member" xlink:from="dpl_TotalActivitiesDefault" xlink:to="dpl_CombinedCross-sectorActivities1" xlink:title="definition: TotalActivitiesDefault to CombinedCross-sectorActivities1" use="optional" order="22.0"/>
    <loc xlink:type="locator" xlink:href="dpl-2012-10-01.xsd#dpl_CombinedCross-sectorActivities2" xlink:label="dpl_CombinedCross-sectorActivities2" xlink:title="definition: TotalActivitiesDefault to CombinedCross-sectorActivities2"/>
    <definitionArc xlink:type="arc" xlink:arcrole="http://xbrl.org/int/dim/arcrole/domain-member" xlink:from="dpl_TotalActivitiesDefault" xlink:to="dpl_CombinedCross-sectorActivities2" xlink:title="definition: TotalActivitiesDefault to CombinedCross-sectorActivities2" use="optional" order="23.0"/>
    <loc xlink:type="locator" xlink:href="dpl-2012-10-01.xsd#dpl_CombinedCross-sectorActivities3" xlink:label="dpl_CombinedCross-sectorActivities3" xlink:title="definition: TotalActivitiesDefault to CombinedCross-sectorActivities3"/>
    <definitionArc xlink:type="arc" xlink:arcrole="http://xbrl.org/int/dim/arcrole/domain-member" xlink:from="dpl_TotalActivitiesDefault" xlink:to="dpl_CombinedCross-sectorActivities3" xlink:title="definition: TotalActivitiesDefault to CombinedCross-sectorActivities3" use="optional" order="24.0"/>
    <loc xlink:type="locator" xlink:href="dpl-2012-10-01.xsd#dpl_CombinedCross-sectorActivities4" xlink:label="dpl_CombinedCross-sectorActivities4" xlink:title="definition: TotalActivitiesDefault to CombinedCross-sectorActivities4"/>
    <definitionArc xlink:type="arc" xlink:arcrole="http://xbrl.org/int/dim/arcrole/domain-member" xlink:from="dpl_TotalActivitiesDefault" xlink:to="dpl_CombinedCross-sectorActivities4" xlink:title="definition: TotalActivitiesDefault to CombinedCross-sectorActivities4" use="optional" order="25.0"/>
    <loc xlink:type="locator" xlink:href="dpl-2012-10-01.xsd#dpl_OtherSpecificActivity1" xlink:label="dpl_OtherSpecificActivity1" xlink:title="definition: TotalActivitiesDefault to OtherSpecificActivity1"/>
    <definitionArc xlink:type="arc" xlink:arcrole="http://xbrl.org/int/dim/arcrole/domain-member" xlink:from="dpl_TotalActivitiesDefault" xlink:to="dpl_OtherSpecificActivity1" xlink:title="definition: TotalActivitiesDefault to OtherSpecificActivity1" use="optional" order="26.0"/>
    <loc xlink:type="locator" xlink:href="dpl-2012-10-01.xsd#dpl_OtherSpecificActivity2" xlink:label="dpl_OtherSpecificActivity2" xlink:title="definition: TotalActivitiesDefault to OtherSpecificActivity2"/>
    <definitionArc xlink:type="arc" xlink:arcrole="http://xbrl.org/int/dim/arcrole/domain-member" xlink:from="dpl_TotalActivitiesDefault" xlink:to="dpl_OtherSpecificActivity2" xlink:title="definition: TotalActivitiesDefault to OtherSpecificActivity2" use="optional" order="27.0"/>
    <loc xlink:type="locator" xlink:href="dpl-2012-10-01.xsd#dpl_OtherSpecificActivity3" xlink:label="dpl_OtherSpecificActivity3" xlink:title="definition: TotalActivitiesDefault to OtherSpecificActivity3"/>
    <definitionArc xlink:type="arc" xlink:arcrole="http://xbrl.org/int/dim/arcrole/domain-member" xlink:from="dpl_TotalActivitiesDefault" xlink:to="dpl_OtherSpecificActivity3" xlink:title="definition: TotalActivitiesDefault to OtherSpecificActivity3" use="optional" order="28.0"/>
    <loc xlink:type="locator" xlink:href="dpl-2012-10-01.xsd#dpl_OtherSpecificActivity4" xlink:label="dpl_OtherSpecificActivity4" xlink:title="definition: TotalActivitiesDefault to OtherSpecificActivity4"/>
    <definitionArc xlink:type="arc" xlink:arcrole="http://xbrl.org/int/dim/arcrole/domain-member" xlink:from="dpl_TotalActivitiesDefault" xlink:to="dpl_OtherSpecificActivity4" xlink:title="definition: TotalActivitiesDefault to OtherSpecificActivity4" use="optional" order="29.0"/>
    <loc xlink:type="locator" xlink:href="dpl-2012-10-01.xsd#dpl_OtherSpecificActivity5" xlink:label="dpl_OtherSpecificActivity5" xlink:title="definition: TotalActivitiesDefault to OtherSpecificActivity5"/>
    <definitionArc xlink:type="arc" xlink:arcrole="http://xbrl.org/int/dim/arcrole/domain-member" xlink:from="dpl_TotalActivitiesDefault" xlink:to="dpl_OtherSpecificActivity5" xlink:title="definition: TotalActivitiesDefault to OtherSpecificActivity5" use="optional" order="30.0"/>
  </definitionLink>
  <definitionLink xlink:type="extended" xlink:role="http://www.govtalk.gov.uk/uk/fr/tax/dpl-core/2012-10-01/role/Dimension-Activity">
    <loc xlink:type="locator" xlink:href="dpl-2012-10-01.xsd#dpl_ActivityDimension" xlink:label="dpl_ActivityDimension" xlink:title="definition: ActivityDimension to TotalActivitiesDefault"/>
    <loc xlink:type="locator" xlink:href="dpl-2012-10-01.xsd#dpl_TotalActivitiesDefault" xlink:label="dpl_TotalActivitiesDefault" xlink:title="definition: ActivityDimension to TotalActivitiesDefault"/>
    <definitionArc xlink:type="arc" xlink:arcrole="http://xbrl.org/int/dim/arcrole/dimension-default" xlink:from="dpl_ActivityDimension" xlink:to="dpl_TotalActivitiesDefault" xlink:title="definition: ActivityDimension to TotalActivitiesDefault" use="optional" priority="1" order="2.0"/>
  </definitionLink>
  <definitionLink xlink:type="extended" xlink:role="http://www.govtalk.gov.uk/uk/fr/tax/dpl-core/2012-10-01/role/Dimension-ExpenseType">
    <loc xlink:type="locator" xlink:href="dpl-2012-10-01.xsd#dpl_ExpenseTypeDimension" xlink:label="dpl_ExpenseTypeDimension" xlink:title="definition: ExpenseTypeDimension to TotalCostsDefault"/>
    <loc xlink:type="locator" xlink:href="dpl-2012-10-01.xsd#dpl_TotalCostsDefault" xlink:label="dpl_TotalCostsDefault" xlink:title="definition: ExpenseTypeDimension to TotalCostsDefault"/>
    <definitionArc xlink:type="arc" xlink:arcrole="http://xbrl.org/int/dim/arcrole/dimension-domain" xlink:from="dpl_ExpenseTypeDimension" xlink:to="dpl_TotalCostsDefault" xlink:title="definition: ExpenseTypeDimension to TotalCostsDefault" use="optional" order="1.0"/>
    <loc xlink:type="locator" xlink:href="dpl-2012-10-01.xsd#dpl_CostSales" xlink:label="dpl_CostSales" xlink:title="definition: TotalCostsDefault to CostSales"/>
    <definitionArc xlink:type="arc" xlink:arcrole="http://xbrl.org/int/dim/arcrole/domain-member" xlink:from="dpl_TotalCostsDefault" xlink:to="dpl_CostSales" xlink:title="definition: TotalCostsDefault to CostSales" use="optional" order="1.0"/>
    <loc xlink:type="locator" xlink:href="dpl-2012-10-01.xsd#dpl_DistributionCosts" xlink:label="dpl_DistributionCosts" xlink:title="definition: TotalCostsDefault to DistributionCosts"/>
    <definitionArc xlink:type="arc" xlink:arcrole="http://xbrl.org/int/dim/arcrole/domain-member" xlink:from="dpl_TotalCostsDefault" xlink:to="dpl_DistributionCosts" xlink:title="definition: TotalCostsDefault to DistributionCosts" use="optional" order="2.0"/>
    <loc xlink:type="locator" xlink:href="dpl-2012-10-01.xsd#dpl_AdministrativeExpenses" xlink:label="dpl_AdministrativeExpenses" xlink:title="definition: TotalCostsDefault to AdministrativeExpesnses"/>
    <definitionArc xlink:type="arc" xlink:arcrole="http://xbrl.org/int/dim/arcrole/domain-member" xlink:from="dpl_TotalCostsDefault" xlink:to="dpl_AdministrativeExpenses" xlink:title="definition: TotalCostsDefault to AdministrativeExpesnses" use="optional" order="3.0"/>
  </definitionLink>
  <definitionLink xlink:type="extended" xlink:role="http://www.govtalk.gov.uk/uk/fr/tax/dpl-core/2012-10-01/role/Dimension-ExpenseType">
    <loc xlink:type="locator" xlink:href="dpl-2012-10-01.xsd#dpl_ExpenseTypeDimension" xlink:label="dpl_ExpenseTypeDimension" xlink:title="definition: ExpenseTypeDimension to TotalCostsDefault"/>
    <loc xlink:type="locator" xlink:href="dpl-2012-10-01.xsd#dpl_TotalCostsDefault" xlink:label="dpl_TotalCostsDefault" xlink:title="definition: ExpenseTypeDimension to TotalCostsDefault"/>
    <definitionArc xlink:type="arc" xlink:arcrole="http://xbrl.org/int/dim/arcrole/dimension-default" xlink:from="dpl_ExpenseTypeDimension" xlink:to="dpl_TotalCostsDefault" xlink:title="definition: ExpenseTypeDimension to TotalCostsDefault" use="optional" priority="1" order="2.0"/>
  </definitionLink>
  <definitionLink xlink:type="extended" xlink:role="http://www.govtalk.gov.uk/uk/fr/tax/dpl-core/2012-10-01/role/Dimension-ExceptionalNonExceptionaltems">
    <loc xlink:type="locator" xlink:href="dpl-2012-10-01.xsd#dpl_ExceptionalNon-exceptionalItemsDimension" xlink:label="dpl_ExceptionalNon-exceptionalItemsDimension" xlink:title="definition: ExceptionalNon-exceptionalItemsDimension to TotalExceptionalNon-exceptionalDefault"/>
    <loc xlink:type="locator" xlink:href="dpl-2012-10-01.xsd#dpl_TotalExceptionalNon-exceptionalDefault" xlink:label="dpl_TotalExceptionalNon-exceptionalDefault" xlink:title="definition: ExceptionalNon-exceptionalItemsDimension to TotalExceptionalNon-exceptionalDefault"/>
    <definitionArc xlink:type="arc" xlink:arcrole="http://xbrl.org/int/dim/arcrole/dimension-domain" xlink:from="dpl_ExceptionalNon-exceptionalItemsDimension" xlink:to="dpl_TotalExceptionalNon-exceptionalDefault" xlink:title="definition: ExceptionalNon-exceptionalItemsDimension to TotalExceptionalNon-exceptionalDefault" use="optional" order="1.0"/>
    <loc xlink:type="locator" xlink:href="dpl-2012-10-01.xsd#dpl_Non-exceptional" xlink:label="dpl_Non-exceptional" xlink:title="definition: TotalExceptionalNon-exceptionalDefault to Non-exceptional"/>
    <definitionArc xlink:type="arc" xlink:arcrole="http://xbrl.org/int/dim/arcrole/domain-member" xlink:from="dpl_TotalExceptionalNon-exceptionalDefault" xlink:to="dpl_Non-exceptional" xlink:title="definition: TotalExceptionalNon-exceptionalDefault to Non-exceptional" use="optional" order="1.0"/>
    <loc xlink:type="locator" xlink:href="dpl-2012-10-01.xsd#dpl_Exceptional" xlink:label="dpl_Exceptional" xlink:title="definition: TotalExceptionalNon-exceptionalDefault to Exceptional"/>
    <definitionArc xlink:type="arc" xlink:arcrole="http://xbrl.org/int/dim/arcrole/domain-member" xlink:from="dpl_TotalExceptionalNon-exceptionalDefault" xlink:to="dpl_Exceptional" xlink:title="definition: TotalExceptionalNon-exceptionalDefault to Exceptional" use="optional" order="2.0"/>
  </definitionLink>
  <definitionLink xlink:type="extended" xlink:role="http://www.govtalk.gov.uk/uk/fr/tax/dpl-core/2012-10-01/role/Dimension-ExceptionalNonExceptionaltems">
    <loc xlink:type="locator" xlink:href="dpl-2012-10-01.xsd#dpl_ExceptionalNon-exceptionalItemsDimension" xlink:label="dpl_ExceptionalNon-exceptionalItemsDimension" xlink:title="definition: ExceptionalNon-exceptionalItemsDimension to TotalExceptionalNon-exceptionalDefault"/>
    <loc xlink:type="locator" xlink:href="dpl-2012-10-01.xsd#dpl_TotalExceptionalNon-exceptionalDefault" xlink:label="dpl_TotalExceptionalNon-exceptionalDefault" xlink:title="definition: ExceptionalNon-exceptionalItemsDimension to TotalExceptionalNon-exceptionalDefault"/>
    <definitionArc xlink:type="arc" xlink:arcrole="http://xbrl.org/int/dim/arcrole/dimension-default" xlink:from="dpl_ExceptionalNon-exceptionalItemsDimension" xlink:to="dpl_TotalExceptionalNon-exceptionalDefault" xlink:title="definition: ExceptionalNon-exceptionalItemsDimension to TotalExceptionalNon-exceptionalDefault" use="optional" priority="1" order="2.0"/>
  </definitionLink>
  <definitionLink xlink:type="extended" xlink:role="http://www.govtalk.gov.uk/uk/fr/tax/dpl-core/2012-10-01/role/Dimension-DetailedAnalysis">
    <loc xlink:type="locator" xlink:href="dpl-2012-10-01.xsd#dpl_DetailedAnalysisDimension" xlink:label="dpl_DetailedAnalysisDimension" xlink:title="definition: DetailedAnalysisDimension to TotalItemsDefault"/>
    <loc xlink:type="locator" xlink:href="dpl-2012-10-01.xsd#dpl_TotalItemsDefault" xlink:label="dpl_TotalItemsDefault" xlink:title="definition: DetailedAnalysisDimension to TotalItemsDefault"/>
    <definitionArc xlink:type="arc" xlink:arcrole="http://xbrl.org/int/dim/arcrole/dimension-domain" xlink:from="dpl_DetailedAnalysisDimension" xlink:to="dpl_TotalItemsDefault" xlink:title="definition: DetailedAnalysisDimension to TotalItemsDefault" use="optional" order="1.0"/>
    <loc xlink:type="locator" xlink:href="dpl-2012-10-01.xsd#dpl_Item1" xlink:label="dpl_Item1" xlink:title="definition: TotalItemsDefault to Item1"/>
    <definitionArc xlink:type="arc" xlink:arcrole="http://xbrl.org/int/dim/arcrole/domain-member" xlink:from="dpl_TotalItemsDefault" xlink:to="dpl_Item1" xlink:title="definition: TotalItemsDefault to Item1" use="optional" order="1.0"/>
    <loc xlink:type="locator" xlink:href="dpl-2012-10-01.xsd#dpl_Item2" xlink:label="dpl_Item2" xlink:title="definition: TotalItemsDefault to Item2"/>
    <definitionArc xlink:type="arc" xlink:arcrole="http://xbrl.org/int/dim/arcrole/domain-member" xlink:from="dpl_TotalItemsDefault" xlink:to="dpl_Item2" xlink:title="definition: TotalItemsDefault to Item2" use="optional" order="2.0"/>
    <loc xlink:type="locator" xlink:href="dpl-2012-10-01.xsd#dpl_Item3" xlink:label="dpl_Item3" xlink:title="definition: TotalItemsDefault to Item3"/>
    <definitionArc xlink:type="arc" xlink:arcrole="http://xbrl.org/int/dim/arcrole/domain-member" xlink:from="dpl_TotalItemsDefault" xlink:to="dpl_Item3" xlink:title="definition: TotalItemsDefault to Item3" use="optional" order="3.0"/>
    <loc xlink:type="locator" xlink:href="dpl-2012-10-01.xsd#dpl_Item4" xlink:label="dpl_Item4" xlink:title="definition: TotalItemsDefault to Item4"/>
    <definitionArc xlink:type="arc" xlink:arcrole="http://xbrl.org/int/dim/arcrole/domain-member" xlink:from="dpl_TotalItemsDefault" xlink:to="dpl_Item4" xlink:title="definition: TotalItemsDefault to Item4" use="optional" order="4.0"/>
    <loc xlink:type="locator" xlink:href="dpl-2012-10-01.xsd#dpl_Item5" xlink:label="dpl_Item5" xlink:title="definition: TotalItemsDefault to Item5"/>
    <definitionArc xlink:type="arc" xlink:arcrole="http://xbrl.org/int/dim/arcrole/domain-member" xlink:from="dpl_TotalItemsDefault" xlink:to="dpl_Item5" xlink:title="definition: TotalItemsDefault to Item5" use="optional" order="5.0"/>
    <loc xlink:type="locator" xlink:href="dpl-2012-10-01.xsd#dpl_Item6" xlink:label="dpl_Item6" xlink:title="definition: TotalItemsDefault to Item6"/>
    <definitionArc xlink:type="arc" xlink:arcrole="http://xbrl.org/int/dim/arcrole/domain-member" xlink:from="dpl_TotalItemsDefault" xlink:to="dpl_Item6" xlink:title="definition: TotalItemsDefault to Item6" use="optional" order="6.0"/>
    <loc xlink:type="locator" xlink:href="dpl-2012-10-01.xsd#dpl_Item7" xlink:label="dpl_Item7" xlink:title="definition: TotalItemsDefault to Item7"/>
    <definitionArc xlink:type="arc" xlink:arcrole="http://xbrl.org/int/dim/arcrole/domain-member" xlink:from="dpl_TotalItemsDefault" xlink:to="dpl_Item7" xlink:title="definition: TotalItemsDefault to Item7" use="optional" order="7.0"/>
    <loc xlink:type="locator" xlink:href="dpl-2012-10-01.xsd#dpl_Item8" xlink:label="dpl_Item8" xlink:title="definition: TotalItemsDefault to Item8"/>
    <definitionArc xlink:type="arc" xlink:arcrole="http://xbrl.org/int/dim/arcrole/domain-member" xlink:from="dpl_TotalItemsDefault" xlink:to="dpl_Item8" xlink:title="definition: TotalItemsDefault to Item8" use="optional" order="8.0"/>
    <loc xlink:type="locator" xlink:href="dpl-2012-10-01.xsd#dpl_Item9" xlink:label="dpl_Item9" xlink:title="definition: TotalItemsDefault to Item9"/>
    <definitionArc xlink:type="arc" xlink:arcrole="http://xbrl.org/int/dim/arcrole/domain-member" xlink:from="dpl_TotalItemsDefault" xlink:to="dpl_Item9" xlink:title="definition: TotalItemsDefault to Item9" use="optional" order="9.0"/>
    <loc xlink:type="locator" xlink:href="dpl-2012-10-01.xsd#dpl_Item10" xlink:label="dpl_Item10" xlink:title="definition: TotalItemsDefault to Item10"/>
    <definitionArc xlink:type="arc" xlink:arcrole="http://xbrl.org/int/dim/arcrole/domain-member" xlink:from="dpl_TotalItemsDefault" xlink:to="dpl_Item10" xlink:title="definition: TotalItemsDefault to Item10" use="optional" order="10.0"/>
    <loc xlink:type="locator" xlink:href="dpl-2012-10-01.xsd#dpl_Item11" xlink:label="dpl_Item11" xlink:title="definition: TotalItemsDefault to Item11"/>
    <definitionArc xlink:type="arc" xlink:arcrole="http://xbrl.org/int/dim/arcrole/domain-member" xlink:from="dpl_TotalItemsDefault" xlink:to="dpl_Item11" xlink:title="definition: TotalItemsDefault to Item11" use="optional" order="11.0"/>
    <loc xlink:type="locator" xlink:href="dpl-2012-10-01.xsd#dpl_Item12" xlink:label="dpl_Item12" xlink:title="definition: TotalItemsDefault to Item12"/>
    <definitionArc xlink:type="arc" xlink:arcrole="http://xbrl.org/int/dim/arcrole/domain-member" xlink:from="dpl_TotalItemsDefault" xlink:to="dpl_Item12" xlink:title="definition: TotalItemsDefault to Item12" use="optional" order="12.0"/>
    <loc xlink:type="locator" xlink:href="dpl-2012-10-01.xsd#dpl_Item13" xlink:label="dpl_Item13" xlink:title="definition: TotalItemsDefault to Item13"/>
    <definitionArc xlink:type="arc" xlink:arcrole="http://xbrl.org/int/dim/arcrole/domain-member" xlink:from="dpl_TotalItemsDefault" xlink:to="dpl_Item13" xlink:title="definition: TotalItemsDefault to Item13" use="optional" order="13.0"/>
    <loc xlink:type="locator" xlink:href="dpl-2012-10-01.xsd#dpl_Item14" xlink:label="dpl_Item14" xlink:title="definition: TotalItemsDefault to Item14"/>
    <definitionArc xlink:type="arc" xlink:arcrole="http://xbrl.org/int/dim/arcrole/domain-member" xlink:from="dpl_TotalItemsDefault" xlink:to="dpl_Item14" xlink:title="definition: TotalItemsDefault to Item14" use="optional" order="14.0"/>
    <loc xlink:type="locator" xlink:href="dpl-2012-10-01.xsd#dpl_Item15" xlink:label="dpl_Item15" xlink:title="definition: TotalItemsDefault to Item15"/>
    <definitionArc xlink:type="arc" xlink:arcrole="http://xbrl.org/int/dim/arcrole/domain-member" xlink:from="dpl_TotalItemsDefault" xlink:to="dpl_Item15" xlink:title="definition: TotalItemsDefault to Item15" use="optional" order="15.0"/>
    <loc xlink:type="locator" xlink:href="dpl-2012-10-01.xsd#dpl_Item16" xlink:label="dpl_Item16" xlink:title="definition: TotalItemsDefault to Item16"/>
    <definitionArc xlink:type="arc" xlink:arcrole="http://xbrl.org/int/dim/arcrole/domain-member" xlink:from="dpl_TotalItemsDefault" xlink:to="dpl_Item16" xlink:title="definition: TotalItemsDefault to Item16" use="optional" order="16.0"/>
    <loc xlink:type="locator" xlink:href="dpl-2012-10-01.xsd#dpl_Item17" xlink:label="dpl_Item17" xlink:title="definition: TotalItemsDefault to Item17"/>
    <definitionArc xlink:type="arc" xlink:arcrole="http://xbrl.org/int/dim/arcrole/domain-member" xlink:from="dpl_TotalItemsDefault" xlink:to="dpl_Item17" xlink:title="definition: TotalItemsDefault to Item17" use="optional" order="17.0"/>
    <loc xlink:type="locator" xlink:href="dpl-2012-10-01.xsd#dpl_Item18" xlink:label="dpl_Item18" xlink:title="definition: TotalItemsDefault to Item18"/>
    <definitionArc xlink:type="arc" xlink:arcrole="http://xbrl.org/int/dim/arcrole/domain-member" xlink:from="dpl_TotalItemsDefault" xlink:to="dpl_Item18" xlink:title="definition: TotalItemsDefault to Item18" use="optional" order="18.0"/>
    <loc xlink:type="locator" xlink:href="dpl-2012-10-01.xsd#dpl_Item19" xlink:label="dpl_Item19" xlink:title="definition: TotalItemsDefault to Item19"/>
    <definitionArc xlink:type="arc" xlink:arcrole="http://xbrl.org/int/dim/arcrole/domain-member" xlink:from="dpl_TotalItemsDefault" xlink:to="dpl_Item19" xlink:title="definition: TotalItemsDefault to Item19" use="optional" order="19.0"/>
    <loc xlink:type="locator" xlink:href="dpl-2012-10-01.xsd#dpl_Item20" xlink:label="dpl_Item20" xlink:title="definition: TotalItemsDefault to Item20"/>
    <definitionArc xlink:type="arc" xlink:arcrole="http://xbrl.org/int/dim/arcrole/domain-member" xlink:from="dpl_TotalItemsDefault" xlink:to="dpl_Item20" xlink:title="definition: TotalItemsDefault to Item20" use="optional" order="20.0"/>
    <loc xlink:type="locator" xlink:href="dpl-2012-10-01.xsd#dpl_Item21" xlink:label="dpl_Item21" xlink:title="definition: TotalItemsDefault to Item21"/>
    <definitionArc xlink:type="arc" xlink:arcrole="http://xbrl.org/int/dim/arcrole/domain-member" xlink:from="dpl_TotalItemsDefault" xlink:to="dpl_Item21" xlink:title="definition: TotalItemsDefault to Item21" use="optional" order="21.0"/>
    <loc xlink:type="locator" xlink:href="dpl-2012-10-01.xsd#dpl_Item22" xlink:label="dpl_Item22" xlink:title="definition: TotalItemsDefault to Item22"/>
    <definitionArc xlink:type="arc" xlink:arcrole="http://xbrl.org/int/dim/arcrole/domain-member" xlink:from="dpl_TotalItemsDefault" xlink:to="dpl_Item22" xlink:title="definition: TotalItemsDefault to Item22" use="optional" order="22.0"/>
    <loc xlink:type="locator" xlink:href="dpl-2012-10-01.xsd#dpl_Item23" xlink:label="dpl_Item23" xlink:title="definition: TotalItemsDefault to Item23"/>
    <definitionArc xlink:type="arc" xlink:arcrole="http://xbrl.org/int/dim/arcrole/domain-member" xlink:from="dpl_TotalItemsDefault" xlink:to="dpl_Item23" xlink:title="definition: TotalItemsDefault to Item23" use="optional" order="23.0"/>
    <loc xlink:type="locator" xlink:href="dpl-2012-10-01.xsd#dpl_Item24" xlink:label="dpl_Item24" xlink:title="definition: TotalItemsDefault to Item24"/>
    <definitionArc xlink:type="arc" xlink:arcrole="http://xbrl.org/int/dim/arcrole/domain-member" xlink:from="dpl_TotalItemsDefault" xlink:to="dpl_Item24" xlink:title="definition: TotalItemsDefault to Item24" use="optional" order="24.0"/>
    <loc xlink:type="locator" xlink:href="dpl-2012-10-01.xsd#dpl_Item25" xlink:label="dpl_Item25" xlink:title="definition: TotalItemsDefault to Item25"/>
    <definitionArc xlink:type="arc" xlink:arcrole="http://xbrl.org/int/dim/arcrole/domain-member" xlink:from="dpl_TotalItemsDefault" xlink:to="dpl_Item25" xlink:title="definition: TotalItemsDefault to Item25" use="optional" order="25.0"/>
    <loc xlink:type="locator" xlink:href="dpl-2012-10-01.xsd#dpl_Item26" xlink:label="dpl_Item26" xlink:title="definition: TotalItemsDefault to Item26"/>
    <definitionArc xlink:type="arc" xlink:arcrole="http://xbrl.org/int/dim/arcrole/domain-member" xlink:from="dpl_TotalItemsDefault" xlink:to="dpl_Item26" xlink:title="definition: TotalItemsDefault to Item26" use="optional" order="26.0"/>
    <loc xlink:type="locator" xlink:href="dpl-2012-10-01.xsd#dpl_Item27" xlink:label="dpl_Item27" xlink:title="definition: TotalItemsDefault to Item27"/>
    <definitionArc xlink:type="arc" xlink:arcrole="http://xbrl.org/int/dim/arcrole/domain-member" xlink:from="dpl_TotalItemsDefault" xlink:to="dpl_Item27" xlink:title="definition: TotalItemsDefault to Item27" use="optional" order="27.0"/>
    <loc xlink:type="locator" xlink:href="dpl-2012-10-01.xsd#dpl_Item28" xlink:label="dpl_Item28" xlink:title="definition: TotalItemsDefault to Item28"/>
    <definitionArc xlink:type="arc" xlink:arcrole="http://xbrl.org/int/dim/arcrole/domain-member" xlink:from="dpl_TotalItemsDefault" xlink:to="dpl_Item28" xlink:title="definition: TotalItemsDefault to Item28" use="optional" order="28.0"/>
    <loc xlink:type="locator" xlink:href="dpl-2012-10-01.xsd#dpl_Item29" xlink:label="dpl_Item29" xlink:title="definition: TotalItemsDefault to Item29"/>
    <definitionArc xlink:type="arc" xlink:arcrole="http://xbrl.org/int/dim/arcrole/domain-member" xlink:from="dpl_TotalItemsDefault" xlink:to="dpl_Item29" xlink:title="definition: TotalItemsDefault to Item29" use="optional" order="29.0"/>
    <loc xlink:type="locator" xlink:href="dpl-2012-10-01.xsd#dpl_Item30" xlink:label="dpl_Item30" xlink:title="definition: TotalItemsDefault to Item30"/>
    <definitionArc xlink:type="arc" xlink:arcrole="http://xbrl.org/int/dim/arcrole/domain-member" xlink:from="dpl_TotalItemsDefault" xlink:to="dpl_Item30" xlink:title="definition: TotalItemsDefault to Item30" use="optional" order="30.0"/>
    <loc xlink:type="locator" xlink:href="dpl-2012-10-01.xsd#dpl_Item31" xlink:label="dpl_Item31" xlink:title="definition: TotalItemsDefault to Item31"/>
    <definitionArc xlink:type="arc" xlink:arcrole="http://xbrl.org/int/dim/arcrole/domain-member" xlink:from="dpl_TotalItemsDefault" xlink:to="dpl_Item31" xlink:title="definition: TotalItemsDefault to Item31" use="optional" order="31.0"/>
    <loc xlink:type="locator" xlink:href="dpl-2012-10-01.xsd#dpl_Item32" xlink:label="dpl_Item32" xlink:title="definition: TotalItemsDefault to Item32"/>
    <definitionArc xlink:type="arc" xlink:arcrole="http://xbrl.org/int/dim/arcrole/domain-member" xlink:from="dpl_TotalItemsDefault" xlink:to="dpl_Item32" xlink:title="definition: TotalItemsDefault to Item32" use="optional" order="32.0"/>
    <loc xlink:type="locator" xlink:href="dpl-2012-10-01.xsd#dpl_Item33" xlink:label="dpl_Item33" xlink:title="definition: TotalItemsDefault to Item33"/>
    <definitionArc xlink:type="arc" xlink:arcrole="http://xbrl.org/int/dim/arcrole/domain-member" xlink:from="dpl_TotalItemsDefault" xlink:to="dpl_Item33" xlink:title="definition: TotalItemsDefault to Item33" use="optional" order="33.0"/>
    <loc xlink:type="locator" xlink:href="dpl-2012-10-01.xsd#dpl_Item34" xlink:label="dpl_Item34" xlink:title="definition: TotalItemsDefault to Item34"/>
    <definitionArc xlink:type="arc" xlink:arcrole="http://xbrl.org/int/dim/arcrole/domain-member" xlink:from="dpl_TotalItemsDefault" xlink:to="dpl_Item34" xlink:title="definition: TotalItemsDefault to Item34" use="optional" order="34.0"/>
    <loc xlink:type="locator" xlink:href="dpl-2012-10-01.xsd#dpl_Item35" xlink:label="dpl_Item35" xlink:title="definition: TotalItemsDefault to Item35"/>
    <definitionArc xlink:type="arc" xlink:arcrole="http://xbrl.org/int/dim/arcrole/domain-member" xlink:from="dpl_TotalItemsDefault" xlink:to="dpl_Item35" xlink:title="definition: TotalItemsDefault to Item35" use="optional" order="35.0"/>
    <loc xlink:type="locator" xlink:href="dpl-2012-10-01.xsd#dpl_Item36" xlink:label="dpl_Item36" xlink:title="definition: TotalItemsDefault to Item36"/>
    <definitionArc xlink:type="arc" xlink:arcrole="http://xbrl.org/int/dim/arcrole/domain-member" xlink:from="dpl_TotalItemsDefault" xlink:to="dpl_Item36" xlink:title="definition: TotalItemsDefault to Item36" use="optional" order="36.0"/>
    <loc xlink:type="locator" xlink:href="dpl-2012-10-01.xsd#dpl_Item37" xlink:label="dpl_Item37" xlink:title="definition: TotalItemsDefault to Item37"/>
    <definitionArc xlink:type="arc" xlink:arcrole="http://xbrl.org/int/dim/arcrole/domain-member" xlink:from="dpl_TotalItemsDefault" xlink:to="dpl_Item37" xlink:title="definition: TotalItemsDefault to Item37" use="optional" order="37.0"/>
    <loc xlink:type="locator" xlink:href="dpl-2012-10-01.xsd#dpl_Item38" xlink:label="dpl_Item38" xlink:title="definition: TotalItemsDefault to Item38"/>
    <definitionArc xlink:type="arc" xlink:arcrole="http://xbrl.org/int/dim/arcrole/domain-member" xlink:from="dpl_TotalItemsDefault" xlink:to="dpl_Item38" xlink:title="definition: TotalItemsDefault to Item38" use="optional" order="38.0"/>
    <loc xlink:type="locator" xlink:href="dpl-2012-10-01.xsd#dpl_Item39" xlink:label="dpl_Item39" xlink:title="definition: TotalItemsDefault to Item39"/>
    <definitionArc xlink:type="arc" xlink:arcrole="http://xbrl.org/int/dim/arcrole/domain-member" xlink:from="dpl_TotalItemsDefault" xlink:to="dpl_Item39" xlink:title="definition: TotalItemsDefault to Item39" use="optional" order="39.0"/>
    <loc xlink:type="locator" xlink:href="dpl-2012-10-01.xsd#dpl_Item40" xlink:label="dpl_Item40" xlink:title="definition: TotalItemsDefault to Item40"/>
    <definitionArc xlink:type="arc" xlink:arcrole="http://xbrl.org/int/dim/arcrole/domain-member" xlink:from="dpl_TotalItemsDefault" xlink:to="dpl_Item40" xlink:title="definition: TotalItemsDefault to Item40" use="optional" order="40.0"/>
  </definitionLink>
  <definitionLink xlink:type="extended" xlink:role="http://www.govtalk.gov.uk/uk/fr/tax/dpl-core/2012-10-01/role/Dimension-DetailedAnalysis">
    <loc xlink:type="locator" xlink:href="dpl-2012-10-01.xsd#dpl_DetailedAnalysisDimension" xlink:label="dpl_DetailedAnalysisDimension" xlink:title="definition: DetailedAnalysisDimension to TotalItemsDefault"/>
    <loc xlink:type="locator" xlink:href="dpl-2012-10-01.xsd#dpl_TotalItemsDefault" xlink:label="dpl_TotalItemsDefault" xlink:title="definition: DetailedAnalysisDimension to TotalItemsDefault"/>
    <definitionArc xlink:type="arc" xlink:arcrole="http://xbrl.org/int/dim/arcrole/dimension-default" xlink:from="dpl_DetailedAnalysisDimension" xlink:to="dpl_TotalItemsDefault" xlink:title="definition: DetailedAnalysisDimension to TotalItemsDefault" use="optional" priority="1" order="2.0"/>
  </definitionLink>
  <definitionLink xlink:type="extended" xlink:role="http://www.govtalk.gov.uk/uk/fr/tax/dpl-core/2012-10-01/role/Dimension-IntraExtraGroupTransactions">
    <loc xlink:type="locator" xlink:href="dpl-2012-10-01.xsd#dpl_IntraExtraGroupTransactionsDimension" xlink:label="dpl_IntraExtraGroupTransactionsDimension" xlink:title="definition: IntraExtraGroupTransactionsDimension to TotalTransactionsDefault"/>
    <loc xlink:type="locator" xlink:href="dpl-2012-10-01.xsd#dpl_TotalTransactionsDefault" xlink:label="dpl_TotalTransactionsDefault" xlink:title="definition: IntraExtraGroupTransactionsDimension to TotalTransactionsDefault"/>
    <definitionArc xlink:type="arc" xlink:arcrole="http://xbrl.org/int/dim/arcrole/dimension-domain" xlink:from="dpl_IntraExtraGroupTransactionsDimension" xlink:to="dpl_TotalTransactionsDefault" xlink:title="definition: IntraExtraGroupTransactionsDimension to TotalTransactionsDefault" use="optional" order="1.0"/>
    <loc xlink:type="locator" xlink:href="dpl-2012-10-01.xsd#dpl_GroupUndertakings" xlink:label="dpl_GroupUndertakings" xlink:title="definition: TotalTransactionsDefault to GroupUndertakings"/>
    <definitionArc xlink:type="arc" xlink:arcrole="http://xbrl.org/int/dim/arcrole/domain-member" xlink:from="dpl_TotalTransactionsDefault" xlink:to="dpl_GroupUndertakings" xlink:title="definition: TotalTransactionsDefault to GroupUndertakings" use="optional" order="1.0"/>
    <loc xlink:type="locator" xlink:href="dpl-2012-10-01.xsd#dpl_Parent" xlink:label="dpl_Parent" xlink:title="definition: GroupUndertakings to Parent"/>
    <definitionArc xlink:type="arc" xlink:arcrole="http://xbrl.org/int/dim/arcrole/domain-member" xlink:from="dpl_GroupUndertakings" xlink:to="dpl_Parent" xlink:title="definition: GroupUndertakings to Parent" use="optional" order="1.0"/>
    <loc xlink:type="locator" xlink:href="dpl-2012-10-01.xsd#dpl_SubsidiariesOtherGroupUndertakings" xlink:label="dpl_SubsidiariesOtherGroupUndertakings" xlink:title="definition: GroupUndertakings to SubsidiariesOtherGroupUndertakings"/>
    <definitionArc xlink:type="arc" xlink:arcrole="http://xbrl.org/int/dim/arcrole/domain-member" xlink:from="dpl_GroupUndertakings" xlink:to="dpl_SubsidiariesOtherGroupUndertakings" xlink:title="definition: GroupUndertakings to SubsidiariesOtherGroupUndertakings" use="optional" order="2.0"/>
    <loc xlink:type="locator" xlink:href="dpl-2012-10-01.xsd#dpl_JointVentures" xlink:label="dpl_JointVentures" xlink:title="definition: TotalTransactionsDefault to JointVentures"/>
    <definitionArc xlink:type="arc" xlink:arcrole="http://xbrl.org/int/dim/arcrole/domain-member" xlink:from="dpl_TotalTransactionsDefault" xlink:to="dpl_JointVentures" xlink:title="definition: TotalTransactionsDefault to JointVentures" use="optional" order="2.0"/>
    <loc xlink:type="locator" xlink:href="dpl-2012-10-01.xsd#dpl_Associates" xlink:label="dpl_Associates" xlink:title="definition: TotalTransactionsDefault to Associates"/>
    <definitionArc xlink:type="arc" xlink:arcrole="http://xbrl.org/int/dim/arcrole/domain-member" xlink:from="dpl_TotalTransactionsDefault" xlink:to="dpl_Associates" xlink:title="definition: TotalTransactionsDefault to Associates" use="optional" order="3.0"/>
    <loc xlink:type="locator" xlink:href="dpl-2012-10-01.xsd#dpl_ParticipatingInterests" xlink:label="dpl_ParticipatingInterests" xlink:title="definition: TotalTransactionsDefault to ParticipatingInterests"/>
    <definitionArc xlink:type="arc" xlink:arcrole="http://xbrl.org/int/dim/arcrole/domain-member" xlink:from="dpl_TotalTransactionsDefault" xlink:to="dpl_ParticipatingInterests" xlink:title="definition: TotalTransactionsDefault to ParticipatingInterests" use="optional" order="4.0"/>
    <loc xlink:type="locator" xlink:href="dpl-2012-10-01.xsd#dpl_ThirdPartiesOutsideGroup" xlink:label="dpl_ThirdPartiesOutsideGroup" xlink:title="definition: TotalTransactionsDefault to ThirdPartiesOutsideGroup"/>
    <definitionArc xlink:type="arc" xlink:arcrole="http://xbrl.org/int/dim/arcrole/domain-member" xlink:from="dpl_TotalTransactionsDefault" xlink:to="dpl_ThirdPartiesOutsideGroup" xlink:title="definition: TotalTransactionsDefault to ThirdPartiesOutsideGroup" use="optional" order="5.0"/>
  </definitionLink>
  <definitionLink xlink:type="extended" xlink:role="http://www.govtalk.gov.uk/uk/fr/tax/dpl-core/2012-10-01/role/Dimension-IntraExtraGroupTransactions">
    <loc xlink:type="locator" xlink:href="dpl-2012-10-01.xsd#dpl_IntraExtraGroupTransactionsDimension" xlink:label="dpl_IntraExtraGroupTransactionsDimension" xlink:title="definition: IntraExtraGroupTransactionsDimension to TotalTransactionsDefault"/>
    <loc xlink:type="locator" xlink:href="dpl-2012-10-01.xsd#dpl_TotalTransactionsDefault" xlink:label="dpl_TotalTransactionsDefault" xlink:title="definition: IntraExtraGroupTransactionsDimension to TotalTransactionsDefault"/>
    <definitionArc xlink:type="arc" xlink:arcrole="http://xbrl.org/int/dim/arcrole/dimension-default" xlink:from="dpl_IntraExtraGroupTransactionsDimension" xlink:to="dpl_TotalTransactionsDefault" xlink:title="definition: IntraExtraGroupTransactionsDimension to TotalTransactionsDefault" use="optional" priority="1" order="2.0"/>
  </definitionLink>
  <definitionLink xlink:type="extended" xlink:role="http://www.govtalk.gov.uk/uk/fr/tax/dpl-core/2012-10-01/role/Hypercube-DetailedProfitAndLoss">
    <loc xlink:type="locator" xlink:href="dpl-2012-10-01.xsd#dpl_ItemsInheritingDetailedProfitLossDimensions" xlink:label="dpl_ItemsInheritingDetailedProfitLossDimensions"/>
    <loc xlink:type="locator" xlink:href="dpl-2012-10-01.xsd#dpl_DetailedProfitLossHypercube" xlink:label="dpl_DetailedProfitLossHypercube"/>
    <definitionArc xlink:type="arc" xlink:arcrole="http://xbrl.org/int/dim/arcrole/all" xlink:from="dpl_ItemsInheritingDetailedProfitLossDimensions" xlink:to="dpl_DetailedProfitLossHypercube" use="optional" order="1.0" xbrldt:contextElement="segment"/>
    <loc xlink:type="locator" xlink:href="dpl-2012-10-01.xsd#dpl_ActivityDimension" xlink:label="dpl_ActivityDimension" xlink:title="definition: DetailedProfitLossHypercube to ActivityDimension"/>
    <definitionArc xlink:type="arc" xlink:arcrole="http://xbrl.org/int/dim/arcrole/hypercube-dimension" xlink:from="dpl_DetailedProfitLossHypercube" xlink:to="dpl_ActivityDimension" xlink:title="definition: DetailedProfitLossHypercube to ActivityDimension" use="optional" order="1.0" xbrldt:targetRole="http://www.govtalk.gov.uk/uk/fr/tax/dpl-core/2012-10-01/role/Dimension-Activity"/>
    <loc xlink:type="locator" xlink:href="dpl-2012-10-01.xsd#dpl_ExpenseTypeDimension" xlink:label="dpl_ExpenseTypeDimension" xlink:title="definition: DetailedProfitLossHypercube to ExpenseTypeDimension"/>
    <definitionArc xlink:type="arc" xlink:arcrole="http://xbrl.org/int/dim/arcrole/hypercube-dimension" xlink:from="dpl_DetailedProfitLossHypercube" xlink:to="dpl_ExpenseTypeDimension" xlink:title="definition: DetailedProfitLossHypercube to ExpenseTypeDimension" use="optional" order="2.0" xbrldt:targetRole="http://www.govtalk.gov.uk/uk/fr/tax/dpl-core/2012-10-01/role/Dimension-ExpenseType"/>
    <loc xlink:type="locator" xlink:href="dpl-2012-10-01.xsd#dpl_ExceptionalNon-exceptionalItemsDimension" xlink:label="dpl_ExceptionalNon-exceptionalItemsDimension" xlink:title="definition: DetailedProfitLossHypercube to ExceptionalNon-exceptionalItemsDimension"/>
    <definitionArc xlink:type="arc" xlink:arcrole="http://xbrl.org/int/dim/arcrole/hypercube-dimension" xlink:from="dpl_DetailedProfitLossHypercube" xlink:to="dpl_ExceptionalNon-exceptionalItemsDimension" xlink:title="definition: DetailedProfitLossHypercube to ExceptionalNon-exceptionalItemsDimension" use="optional" order="3.0" xbrldt:targetRole="http://www.govtalk.gov.uk/uk/fr/tax/dpl-core/2012-10-01/role/Dimension-ExceptionalNonExceptionaltems"/>
    <loc xlink:type="locator" xlink:href="dpl-2012-10-01.xsd#dpl_DetailedAnalysisDimension" xlink:label="dpl_DetailedAnalysisDimension" xlink:title="definition: DetailedProfitLossHypercube to DetailedAnalysisDimension"/>
    <definitionArc xlink:type="arc" xlink:arcrole="http://xbrl.org/int/dim/arcrole/hypercube-dimension" xlink:from="dpl_DetailedProfitLossHypercube" xlink:to="dpl_DetailedAnalysisDimension" xlink:title="definition: DetailedProfitLossHypercube to DetailedAnalysisDimension" use="optional" order="4.0" xbrldt:targetRole="http://www.govtalk.gov.uk/uk/fr/tax/dpl-core/2012-10-01/role/Dimension-DetailedAnalysis"/>
    <loc xlink:type="locator" xlink:href="dpl-2012-10-01.xsd#dpl_IntraExtraGroupTransactionsDimension" xlink:label="dpl_IntraExtraGroupTransactionsDimension" xlink:title="definition: DetailedProfitLossHypercube to IntraExtraGroupTransactionsDimension"/>
    <definitionArc xlink:type="arc" xlink:arcrole="http://xbrl.org/int/dim/arcrole/hypercube-dimension" xlink:from="dpl_DetailedProfitLossHypercube" xlink:to="dpl_IntraExtraGroupTransactionsDimension" xlink:title="definition: DetailedProfitLossHypercube to IntraExtraGroupTransactionsDimension" use="optional" order="5.0" xbrldt:targetRole="http://www.govtalk.gov.uk/uk/fr/tax/dpl-core/2012-10-01/role/Dimension-IntraExtraGroupTransactions"/>
    <loc xlink:type="locator" xlink:href="http://www.xbrl.org/uk/cd/countries-regions/2009-09-01/uk-countries-2009-09-01.xsd#uk-countries_CountriesDimension" xlink:label="uk-countries_CountriesDimension" xlink:title="definition: DetailedProfitLossHypercube to CountriesDimension"/>
    <definitionArc xlink:type="arc" xlink:arcrole="http://xbrl.org/int/dim/arcrole/hypercube-dimension" xlink:from="dpl_DetailedProfitLossHypercube" xlink:to="uk-countries_CountriesDimension" xlink:title="definition: DetailedProfitLossHypercube to CountriesDimension" use="optional" order="6.0" xbrldt:targetRole="http://www.xbrl.org/uk/all/role/Dimension-CountriesAndRegions"/>
  </definitionLink>
</linkbase>
