<?xml version="1.0" encoding="UTF-8"?>
<IE815Config>
  <!--logging level range from 0 - 8. 1=SEVERE, 8=All, 0=OFF-->
  <logginglevel>8</logginglevel>
  <logfile>logs\\logs.txt</logfile>
	<Identity>
		<ServiceMessageType>HMRC-EMCS-IE815-DIRECT</ServiceMessageType>
		<EnvelopeNamespace>http://www.govtalk.gov.uk/CM/envelope</EnvelopeNamespace>
		<MessageNamespace>http://emcs.dgtaxud.ec/v10/cd815/ie</MessageNamespace>
	</Identity> 
	<Handlers>
	    <Handler ExitOnError="false">uk.gov.hmrc.aspire.lts.requesthandlers.MetaDataHandler</Handler>
	    <Handler ExitOnError="true">uk.gov.hmrc.aspire.lts.requesthandlers.AuthenticationHandler</Handler>
	     <Handler ExitOnError="true">uk.gov.hmrc.aspire.lts.requesthandlers.ValidationHandler</Handler>
   	    <Handler ExitOnError="true">uk.gov.hmrc.aspire.lts.requesthandlers.HMRCMarkHandler</Handler>	       
	</Handlers>
	<Data>
		<MetaData key="MessageClass">/Envelope/GovTalkMessage/Header/MessageDetails/Class</MetaData>
		<MetaData key="GatewayTimestamp">/Envelope/GovTalkMessage/Header/MessageDetails/GatewayTimestamp</MetaData>
		<MetaData key="Username">/Envelope/Header/Security/UsernameToken/Username</MetaData>
		<MetaData key="IR_HMRC_Mark">/Envelope/Header/Security/BinarySecurityToken</MetaData>		
	</Data>
</IE815Config>