<?xml version="1.0" encoding="UTF-8"?>
<ie818Config>
	<!--logging level range from 0 - 8. 1=SEVERE, 8=All, 0=OFF-->
	<logginglevel>8</logginglevel>
	<logfile>logs\\logs.txt</logfile>
	<Identity>
		<ServiceMessageType>HMRC-EMCS-IE818-DIRECT</ServiceMessageType>
		<EnvelopeNamespace>http://www.govtalk.gov.uk/CM/envelope</EnvelopeNamespace>
		<MessageNamespace>http://emcs.dgtaxud.ec/v10/cd818/ie</MessageNamespace>
	</Identity>
	<Handlers>
		<Handler ExitOnError="false">uk.gov.hmrc.aspire.lts.requesthandlers.MetaDataHandler</Handler>
		<Handler ExitOnError="true">uk.gov.hmrc.aspire.lts.requesthandlers.AuthenticationHandler</Handler>
		<Handler ExitOnError="true">uk.gov.hmrc.aspire.lts.requesthandlers.ValidationHandler</Handler>
		<Handler ExitOnError="true">uk.gov.hmrc.aspire.lts.requesthandlers.HMRCMarkHandler</Handler>
	</Handlers>
	<Data>
		<MetaData key="MessageClass">/GovTalkMessage/Header/MessageDetails/Class</MetaData>
		<MetaData key="GatewayTimestamp">/GovTalkMessage/Header/MessageDetails/GatewayTimestamp</MetaData>
		<MetaData key="TaxpayerName">/GovTalkMessage/Body/IRenvelope/MTR/TaxpayerName</MetaData>
		<MetaData key="PeriodEnd">/GovTalkMessage/Body/IRenvelope/IRheader/PeriodEnd</MetaData>
		<MetaData key="ConsigneeTraderID">/Envelope/Body/CD818A/Body/AcceptedOrRejectedReportOfReceipt/ConsigneeTrader/Traderid</MetaData>
		<MetaData key="ConsigneeTraderName">/Envelope/Body/CD818A/Body/AcceptedOrRejectedReportOfReceipt/ConsigneeTrader/TraderName</MetaData>
		<MetaData key="EAAD">/Envelope/Body/CD818A/Body/AcceptedOrRejectedReportOfReceipt/ExciseMovementEaad/AadReferenceCode</MetaData>
		<MetaData key="DeliveryPlaceTraderID">/Envelope/Body/CD818A/Body/AcceptedOrRejectedReportOfReceipt/DeliveryPlaceTrader/Traderid</MetaData>
		<MetaData key="DeliveryPlaceTraderName">/Envelope/Body/CD818A/Body/AcceptedOrRejectedReportOfReceipt/DeliveryPlaceTrader/TraderName</MetaData>
		<MetaData key="DestOfficeRefNumber">/Envelope/Body/CD818A/Body/AcceptedOrRejectedReportOfReceipt/DestinationOffice/ReferenceNumber</MetaData>
		<MetaData key="DateOfArrival">/Envelope/Body/CD818A/Body/AcceptedOrRejectedReportOfReceipt/ReportOfReceipt/DateOfArrivalOfExciseProducts</MetaData>
		<MetaData key="ProductCode">/Envelope/Body/CD818A/Body/AcceptedOrRejectedReportOfReceipt/BodyReportOfReceipt/ExciseProductCode</MetaData>
		<MetaData key="Username">/Envelope/Header/Security/UsernameToken/Username</MetaData>
		<MetaData key="IR_HMRC_Mark">/Envelope/Header/Security/BinarySecurityToken</MetaData>
	</Data>
</ie818Config>
