<?xml version="1.0" encoding="UTF-8"?>
<MSGConfig>
	<Data>
		<MetaData key="HMRC-SA-SA100">HMRC-SA-SA100</MetaData>
		<MetaData key="HMRC-SA-SA100-ATT">HMRC-SA-SA100-ATT</MetaData>
		<MetaData key="HMRC-SA-SA100-TIL">HMRC-SA-SA100-TIL</MetaData>
		<MetaData key="HMRC-SA-SA100-ATT-TIL">HMRC-SA-SA100-ATT-TIL</MetaData>
		<MetaData key="HMRC-SA-SA800">HMRC-SA-SA800</MetaData>
		<MetaData key="HMRC-SA-SA800-ATT">HMRC-SA-SA800-ATT</MetaData>
		<MetaData key="HMRC-SA-SA800-TIL">HMRC-SA-SA800-TIL</MetaData>
		<MetaData key="HMRC-SA-SA800-ATT-TIL">HMRC-SA-SA800-ATT-TIL</MetaData>
		<MetaData key="HMRC-SA-SA900">HMRC-SA-SA900</MetaData>
		<MetaData key="HMRC-SA-SA900-ATT">HMRC-SA-SA900-ATT</MetaData>
		<MetaData key="HMRC-SA-SA900-TIL">HMRC-SA-SA900-TIL</MetaData>
		<MetaData key="HMRC-SA-SA900-ATT-TIL">HMRC-SA-SA900-ATT-TIL</MetaData>
		<MetaData key="HMRC_PEV_SA">HMRC_PEV_SA</MetaData>
		<MetaData key="HMRC-PEV-SA">HMRC-PEV-SA</MetaData>
		<MetaData key="HMRC_PEQ_SA">HMRC_PEQ_SA</MetaData>
		<MetaData key="IR-PEQ-SA">IR-PEQ-SA</MetaData>
		<MetaData key="IR-PAYE-MOV">IR-PAYE-MOV</MetaData>
		<MetaData key="IR-PAYE-MOV-TIL">IR-PAYE-MOV-TIL</MetaData>
		<MetaData key="HMRC-PS-PAYE-EOY-S">HMRC-PS-PAYE-EOY-S</MetaData>
		<MetaData key="HMRC-PS-PAYE-EOY-F">HMRC-PS-PAYE-EOY-F</MetaData>
		<MetaData key="IR-PEQ-PAYE">IR-PEQ-PAYE</MetaData>
		<MetaData key="HMRC-NDDS-DDI">HMRC-NDDS-DDI</MetaData>
		<MetaData key="ACK_HMRC-SA-SA100">ACK_HMRC-SA-SA100</MetaData>
		<MetaData key="ACK_HMRC-SA-SA800">ACK_HMRC-SA-SA800</MetaData>
		<MetaData key="ACK_HMRC-SA-SA900">ACK_HMRC-SA-SA900</MetaData>
		<MetaData key="ACK_HMRC-SA-SA100-ATT">ACK_HMRC-SA-SA100-ATT</MetaData>
		<MetaData key="ACK_HMRC-SA-SA800-ATT">ACK_HMRC-SA-SA800-ATT</MetaData>
		<MetaData key="ACK_HMRC-SA-SA900-ATT">ACK_HMRC-SA-SA900-ATT</MetaData>
		<MetaData key="HMRC-SG-ORG-MONTHLY-RETURN">HMRC-SG-ORG-MONTHLY-RETURN</MetaData>
		<MetaData key="HMRC-CT-CT600">HMRC-CT-CT600</MetaData>
		<MetaData key="HMRC-VAT-DEC">HMRC-VAT-DEC</MetaData>
		<MetaData key="IR-PAYE-EOY">IR-PAYE-EOY</MetaData>
		<MetaData key="IR-PAYE-P38A">IR-PAYE-P38A</MetaData>
	</Data>
</MSGConfig>
