<?xml version="1.0" encoding="UTF-8"?>
<GNSConfig>
  <!--logging level range from 0 - 8. 1=SEVERE, 8=All, 0=OFF-->
  <logginglevel>8</logginglevel>
  <logfile>logs\\logs.txt</logfile>
	<Identity>
		<ServiceMessageType>HMRC-SG-ACK-DIRECT</ServiceMessageType>
		<EnvelopeNamespace>http://www.govtalk.gov.uk/CM/envelope</EnvelopeNamespace>
		<MessageNamespace>http://www.govtalk.gov.uk/taxation/savingGateway/Acknowledgement/1</MessageNamespace>
	</Identity>
	<Handlers>
	    <Handler ExitOnError="false">uk.gov.hmrc.aspire.lts.requesthandlers.MetaDataHandler</Handler>
	     <Handler ExitOnError="true">uk.gov.hmrc.aspire.lts.requesthandlers.ValidationHandler</Handler>
	     <Handler ExitOnError="false">uk.gov.hmrc.aspire.lts.requesthandlers.GovTalkDownloadHandler</Handler>	    
	</Handlers>
	<Data>
		<MetaData key="MessageClass">/Envelope/Header/Info/ServiceMessageType</MetaData>
		<MetaData key="GatewayTimestamp">/Envelope/GovTalkMessage/Header/MessageDetails/GatewayTimestamp</MetaData>
		<MetaData key="Credential">/Envelope/Header/Security/UsernameToken/Username</MetaData>
	</Data>
</GNSConfig>