<?xml version="1.0" encoding="UTF-8"?>
<SGPRConfig>
  <!--logging level range from 0 - 8. 1=SEVERE, 8=All, 0=OFF-->
  <logginglevel>8</logginglevel>
  <logfile>logs\\logs.txt</logfile>
	<Identity>
		<ServiceMessageType>HMRC-SG-ORG-MONTHLY-RETURN</ServiceMessageType>
		<EnvelopeNamespace>http://www.govtalk.gov.uk/CM/envelope</EnvelopeNamespace>
		<MessageNamespace>http://www.govtalk.gov.uk/taxation/savingGateway/ProviderReturn/1</MessageNamespace>
	</Identity>
	<Handlers>
	    <Handler ExitOnError="false">uk.gov.hmrc.aspire.lts.requesthandlers.MetaDataHandler</Handler>
		<Handler ExitOnError="true">uk.gov.hmrc.aspire.lts.requesthandlers.ValidationHandler</Handler>
		<Handler ExitOnError="true">uk.gov.hmrc.aspire.lts.requesthandlers.IRMarkHandler</Handler>
		<Handler ExitOnError="true">uk.gov.hmrc.aspire.lts.requesthandlers.GovTalkDownloadHandler</Handler>
	</Handlers>
	<Data>
		<MetaData key="MessageClass">/GovTalkMessage/Header/MessageDetails/Class</MetaData>
		<MetaData key="IR_HMRC_Mark">/GovTalkMessage/Body/IRenvelope/IRheader/IRmark</MetaData>
		<MetaData key="SystemTimestamp">/GovTalkMessage/GovTalkDetails/ChannelRouting/Timestamp</MetaData>
		<MetaData key="Credential">/GovTalkMessage/GovTalkDetails/Keys/Key</MetaData>
	</Data>
</SGPRConfig>