<?xml version="1.0" encoding="UTF-8"?>

<!--
            Taxonomy: 2009-04-01 (Final)
            ********************** 
            Copyright © 2009 International Accounting Standards Committee (IASC) Foundation 
            This material is copyright of the IASC Foundation and all rights are reserved. 
            No part of this material may be translated, reprinted, reproduced or utilised in 
            any form or manner that is not expressly permitted by the IASC Foundations XBRL 
            IP Policy see: http://www.iasb.org/xbrl/ 
            ********************** 
            

        -->
<link:linkbase xmlns:xsi="http://www.w3.org/2001/XMLSchema-instance" xsi:schemaLocation="http://www.xbrl.org/2006/ref http://www.xbrl.org/2006/ref-2006-02-27.xsd http://www.xbrl.org/2003/linkbase http://www.xbrl.org/2003/xbrl-linkbase-2003-12-31.xsd" xmlns:link="http://www.xbrl.org/2003/linkbase" xmlns:ref="http://www.xbrl.org/2006/ref" xmlns:xlink="http://www.w3.org/1999/xlink">
  <link:roleRef roleURI="http://xbrl.iasb.org/role/reference/commonPracticeRef" xlink:type="simple" xlink:href="../../ifrs-roles_2009-04-01.xsd#commonPracticeRef"/>
  <link:referenceLink xlink:type="extended" xlink:role="http://www.xbrl.org/2003/role/link">
    <link:loc xlink:type="locator" xlink:href="../../ifrs-cor_2009-04-01.xsd#ifrs_CashAndCashEquivalents" xlink:label="loc"/>
    <link:loc xlink:type="locator" xlink:href="../../ifrs-cor_2009-04-01.xsd#ifrs_AdjustmentsForReconcileProfitLossAbstract" xlink:label="loc_2"/>
    <link:loc xlink:type="locator" xlink:href="../../ifrs-cor_2009-04-01.xsd#ifrs_CashAndCashEquivalentsAbstract" xlink:label="loc_3"/>
    <link:loc xlink:type="locator" xlink:href="../../ifrs-cor_2009-04-01.xsd#ifrs_CashFlowsFromUsedInFinancingActivitiesAbstract" xlink:label="loc_4"/>
    <link:loc xlink:type="locator" xlink:href="../../ifrs-cor_2009-04-01.xsd#ifrs_CashFlowsFromUsedInInvestingActivitiesAbstract" xlink:label="loc_6"/>
    <link:loc xlink:type="locator" xlink:href="../../ifrs-cor_2009-04-01.xsd#ifrs_CashFlowsFromUsedInOperatingActivitiesAbstract" xlink:label="loc_8"/>
    <link:loc xlink:type="locator" xlink:href="../../ifrs-cor_2009-04-01.xsd#ifrs_ClassesOfCashPaymentsAbstract" xlink:label="loc_9"/>
    <link:loc xlink:type="locator" xlink:href="../../ifrs-cor_2009-04-01.xsd#ifrs_ClassesOfCashReceiptsFromOperatingActivitiesAbstract" xlink:label="loc_10"/>
    <link:loc xlink:type="locator" xlink:href="../../ifrs-cor_2009-04-01.xsd#ifrs_StatementOfCashFlowsAbstract" xlink:label="loc_12"/>
    <link:loc xlink:type="locator" xlink:href="../../ifrs-cor_2009-04-01.xsd#ifrs_DisclosureOfAcquisitionAndDisposalOfSubsidiariesOrBusinessesExplanatory" xlink:label="loc_13"/>
    <link:loc xlink:type="locator" xlink:href="../../ifrs-cor_2009-04-01.xsd#ifrs_DisclosureOfCashFlowStatementExplanatory" xlink:label="loc_14"/>
    <link:loc xlink:type="locator" xlink:href="../../ifrs-cor_2009-04-01.xsd#ifrs_DisclosureOfInvestingAndFinancingTransactionsNotRequireUseOfCashOrCashEquivalentsExplanatory" xlink:label="loc_15"/>
    <link:loc xlink:type="locator" xlink:href="../../ifrs-cor_2009-04-01.xsd#ifrs_DescriptionOfAccountingPolicyToDetermineComponentsOfCashAndCashEquivalentsExplanatory" xlink:label="loc_16"/>
    <link:loc xlink:type="locator" xlink:href="../../ifrs-cor_2009-04-01.xsd#ifrs_EffectOfExchangeRateChangesOnCashAndCashEquivalentsAbstract" xlink:label="loc_17"/>
    <link:loc xlink:type="locator" xlink:href="../../ifrs-cor_2009-04-01.xsd#ifrs_CashFlowsUsedInObtainingControlOfSubsidiariesOrOtherBusinessesClassifiedAsInvestingActivities" xlink:label="loc_18"/>
    <link:loc xlink:type="locator" xlink:href="../../ifrs-cor_2009-04-01.xsd#ifrs_CashFlowsFromLosingControlOfSubsidiariesOrOtherBusinessesClassifiedAsInvestingActivities" xlink:label="loc_19"/>
    <link:loc xlink:type="locator" xlink:href="../../ifrs-cor_2009-04-01.xsd#ifrs_CashFlowsFromUsedInOperatingActivities" xlink:label="loc_20"/>
    <link:loc xlink:type="locator" xlink:href="../../ifrs-cor_2009-04-01.xsd#ifrs_EffectOfExchangeRateChangesOnCashAndCashEquivalents" xlink:label="loc_23"/>
    <link:loc xlink:type="locator" xlink:href="../../ifrs-cor_2009-04-01.xsd#ifrs_InterestReceivedClassifiedAsOperatingActivities" xlink:label="loc_24"/>
    <link:loc xlink:type="locator" xlink:href="../../ifrs-cor_2009-04-01.xsd#ifrs_InterestPaidClassifiedAsOperatingActivities" xlink:label="loc_25"/>
    <link:loc xlink:type="locator" xlink:href="../../ifrs-cor_2009-04-01.xsd#ifrs_DividendsReceivedClassifiedAsOperatingActivities" xlink:label="loc_26"/>
    <link:loc xlink:type="locator" xlink:href="../../ifrs-cor_2009-04-01.xsd#ifrs_InterestPaidClassifiedAsFinancingActivities" xlink:label="loc_27"/>
    <link:loc xlink:type="locator" xlink:href="../../ifrs-cor_2009-04-01.xsd#ifrs_InterestReceivedClassifiedAsInvestingActivities" xlink:label="loc_28"/>
    <link:loc xlink:type="locator" xlink:href="../../ifrs-cor_2009-04-01.xsd#ifrs_DividendsPaidClassifiedAsFinancingActivities" xlink:label="loc_29"/>
    <link:loc xlink:type="locator" xlink:href="../../ifrs-cor_2009-04-01.xsd#ifrs_DividendsPaidClassifiedAsOperatingActivities" xlink:label="loc_30"/>
    <link:loc xlink:type="locator" xlink:href="../../ifrs-cor_2009-04-01.xsd#ifrs_DividendsReceivedClassifiedAsInvestingActivities" xlink:label="loc_31"/>
    <link:loc xlink:type="locator" xlink:href="../../ifrs-cor_2009-04-01.xsd#ifrs_IncomeTaxesPaidRefundClassifiedAsInvestingActivities" xlink:label="loc_32"/>
    <link:loc xlink:type="locator" xlink:href="../../ifrs-cor_2009-04-01.xsd#ifrs_IncomeTaxesPaidRefundClassifiedAsOperatingActivities" xlink:label="loc_33"/>
    <link:loc xlink:type="locator" xlink:href="../../ifrs-cor_2009-04-01.xsd#ifrs_IncomeTaxesPaidRefundClassifiedAsFinancingActivities" xlink:label="loc_34"/>
    <link:loc xlink:type="locator" xlink:href="../../ifrs-cor_2009-04-01.xsd#ifrs_ExplanationOfPortionOfConsiderationConsistingOfCashAndCashEquivalents" xlink:label="loc_35"/>
    <link:loc xlink:type="locator" xlink:href="../../ifrs-cor_2009-04-01.xsd#ifrs_DescriptionOfAmountOfCashAndCashEquivalentsInSubsidiaryOrBusinessesAcquiredOrDisposed" xlink:label="loc_36"/>
    <link:loc xlink:type="locator" xlink:href="../../ifrs-cor_2009-04-01.xsd#ifrs_DescriptionOfAssetsAndLiabilitiesInSubsidiaryOrBusinessesAcquiredOrDisposed" xlink:label="loc_37"/>
    <link:loc xlink:type="locator" xlink:href="../../ifrs-cor_2009-04-01.xsd#ifrs_ExplanationOfTotalConsiderationPaidOrReceived" xlink:label="loc_38"/>
    <link:loc xlink:type="locator" xlink:href="../../ifrs-cor_2009-04-01.xsd#ifrs_ExplanationOfInvestingAndFinancingTransactionsNotRequireUseOfCashOrCashEquivalents" xlink:label="loc_39"/>
    <link:loc xlink:type="locator" xlink:href="../../ifrs-cor_2009-04-01.xsd#ifrs_IncreaseDecreaseInCashAndCashEquivalents" xlink:label="loc_40"/>
    <link:loc xlink:type="locator" xlink:href="../../ifrs-cor_2009-04-01.xsd#ifrs_DisclosureOfSignificantCashAndCashEquivalentsHoldByEntityUnavailableForUseByGroupExplanatory" xlink:label="loc_41"/>
    <link:loc xlink:type="locator" xlink:href="../../ifrs-cor_2009-04-01.xsd#ifrs_DisclosureOfAdditionalInformationAboutUnderstandingFinancialPositionsAndLiquidityOfEntityExplanatory" xlink:label="loc_43"/>
    <link:loc xlink:type="locator" xlink:href="../../ifrs-cor_2009-04-01.xsd#ifrs_DescriptionOfConversionOfDebtToEquity" xlink:label="loc_46"/>
    <link:loc xlink:type="locator" xlink:href="../../ifrs-cor_2009-04-01.xsd#ifrs_AdjustmentsForReconcileProfitLoss" xlink:label="loc_48"/>
    <link:loc xlink:type="locator" xlink:href="../../ifrs-cor_2009-04-01.xsd#ifrs_PaymentsForPremiumsAndClaimsAnnuitiesAndOtherPolicyBenefits" xlink:label="loc_49"/>
    <link:loc xlink:type="locator" xlink:href="../../ifrs-cor_2009-04-01.xsd#ifrs_ReceiptsFromPremiumsAndClaimsAnnuitiesAndOtherPolicyBenefits" xlink:label="loc_50"/>
    <link:loc xlink:type="locator" xlink:href="../../ifrs-cor_2009-04-01.xsd#ifrs_AdjustmentsForIncreaseDecreaseInOtherOperatingPayables" xlink:label="loc_51"/>
    <link:loc xlink:type="locator" xlink:href="../../ifrs-cor_2009-04-01.xsd#ifrs_AdjustmentsForIncreaseDecreaseInTradeAccountPayable" xlink:label="loc_52"/>
    <link:loc xlink:type="locator" xlink:href="../../ifrs-cor_2009-04-01.xsd#ifrs_AdjustmentsForDecreaseIncreaseInInventories" xlink:label="loc_53"/>
    <link:loc xlink:type="locator" xlink:href="../../ifrs-cor_2009-04-01.xsd#ifrs_AdjustmentsForDecreaseIncreaseInOtherOperatingReceivables" xlink:label="loc_54"/>
    <link:loc xlink:type="locator" xlink:href="../../ifrs-cor_2009-04-01.xsd#ifrs_AdjustmentsForDecreaseIncreaseInTradeAccountReceivable" xlink:label="loc_55"/>
    <link:loc xlink:type="locator" xlink:href="../../ifrs-cor_2009-04-01.xsd#ifrs_AdjustmentsForNoncontrollingInterests" xlink:label="loc_57"/>
    <link:loc xlink:type="locator" xlink:href="../../ifrs-cor_2009-04-01.xsd#ifrs_AdjustmentsForProvisions" xlink:label="loc_58"/>
    <link:loc xlink:type="locator" xlink:href="../../ifrs-cor_2009-04-01.xsd#ifrs_AdjustmentsForUndistributedProfitsOfAssociates" xlink:label="loc_59"/>
    <link:loc xlink:type="locator" xlink:href="../../ifrs-cor_2009-04-01.xsd#ifrs_OtherAdjustmentsForNoncashItems" xlink:label="loc_60"/>
    <link:loc xlink:type="locator" xlink:href="../../ifrs-cor_2009-04-01.xsd#ifrs_AdjustmentsForUnrealisedForeignExchangeLossesGains" xlink:label="loc_61"/>
    <link:loc xlink:type="locator" xlink:href="../../ifrs-cor_2009-04-01.xsd#ifrs_PaymentsFromContractsHeldForDealingOrTradingPurpose" xlink:label="loc_64"/>
    <link:loc xlink:type="locator" xlink:href="../../ifrs-cor_2009-04-01.xsd#ifrs_ReceiptsFromContractsHeldForDealingOrTradingPurpose" xlink:label="loc_65"/>
    <link:loc xlink:type="locator" xlink:href="../../ifrs-cor_2009-04-01.xsd#ifrs_OtherCashReceiptsFromOperatingActivities" xlink:label="loc_70"/>
    <link:loc xlink:type="locator" xlink:href="../../ifrs-cor_2009-04-01.xsd#ifrs_OtherCashPaymentsFromOperatingActivities" xlink:label="loc_71"/>
    <link:loc xlink:type="locator" xlink:href="../../ifrs-cor_2009-04-01.xsd#ifrs_OtherAdjustmentsForWhichCashEffectsAreInvestingOrFinancingCashFlow" xlink:label="loc_72"/>
    <link:loc xlink:type="locator" xlink:href="../../ifrs-cor_2009-04-01.xsd#ifrs_AdjustmentsForLossesGainsOnDisposalOfNoncurrentAssets" xlink:label="loc_73"/>
    <link:loc xlink:type="locator" xlink:href="../../ifrs-cor_2009-04-01.xsd#ifrs_PaymentsOfFinanceLeaseLiabilitiesClassifiedAsFinancingActivities" xlink:label="loc_74"/>
    <link:loc xlink:type="locator" xlink:href="../../ifrs-cor_2009-04-01.xsd#ifrs_PaymentsOfOtherEquityInstruments" xlink:label="loc_84"/>
    <link:loc xlink:type="locator" xlink:href="../../ifrs-cor_2009-04-01.xsd#ifrs_ProceedsFromIssuingOtherEquityInstruments" xlink:label="loc_86"/>
    <link:loc xlink:type="locator" xlink:href="../../ifrs-cor_2009-04-01.xsd#ifrs_ProceedsFromIssuingShares" xlink:label="loc_87"/>
    <link:loc xlink:type="locator" xlink:href="../../ifrs-cor_2009-04-01.xsd#ifrs_PaymentsToAcquireOrRedeemEntitysShares" xlink:label="loc_88"/>
    <link:loc xlink:type="locator" xlink:href="../../ifrs-cor_2009-04-01.xsd#ifrs_PaymentsToAndOnBehalfOfEmployees" xlink:label="loc_89"/>
    <link:loc xlink:type="locator" xlink:href="../../ifrs-cor_2009-04-01.xsd#ifrs_PaymentsToSuppliersForGoodsAndServices" xlink:label="loc_90"/>
    <link:loc xlink:type="locator" xlink:href="../../ifrs-cor_2009-04-01.xsd#ifrs_ProceedsFromSalesOfIntangibleAssetsClassifiedAsInvestingActivities" xlink:label="loc_91"/>
    <link:loc xlink:type="locator" xlink:href="../../ifrs-cor_2009-04-01.xsd#ifrs_ProceedsFromSalesOfPropertyPlantAndEquipmentClassifiedAsInvestingActivities" xlink:label="loc_92"/>
    <link:loc xlink:type="locator" xlink:href="../../ifrs-cor_2009-04-01.xsd#ifrs_ProceedsFromOtherLongtermAssetsClassifiedAsInvestingActivities" xlink:label="loc_94"/>
    <link:loc xlink:type="locator" xlink:href="../../ifrs-cor_2009-04-01.xsd#ifrs_ProceedsFromShorttermBorrowingsClassifiedAsFinancingActivities" xlink:label="loc_95"/>
    <link:loc xlink:type="locator" xlink:href="../../ifrs-cor_2009-04-01.xsd#ifrs_PurchaseOfIntangibleAssetsClassifiedAsInvestingActivities" xlink:label="loc_96"/>
    <link:loc xlink:type="locator" xlink:href="../../ifrs-cor_2009-04-01.xsd#ifrs_PurchaseOfPropertyPlantAndEquipmentClassifiedAsInvestingActivities" xlink:label="loc_98"/>
    <link:loc xlink:type="locator" xlink:href="../../ifrs-cor_2009-04-01.xsd#ifrs_PurchaseOfOtherLongtermAssetsClassifiedAsInvestingActivities" xlink:label="loc_99"/>
    <link:loc xlink:type="locator" xlink:href="../../ifrs-cor_2009-04-01.xsd#ifrs_ReceiptsFromRoyaltiesFeesCommissionsAndOtherRevenue" xlink:label="loc_100"/>
    <link:loc xlink:type="locator" xlink:href="../../ifrs-cor_2009-04-01.xsd#ifrs_ReceiptsFromSalesOfGoodsAndRenderingOfServices" xlink:label="loc_101"/>
    <link:loc xlink:type="locator" xlink:href="../../ifrs-cor_2009-04-01.xsd#ifrs_RepaymentsOfBorrowingsClassifiedAsFinancingActivities" xlink:label="loc_102"/>
    <link:loc xlink:type="locator" xlink:href="../../ifrs-cor_2009-04-01.xsd#ifrs_CashAdvancesAndLoansMadeToOtherPartiesClassifiedAsInvestingActivities" xlink:label="loc_103"/>
    <link:loc xlink:type="locator" xlink:href="../../ifrs-cor_2009-04-01.xsd#ifrs_CashPaymentsForFutureContractsForwardContractsOptionContractsAndSwapContractsClassifiedAsInvestingActivities" xlink:label="loc_104"/>
    <link:loc xlink:type="locator" xlink:href="../../ifrs-cor_2009-04-01.xsd#ifrs_CashReceiptsFromFutureContractsForwardContractsOptionContractsAndSwapContractsClassifiedAsInvestingActivities" xlink:label="loc_105"/>
    <link:loc xlink:type="locator" xlink:href="../../ifrs-cor_2009-04-01.xsd#ifrs_CashReceiptsFromRepaymentOfAdvancesAndLoansMadeToOtherPartiesClassifiedAsInvestingActivities" xlink:label="loc_106"/>
    <link:loc xlink:type="locator" xlink:href="../../ifrs-cor_2009-04-01.xsd#ifrs_OtherCashPaymentsToAcquireEquityOrDebtInstrumentsOfOtherEntitiesClassifiedAsInvestingActivities" xlink:label="loc_107"/>
    <link:loc xlink:type="locator" xlink:href="../../ifrs-cor_2009-04-01.xsd#ifrs_OtherCashPaymentsToAcquireInterestsInJointVenturesClassifiedAsInvestingActivities" xlink:label="loc_108"/>
    <link:loc xlink:type="locator" xlink:href="../../ifrs-cor_2009-04-01.xsd#ifrs_OtherCashReceiptsFromSalesOfEquityOrDebtInstrumentsOfOtherEntitiesClassifiedAsInvestingActivities" xlink:label="loc_109"/>
    <link:loc xlink:type="locator" xlink:href="../../ifrs-cor_2009-04-01.xsd#ifrs_OtherCashReceiptsFromSalesOfInterestsInJointVenturesClassifiedAsInvestingActivities" xlink:label="loc_110"/>
    <link:loc xlink:type="locator" xlink:href="../../ifrs-cor_2009-04-01.xsd#ifrs_BalancesWithBanks" xlink:label="loc_75"/>
    <link:loc xlink:type="locator" xlink:href="../../ifrs-cor_2009-04-01.xsd#ifrs_BankingArrangementsClassifiedAsCashEquivalents" xlink:label="loc_76"/>
    <link:loc xlink:type="locator" xlink:href="../../ifrs-cor_2009-04-01.xsd#ifrs_BankOverdraftsClassifiedAsCashEquivalents" xlink:label="loc_77"/>
    <link:loc xlink:type="locator" xlink:href="../../ifrs-cor_2009-04-01.xsd#ifrs_CashOnHand" xlink:label="loc_78"/>
    <link:loc xlink:type="locator" xlink:href="../../ifrs-cor_2009-04-01.xsd#ifrs_OtherCashAndCashEquivalents" xlink:label="loc_79"/>
    <link:loc xlink:type="locator" xlink:href="../../ifrs-cor_2009-04-01.xsd#ifrs_ShorttermDepositsClassifiedAsCashEquivalents" xlink:label="loc_80"/>
    <link:loc xlink:type="locator" xlink:href="../../ifrs-cor_2009-04-01.xsd#ifrs_ShorttermInvestmentsClassifiedAsCashEquivalents" xlink:label="loc_81"/>
    <link:loc xlink:type="locator" xlink:href="../../ifrs-cor_2009-04-01.xsd#ifrs_IncreaseDecreaseInCashAndCashEquivalentsBeforeEffectOfExchangeRateChanges" xlink:label="loc_111"/>
    <link:loc xlink:type="locator" xlink:href="../../ifrs-cor_2009-04-01.xsd#ifrs_OtherInflowsOutflowsOfCashClassifiedAsOperatingActivities" xlink:label="loc_82"/>
    <link:loc xlink:type="locator" xlink:href="../../ifrs-cor_2009-04-01.xsd#ifrs_OtherInflowsOutflowsOfCashClassifiedAsFinancingActivities" xlink:label="loc_68"/>
    <link:loc xlink:type="locator" xlink:href="../../ifrs-cor_2009-04-01.xsd#ifrs_OtherInflowsOutflowsOfCashClassifiedAsInvestingActivities" xlink:label="loc_69"/>
    <link:loc xlink:type="locator" xlink:href="../../ifrs-cor_2009-04-01.xsd#ifrs_ProceedsFromBorrowingsClassifiedAsFinancingActivities" xlink:label="loc_112"/>
    <link:loc xlink:type="locator" xlink:href="../../ifrs-cor_2009-04-01.xsd#ifrs_DescriptionOfAcquisitionOfAssetsByAssumingDirectlyRelatedLiabilitiesOrMeansOfFinanceLease" xlink:label="loc_22"/>
    <link:loc xlink:type="locator" xlink:href="../../ifrs-cor_2009-04-01.xsd#ifrs_DescriptionOfAcquisitionOfEntityByMeansOfEquityIssue" xlink:label="loc_44"/>
    <link:loc xlink:type="locator" xlink:href="../../ifrs-cor_2009-04-01.xsd#ifrs_DescriptionOfOtherNoncashInvestingAndFinancingTransactions" xlink:label="loc_47"/>
    <link:loc xlink:type="locator" xlink:href="../../ifrs-cor_2009-04-01.xsd#ifrs_CashFlowsFromUsedInInvestingActivities" xlink:label="loc_11"/>
    <link:loc xlink:type="locator" xlink:href="../../ifrs-cor_2009-04-01.xsd#ifrs_CashFlowsFromUsedInFinancingActivities" xlink:label="loc_21"/>
    <link:loc xlink:type="locator" xlink:href="../../ifrs-cor_2009-04-01.xsd#ifrs_CashFlowsUsedInPurchaseOfNoncontrollingInterests" xlink:label="loc_97"/>
    <link:loc xlink:type="locator" xlink:href="../../ifrs-cor_2009-04-01.xsd#ifrs_AdjustmentsForIncomeTaxExpense" xlink:label="loc_63"/>
    <link:loc xlink:type="locator" xlink:href="../../ifrs-cor_2009-04-01.xsd#ifrs_AdjustmentsForSharebasedPayments" xlink:label="loc_85"/>
    <link:loc xlink:type="locator" xlink:href="../../ifrs-cor_2009-04-01.xsd#ifrs_AdjustmentsForFairValueGainsLosses" xlink:label="loc_93"/>
    <link:loc xlink:type="locator" xlink:href="../../ifrs-cor_2009-04-01.xsd#ifrs_AdjustmentsForDepreciationAndAmortisationExpense" xlink:label="loc_45"/>
    <link:loc xlink:type="locator" xlink:href="../../ifrs-cor_2009-04-01.xsd#ifrs_AdjustmentsForImpairmentLossReversalOfImpairmentLossRecognisedInProfitOrLoss" xlink:label="loc_62"/>
    <link:reference xlink:type="resource" xlink:label="res_16" xlink:role="http://www.xbrl.org/2003/role/disclosureRef">
      <ref:Name>IAS</ref:Name>
      <ref:Number>7</ref:Number>
      <ref:IssueDate>2009-01-01</ref:IssueDate>
      <ref:Paragraph>45</ref:Paragraph>
    </link:reference>
    <link:reference xlink:type="resource" xlink:label="res" xlink:role="http://www.xbrl.org/2003/role/reference">
      <ref:Name>IAS</ref:Name>
      <ref:Number>7</ref:Number>
      <ref:IssueDate>2009-01-01</ref:IssueDate>
      <ref:Section>Presentation of a statement of cash flows</ref:Section>
    </link:reference>
    <link:reference xlink:type="resource" xlink:label="res_28" xlink:role="http://www.xbrl.org/2003/role/reference">
      <ref:Name>IAS</ref:Name>
      <ref:Number>7</ref:Number>
      <ref:IssueDate>2009-01-01</ref:IssueDate>
      <ref:Paragraph>17</ref:Paragraph>
    </link:reference>
    <link:reference xlink:type="resource" xlink:label="res_35" xlink:role="http://www.xbrl.org/2003/role/reference">
      <ref:Name>IAS</ref:Name>
      <ref:Number>7</ref:Number>
      <ref:IssueDate>2009-01-01</ref:IssueDate>
      <ref:Paragraph>16</ref:Paragraph>
    </link:reference>
    <link:reference xlink:type="resource" xlink:label="res_36" xlink:role="http://www.xbrl.org/2003/role/reference">
      <ref:Name>IAS</ref:Name>
      <ref:Number>7</ref:Number>
      <ref:IssueDate>2009-01-01</ref:IssueDate>
      <ref:Paragraph>13</ref:Paragraph>
    </link:reference>
    <link:reference xlink:type="resource" xlink:label="res_2" xlink:role="http://www.xbrl.org/2003/role/reference">
      <ref:Name>IAS</ref:Name>
      <ref:Number>7</ref:Number>
      <ref:IssueDate>2009-01-01</ref:IssueDate>
      <ref:Paragraph>10</ref:Paragraph>
    </link:reference>
    <link:reference xlink:type="resource" xlink:label="res_29" xlink:role="http://www.xbrl.org/2003/role/disclosureRef">
      <ref:Name>IAS</ref:Name>
      <ref:Number>7</ref:Number>
      <ref:IssueDate>2009-01-01</ref:IssueDate>
      <ref:Paragraph>46</ref:Paragraph>
    </link:reference>
    <link:reference xlink:type="resource" xlink:label="res_3" xlink:role="http://www.xbrl.org/2003/role/disclosureRef">
      <ref:Name>IAS</ref:Name>
      <ref:Number>7</ref:Number>
      <ref:IssueDate>2009-01-01</ref:IssueDate>
      <ref:Paragraph>39</ref:Paragraph>
    </link:reference>
    <link:reference xlink:type="resource" xlink:label="res_4" xlink:role="http://www.xbrl.org/2003/role/disclosureRef">
      <ref:Name>IAS</ref:Name>
      <ref:Number>7</ref:Number>
      <ref:IssueDate>2009-01-01</ref:IssueDate>
      <ref:Paragraph>18</ref:Paragraph>
    </link:reference>
    <link:reference xlink:type="resource" xlink:label="res_6" xlink:role="http://www.xbrl.org/2003/role/disclosureRef">
      <ref:Name>IAS</ref:Name>
      <ref:Number>7</ref:Number>
      <ref:IssueDate>2009-01-01</ref:IssueDate>
      <ref:Paragraph>25</ref:Paragraph>
    </link:reference>
    <link:reference xlink:type="resource" xlink:label="res_7" xlink:role="http://www.xbrl.org/2003/role/disclosureRef">
      <ref:Name>IAS</ref:Name>
      <ref:Number>7</ref:Number>
      <ref:IssueDate>2009-01-01</ref:IssueDate>
      <ref:Paragraph>28</ref:Paragraph>
    </link:reference>
    <link:reference xlink:type="resource" xlink:label="res_8" xlink:role="http://www.xbrl.org/2003/role/disclosureRef">
      <ref:Name>IAS</ref:Name>
      <ref:Number>7</ref:Number>
      <ref:IssueDate>2009-01-01</ref:IssueDate>
      <ref:Paragraph>31</ref:Paragraph>
    </link:reference>
    <link:reference xlink:type="resource" xlink:label="res_9" xlink:role="http://www.xbrl.org/2003/role/disclosureRef">
      <ref:Name>IAS</ref:Name>
      <ref:Number>7</ref:Number>
      <ref:IssueDate>2009-01-01</ref:IssueDate>
      <ref:Paragraph>35</ref:Paragraph>
    </link:reference>
    <link:reference xlink:type="resource" xlink:label="res_10" xlink:role="http://www.xbrl.org/2003/role/disclosureRef">
      <ref:Name>IAS</ref:Name>
      <ref:Number>7</ref:Number>
      <ref:IssueDate>2009-01-01</ref:IssueDate>
      <ref:Paragraph>14</ref:Paragraph>
      <ref:Subparagraph>f</ref:Subparagraph>
    </link:reference>
    <link:reference xlink:type="resource" xlink:label="res_11" xlink:role="http://www.xbrl.org/2003/role/disclosureRef">
      <ref:Name>IAS</ref:Name>
      <ref:Number>7</ref:Number>
      <ref:IssueDate>2009-01-01</ref:IssueDate>
      <ref:Paragraph>40</ref:Paragraph>
      <ref:Subparagraph>b</ref:Subparagraph>
    </link:reference>
    <link:reference xlink:type="resource" xlink:label="res_12" xlink:role="http://www.xbrl.org/2003/role/disclosureRef">
      <ref:Name>IAS</ref:Name>
      <ref:Number>7</ref:Number>
      <ref:IssueDate>2009-01-01</ref:IssueDate>
      <ref:Paragraph>40</ref:Paragraph>
      <ref:Subparagraph>c</ref:Subparagraph>
    </link:reference>
    <link:reference xlink:type="resource" xlink:label="res_13" xlink:role="http://www.xbrl.org/2003/role/disclosureRef">
      <ref:Name>IAS</ref:Name>
      <ref:Number>7</ref:Number>
      <ref:IssueDate>2009-01-01</ref:IssueDate>
      <ref:Paragraph>40</ref:Paragraph>
      <ref:Subparagraph>d</ref:Subparagraph>
    </link:reference>
    <link:reference xlink:type="resource" xlink:label="res_14" xlink:role="http://www.xbrl.org/2003/role/disclosureRef">
      <ref:Name>IAS</ref:Name>
      <ref:Number>7</ref:Number>
      <ref:IssueDate>2009-01-01</ref:IssueDate>
      <ref:Paragraph>40</ref:Paragraph>
      <ref:Subparagraph>a</ref:Subparagraph>
    </link:reference>
    <link:reference xlink:type="resource" xlink:label="res_15" xlink:role="http://www.xbrl.org/2003/role/disclosureRef">
      <ref:Name>IAS</ref:Name>
      <ref:Number>7</ref:Number>
      <ref:IssueDate>2009-01-01</ref:IssueDate>
      <ref:Paragraph>43</ref:Paragraph>
    </link:reference>
    <link:reference xlink:type="resource" xlink:label="res_17" xlink:role="http://www.xbrl.org/2003/role/disclosureRef">
      <ref:Name>IAS</ref:Name>
      <ref:Number>7</ref:Number>
      <ref:IssueDate>2009-01-01</ref:IssueDate>
      <ref:Paragraph>48</ref:Paragraph>
    </link:reference>
    <link:reference xlink:type="resource" xlink:label="res_18" xlink:role="http://www.xbrl.org/2003/role/disclosureRef">
      <ref:Name>IAS</ref:Name>
      <ref:Number>7</ref:Number>
      <ref:IssueDate>2009-01-01</ref:IssueDate>
      <ref:Paragraph>50</ref:Paragraph>
    </link:reference>
    <link:reference xlink:type="resource" xlink:label="res_20" xlink:role="http://www.xbrl.org/2003/role/disclosureRef">
      <ref:Name>IAS</ref:Name>
      <ref:Number>7</ref:Number>
      <ref:IssueDate>2009-01-01</ref:IssueDate>
      <ref:Paragraph>44</ref:Paragraph>
      <ref:Subparagraph>c</ref:Subparagraph>
    </link:reference>
    <link:reference xlink:type="resource" xlink:label="res_21" xlink:role="http://www.xbrl.org/2003/role/disclosureRef">
      <ref:Name>IAS</ref:Name>
      <ref:Number>7</ref:Number>
      <ref:IssueDate>2009-01-01</ref:IssueDate>
      <ref:Paragraph>20</ref:Paragraph>
    </link:reference>
    <link:reference xlink:type="resource" xlink:label="res_22" xlink:role="http://www.xbrl.org/2003/role/disclosureRef">
      <ref:Name>IAS</ref:Name>
      <ref:Number>7</ref:Number>
      <ref:IssueDate>2009-01-01</ref:IssueDate>
      <ref:Paragraph>14</ref:Paragraph>
      <ref:Subparagraph>e</ref:Subparagraph>
    </link:reference>
    <link:reference xlink:type="resource" xlink:label="res_23" xlink:role="http://xbrl.iasb.org/role/reference/commonPracticeRef">
      <ref:Name>IAS</ref:Name>
      <ref:Number>7</ref:Number>
      <ref:IssueDate>2009-01-01</ref:IssueDate>
      <ref:Paragraph>20</ref:Paragraph>
      <ref:Subparagraph>a</ref:Subparagraph>
    </link:reference>
    <link:reference xlink:type="resource" xlink:label="res_24" xlink:role="http://xbrl.iasb.org/role/reference/commonPracticeRef">
      <ref:Name>IAS</ref:Name>
      <ref:Number>7</ref:Number>
      <ref:IssueDate>2009-01-01</ref:IssueDate>
      <ref:Paragraph>20</ref:Paragraph>
      <ref:Subparagraph>b</ref:Subparagraph>
    </link:reference>
    <link:reference xlink:type="resource" xlink:label="res_25" xlink:role="http://xbrl.iasb.org/role/reference/commonPracticeRef">
      <ref:Name>IAS</ref:Name>
      <ref:Number>7</ref:Number>
      <ref:IssueDate>2009-01-01</ref:IssueDate>
      <ref:Paragraph>14</ref:Paragraph>
      <ref:Subparagraph>g</ref:Subparagraph>
    </link:reference>
    <link:reference xlink:type="resource" xlink:label="res_26" xlink:role="http://xbrl.iasb.org/role/reference/commonPracticeRef">
      <ref:Name>IAS</ref:Name>
      <ref:Number>7</ref:Number>
      <ref:IssueDate>2009-01-01</ref:IssueDate>
      <ref:Paragraph>14</ref:Paragraph>
    </link:reference>
    <link:reference xlink:type="resource" xlink:label="res_27" xlink:role="http://xbrl.iasb.org/role/reference/commonPracticeRef">
      <ref:Name>IAS</ref:Name>
      <ref:Number>7</ref:Number>
      <ref:IssueDate>2009-01-01</ref:IssueDate>
      <ref:Paragraph>20</ref:Paragraph>
      <ref:Subparagraph>c</ref:Subparagraph>
    </link:reference>
    <link:reference xlink:type="resource" xlink:label="res_30" xlink:role="http://xbrl.iasb.org/role/reference/commonPracticeRef">
      <ref:Name>IAS</ref:Name>
      <ref:Number>7</ref:Number>
      <ref:IssueDate>2009-01-01</ref:IssueDate>
      <ref:Paragraph>17</ref:Paragraph>
      <ref:Subparagraph>e</ref:Subparagraph>
    </link:reference>
    <link:reference xlink:type="resource" xlink:label="res_31" xlink:role="http://xbrl.iasb.org/role/reference/commonPracticeRef">
      <ref:Name>IAS</ref:Name>
      <ref:Number>7</ref:Number>
      <ref:IssueDate>2009-01-01</ref:IssueDate>
      <ref:Paragraph>17</ref:Paragraph>
      <ref:Subparagraph>a</ref:Subparagraph>
    </link:reference>
    <link:reference xlink:type="resource" xlink:label="res_32" xlink:role="http://xbrl.iasb.org/role/reference/commonPracticeRef">
      <ref:Name>IAS</ref:Name>
      <ref:Number>7</ref:Number>
      <ref:IssueDate>2009-01-01</ref:IssueDate>
      <ref:Paragraph>17</ref:Paragraph>
      <ref:Subparagraph>b</ref:Subparagraph>
    </link:reference>
    <link:reference xlink:type="resource" xlink:label="res_33" xlink:role="http://xbrl.iasb.org/role/reference/commonPracticeRef">
      <ref:Name>IAS</ref:Name>
      <ref:Number>7</ref:Number>
      <ref:IssueDate>2009-01-01</ref:IssueDate>
      <ref:Paragraph>14</ref:Paragraph>
      <ref:Subparagraph>d</ref:Subparagraph>
    </link:reference>
    <link:reference xlink:type="resource" xlink:label="res_34" xlink:role="http://xbrl.iasb.org/role/reference/commonPracticeRef">
      <ref:Name>IAS</ref:Name>
      <ref:Number>7</ref:Number>
      <ref:IssueDate>2009-01-01</ref:IssueDate>
      <ref:Paragraph>14</ref:Paragraph>
      <ref:Subparagraph>c</ref:Subparagraph>
    </link:reference>
    <link:reference xlink:type="resource" xlink:label="res_37" xlink:role="http://xbrl.iasb.org/role/reference/commonPracticeRef">
      <ref:Name>IAS</ref:Name>
      <ref:Number>7</ref:Number>
      <ref:IssueDate>2009-01-01</ref:IssueDate>
      <ref:Paragraph>16</ref:Paragraph>
      <ref:Subparagraph>b</ref:Subparagraph>
    </link:reference>
    <link:reference xlink:type="resource" xlink:label="res_38" xlink:role="http://xbrl.iasb.org/role/reference/commonPracticeRef">
      <ref:Name>IAS</ref:Name>
      <ref:Number>7</ref:Number>
      <ref:IssueDate>2009-01-01</ref:IssueDate>
      <ref:Paragraph>17</ref:Paragraph>
      <ref:Subparagraph>c</ref:Subparagraph>
    </link:reference>
    <link:reference xlink:type="resource" xlink:label="res_39" xlink:role="http://xbrl.iasb.org/role/reference/commonPracticeRef">
      <ref:Name>IAS</ref:Name>
      <ref:Number>7</ref:Number>
      <ref:IssueDate>2009-01-01</ref:IssueDate>
      <ref:Paragraph>16</ref:Paragraph>
      <ref:Subparagraph>a</ref:Subparagraph>
    </link:reference>
    <link:reference xlink:type="resource" xlink:label="res_41" xlink:role="http://xbrl.iasb.org/role/reference/commonPracticeRef">
      <ref:Name>IAS</ref:Name>
      <ref:Number>7</ref:Number>
      <ref:IssueDate>2009-01-01</ref:IssueDate>
      <ref:Paragraph>14</ref:Paragraph>
      <ref:Subparagraph>b</ref:Subparagraph>
    </link:reference>
    <link:reference xlink:type="resource" xlink:label="res_42" xlink:role="http://xbrl.iasb.org/role/reference/commonPracticeRef">
      <ref:Name>IAS</ref:Name>
      <ref:Number>7</ref:Number>
      <ref:IssueDate>2009-01-01</ref:IssueDate>
      <ref:Paragraph>14</ref:Paragraph>
      <ref:Subparagraph>a</ref:Subparagraph>
    </link:reference>
    <link:reference xlink:type="resource" xlink:label="res_43" xlink:role="http://xbrl.iasb.org/role/reference/commonPracticeRef">
      <ref:Name>IAS</ref:Name>
      <ref:Number>7</ref:Number>
      <ref:IssueDate>2009-01-01</ref:IssueDate>
      <ref:Paragraph>17</ref:Paragraph>
      <ref:Subparagraph>d</ref:Subparagraph>
    </link:reference>
    <link:reference xlink:type="resource" xlink:label="res_44" xlink:role="http://xbrl.iasb.org/role/reference/commonPracticeRef">
      <ref:Name>IAS</ref:Name>
      <ref:Number>7</ref:Number>
      <ref:IssueDate>2009-01-01</ref:IssueDate>
      <ref:Paragraph>16</ref:Paragraph>
      <ref:Subparagraph>e</ref:Subparagraph>
    </link:reference>
    <link:reference xlink:type="resource" xlink:label="res_45" xlink:role="http://xbrl.iasb.org/role/reference/commonPracticeRef">
      <ref:Name>IAS</ref:Name>
      <ref:Number>7</ref:Number>
      <ref:IssueDate>2009-01-01</ref:IssueDate>
      <ref:Paragraph>16</ref:Paragraph>
      <ref:Subparagraph>g</ref:Subparagraph>
    </link:reference>
    <link:reference xlink:type="resource" xlink:label="res_46" xlink:role="http://xbrl.iasb.org/role/reference/commonPracticeRef">
      <ref:Name>IAS</ref:Name>
      <ref:Number>7</ref:Number>
      <ref:IssueDate>2009-01-01</ref:IssueDate>
      <ref:Paragraph>16</ref:Paragraph>
      <ref:Subparagraph>h</ref:Subparagraph>
    </link:reference>
    <link:reference xlink:type="resource" xlink:label="res_47" xlink:role="http://xbrl.iasb.org/role/reference/commonPracticeRef">
      <ref:Name>IAS</ref:Name>
      <ref:Number>7</ref:Number>
      <ref:IssueDate>2009-01-01</ref:IssueDate>
      <ref:Paragraph>16</ref:Paragraph>
      <ref:Subparagraph>f</ref:Subparagraph>
    </link:reference>
    <link:reference xlink:type="resource" xlink:label="res_48" xlink:role="http://xbrl.iasb.org/role/reference/commonPracticeRef">
      <ref:Name>IAS</ref:Name>
      <ref:Number>7</ref:Number>
      <ref:IssueDate>2009-01-01</ref:IssueDate>
      <ref:Paragraph>16</ref:Paragraph>
      <ref:Subparagraph>c</ref:Subparagraph>
    </link:reference>
    <link:reference xlink:type="resource" xlink:label="res_49" xlink:role="http://xbrl.iasb.org/role/reference/commonPracticeRef">
      <ref:Name>IAS</ref:Name>
      <ref:Number>7</ref:Number>
      <ref:IssueDate>2009-01-01</ref:IssueDate>
      <ref:Paragraph>16</ref:Paragraph>
      <ref:Subparagraph>d</ref:Subparagraph>
    </link:reference>
    <link:reference xlink:type="resource" xlink:label="res_5" xlink:role="http://www.xbrl.org/2003/role/disclosureRef">
      <ref:Name>IAS</ref:Name>
      <ref:Number>7</ref:Number>
      <ref:IssueDate>2009-01-01</ref:IssueDate>
      <ref:Paragraph>21</ref:Paragraph>
    </link:reference>
    <link:reference xlink:type="resource" xlink:label="res_19" xlink:role="http://www.xbrl.org/2003/role/disclosureRef">
      <ref:Name>IAS</ref:Name>
      <ref:Number>7</ref:Number>
      <ref:IssueDate>2009-01-01</ref:IssueDate>
      <ref:Paragraph>44</ref:Paragraph>
      <ref:Subparagraph>a</ref:Subparagraph>
    </link:reference>
    <link:reference xlink:type="resource" xlink:label="res_50" xlink:role="http://www.xbrl.org/2003/role/disclosureRef">
      <ref:Name>IAS</ref:Name>
      <ref:Number>7</ref:Number>
      <ref:IssueDate>2009-01-01</ref:IssueDate>
      <ref:Paragraph>44</ref:Paragraph>
      <ref:Subparagraph>b</ref:Subparagraph>
    </link:reference>
    <link:reference xlink:type="resource" xlink:label="res_51" xlink:role="http://xbrl.iasb.org/role/reference/commonPracticeRef">
      <ref:Name>IAS</ref:Name>
      <ref:Number>7</ref:Number>
      <ref:IssueDate>2009-01-01</ref:IssueDate>
      <ref:Paragraph>21</ref:Paragraph>
    </link:reference>
    <link:referenceArc xlink:type="arc" xlink:arcrole="http://www.xbrl.org/2003/arcrole/concept-reference" xlink:from="loc" xlink:to="res_16"/>
    <link:referenceArc xlink:type="arc" xlink:arcrole="http://www.xbrl.org/2003/arcrole/concept-reference" xlink:from="loc_2" xlink:to="res"/>
    <link:referenceArc xlink:type="arc" xlink:arcrole="http://www.xbrl.org/2003/arcrole/concept-reference" xlink:from="loc_3" xlink:to="res"/>
    <link:referenceArc xlink:type="arc" xlink:arcrole="http://www.xbrl.org/2003/arcrole/concept-reference" xlink:from="loc_4" xlink:to="res_28"/>
    <link:referenceArc xlink:type="arc" xlink:arcrole="http://www.xbrl.org/2003/arcrole/concept-reference" xlink:from="loc_6" xlink:to="res_35"/>
    <link:referenceArc xlink:type="arc" xlink:arcrole="http://www.xbrl.org/2003/arcrole/concept-reference" xlink:from="loc_8" xlink:to="res_36"/>
    <link:referenceArc xlink:type="arc" xlink:arcrole="http://www.xbrl.org/2003/arcrole/concept-reference" xlink:from="loc_9" xlink:to="res"/>
    <link:referenceArc xlink:type="arc" xlink:arcrole="http://www.xbrl.org/2003/arcrole/concept-reference" xlink:from="loc_10" xlink:to="res"/>
    <link:referenceArc xlink:type="arc" xlink:arcrole="http://www.xbrl.org/2003/arcrole/concept-reference" xlink:from="loc_12" xlink:to="res_2"/>
    <link:referenceArc xlink:type="arc" xlink:arcrole="http://www.xbrl.org/2003/arcrole/concept-reference" xlink:from="loc_13" xlink:to="res"/>
    <link:referenceArc xlink:type="arc" xlink:arcrole="http://www.xbrl.org/2003/arcrole/concept-reference" xlink:from="loc_14" xlink:to="res"/>
    <link:referenceArc xlink:type="arc" xlink:arcrole="http://www.xbrl.org/2003/arcrole/concept-reference" xlink:from="loc_15" xlink:to="res"/>
    <link:referenceArc xlink:type="arc" xlink:arcrole="http://www.xbrl.org/2003/arcrole/concept-reference" xlink:from="loc_16" xlink:to="res_29"/>
    <link:referenceArc xlink:type="arc" xlink:arcrole="http://www.xbrl.org/2003/arcrole/concept-reference" xlink:from="loc_17" xlink:to="res"/>
    <link:referenceArc xlink:type="arc" xlink:arcrole="http://www.xbrl.org/2003/arcrole/concept-reference" xlink:from="loc_18" xlink:to="res_3"/>
    <link:referenceArc xlink:type="arc" xlink:arcrole="http://www.xbrl.org/2003/arcrole/concept-reference" xlink:from="loc_19" xlink:to="res_3"/>
    <link:referenceArc xlink:type="arc" xlink:arcrole="http://www.xbrl.org/2003/arcrole/concept-reference" xlink:from="loc_20" xlink:to="res_4"/>
    <link:referenceArc xlink:type="arc" xlink:arcrole="http://www.xbrl.org/2003/arcrole/concept-reference" xlink:from="loc_23" xlink:to="res_6"/>
    <link:referenceArc xlink:type="arc" xlink:arcrole="http://www.xbrl.org/2003/arcrole/concept-reference" xlink:from="loc_23" xlink:to="res_7"/>
    <link:referenceArc xlink:type="arc" xlink:arcrole="http://www.xbrl.org/2003/arcrole/concept-reference" xlink:from="loc_24" xlink:to="res_8"/>
    <link:referenceArc xlink:type="arc" xlink:arcrole="http://www.xbrl.org/2003/arcrole/concept-reference" xlink:from="loc_25" xlink:to="res_8"/>
    <link:referenceArc xlink:type="arc" xlink:arcrole="http://www.xbrl.org/2003/arcrole/concept-reference" xlink:from="loc_26" xlink:to="res_8"/>
    <link:referenceArc xlink:type="arc" xlink:arcrole="http://www.xbrl.org/2003/arcrole/concept-reference" xlink:from="loc_27" xlink:to="res_8"/>
    <link:referenceArc xlink:type="arc" xlink:arcrole="http://www.xbrl.org/2003/arcrole/concept-reference" xlink:from="loc_28" xlink:to="res_8"/>
    <link:referenceArc xlink:type="arc" xlink:arcrole="http://www.xbrl.org/2003/arcrole/concept-reference" xlink:from="loc_29" xlink:to="res_8"/>
    <link:referenceArc xlink:type="arc" xlink:arcrole="http://www.xbrl.org/2003/arcrole/concept-reference" xlink:from="loc_30" xlink:to="res_8"/>
    <link:referenceArc xlink:type="arc" xlink:arcrole="http://www.xbrl.org/2003/arcrole/concept-reference" xlink:from="loc_31" xlink:to="res_8"/>
    <link:referenceArc xlink:type="arc" xlink:arcrole="http://www.xbrl.org/2003/arcrole/concept-reference" xlink:from="loc_32" xlink:to="res_9"/>
    <link:referenceArc xlink:type="arc" xlink:arcrole="http://www.xbrl.org/2003/arcrole/concept-reference" xlink:from="loc_32" xlink:to="res_10"/>
    <link:referenceArc xlink:type="arc" xlink:arcrole="http://www.xbrl.org/2003/arcrole/concept-reference" xlink:from="loc_33" xlink:to="res_9"/>
    <link:referenceArc xlink:type="arc" xlink:arcrole="http://www.xbrl.org/2003/arcrole/concept-reference" xlink:from="loc_33" xlink:to="res_10"/>
    <link:referenceArc xlink:type="arc" xlink:arcrole="http://www.xbrl.org/2003/arcrole/concept-reference" xlink:from="loc_34" xlink:to="res_9"/>
    <link:referenceArc xlink:type="arc" xlink:arcrole="http://www.xbrl.org/2003/arcrole/concept-reference" xlink:from="loc_34" xlink:to="res_10"/>
    <link:referenceArc xlink:type="arc" xlink:arcrole="http://www.xbrl.org/2003/arcrole/concept-reference" xlink:from="loc_35" xlink:to="res_11"/>
    <link:referenceArc xlink:type="arc" xlink:arcrole="http://www.xbrl.org/2003/arcrole/concept-reference" xlink:from="loc_36" xlink:to="res_12"/>
    <link:referenceArc xlink:type="arc" xlink:arcrole="http://www.xbrl.org/2003/arcrole/concept-reference" xlink:from="loc_37" xlink:to="res_13"/>
    <link:referenceArc xlink:type="arc" xlink:arcrole="http://www.xbrl.org/2003/arcrole/concept-reference" xlink:from="loc_38" xlink:to="res_14"/>
    <link:referenceArc xlink:type="arc" xlink:arcrole="http://www.xbrl.org/2003/arcrole/concept-reference" xlink:from="loc_39" xlink:to="res_15"/>
    <link:referenceArc xlink:type="arc" xlink:arcrole="http://www.xbrl.org/2003/arcrole/concept-reference" xlink:from="loc_40" xlink:to="res_16"/>
    <link:referenceArc xlink:type="arc" xlink:arcrole="http://www.xbrl.org/2003/arcrole/concept-reference" xlink:from="loc_41" xlink:to="res_17"/>
    <link:referenceArc xlink:type="arc" xlink:arcrole="http://www.xbrl.org/2003/arcrole/concept-reference" xlink:from="loc_43" xlink:to="res_18"/>
    <link:referenceArc xlink:type="arc" xlink:arcrole="http://www.xbrl.org/2003/arcrole/concept-reference" xlink:from="loc_46" xlink:to="res_20"/>
    <link:referenceArc xlink:type="arc" xlink:arcrole="http://www.xbrl.org/2003/arcrole/concept-reference" xlink:from="loc_48" xlink:to="res_21"/>
    <link:referenceArc xlink:type="arc" xlink:arcrole="http://www.xbrl.org/2003/arcrole/concept-reference" xlink:from="loc_49" xlink:to="res_22"/>
    <link:referenceArc xlink:type="arc" xlink:arcrole="http://www.xbrl.org/2003/arcrole/concept-reference" xlink:from="loc_50" xlink:to="res_22"/>
    <link:referenceArc xlink:type="arc" xlink:arcrole="http://www.xbrl.org/2003/arcrole/concept-reference" xlink:from="loc_51" xlink:to="res_23"/>
    <link:referenceArc xlink:type="arc" xlink:arcrole="http://www.xbrl.org/2003/arcrole/concept-reference" xlink:from="loc_52" xlink:to="res_23"/>
    <link:referenceArc xlink:type="arc" xlink:arcrole="http://www.xbrl.org/2003/arcrole/concept-reference" xlink:from="loc_53" xlink:to="res_23"/>
    <link:referenceArc xlink:type="arc" xlink:arcrole="http://www.xbrl.org/2003/arcrole/concept-reference" xlink:from="loc_54" xlink:to="res_23"/>
    <link:referenceArc xlink:type="arc" xlink:arcrole="http://www.xbrl.org/2003/arcrole/concept-reference" xlink:from="loc_55" xlink:to="res_23"/>
    <link:referenceArc xlink:type="arc" xlink:arcrole="http://www.xbrl.org/2003/arcrole/concept-reference" xlink:from="loc_57" xlink:to="res_24"/>
    <link:referenceArc xlink:type="arc" xlink:arcrole="http://www.xbrl.org/2003/arcrole/concept-reference" xlink:from="loc_58" xlink:to="res_24"/>
    <link:referenceArc xlink:type="arc" xlink:arcrole="http://www.xbrl.org/2003/arcrole/concept-reference" xlink:from="loc_59" xlink:to="res_24"/>
    <link:referenceArc xlink:type="arc" xlink:arcrole="http://www.xbrl.org/2003/arcrole/concept-reference" xlink:from="loc_60" xlink:to="res_24"/>
    <link:referenceArc xlink:type="arc" xlink:arcrole="http://www.xbrl.org/2003/arcrole/concept-reference" xlink:from="loc_61" xlink:to="res_24"/>
    <link:referenceArc xlink:type="arc" xlink:arcrole="http://www.xbrl.org/2003/arcrole/concept-reference" xlink:from="loc_64" xlink:to="res_25"/>
    <link:referenceArc xlink:type="arc" xlink:arcrole="http://www.xbrl.org/2003/arcrole/concept-reference" xlink:from="loc_65" xlink:to="res_25"/>
    <link:referenceArc xlink:type="arc" xlink:arcrole="http://www.xbrl.org/2003/arcrole/concept-reference" xlink:from="loc_70" xlink:to="res_26"/>
    <link:referenceArc xlink:type="arc" xlink:arcrole="http://www.xbrl.org/2003/arcrole/concept-reference" xlink:from="loc_71" xlink:to="res_26"/>
    <link:referenceArc xlink:type="arc" xlink:arcrole="http://www.xbrl.org/2003/arcrole/concept-reference" xlink:from="loc_72" xlink:to="res_27"/>
    <link:referenceArc xlink:type="arc" xlink:arcrole="http://www.xbrl.org/2003/arcrole/concept-reference" xlink:from="loc_73" xlink:to="res_27"/>
    <link:referenceArc xlink:type="arc" xlink:arcrole="http://www.xbrl.org/2003/arcrole/concept-reference" xlink:from="loc_74" xlink:to="res_30"/>
    <link:referenceArc xlink:type="arc" xlink:arcrole="http://www.xbrl.org/2003/arcrole/concept-reference" xlink:from="loc_84" xlink:to="res_31"/>
    <link:referenceArc xlink:type="arc" xlink:arcrole="http://www.xbrl.org/2003/arcrole/concept-reference" xlink:from="loc_86" xlink:to="res_31"/>
    <link:referenceArc xlink:type="arc" xlink:arcrole="http://www.xbrl.org/2003/arcrole/concept-reference" xlink:from="loc_87" xlink:to="res_31"/>
    <link:referenceArc xlink:type="arc" xlink:arcrole="http://www.xbrl.org/2003/arcrole/concept-reference" xlink:from="loc_88" xlink:to="res_32"/>
    <link:referenceArc xlink:type="arc" xlink:arcrole="http://www.xbrl.org/2003/arcrole/concept-reference" xlink:from="loc_89" xlink:to="res_33"/>
    <link:referenceArc xlink:type="arc" xlink:arcrole="http://www.xbrl.org/2003/arcrole/concept-reference" xlink:from="loc_90" xlink:to="res_34"/>
    <link:referenceArc xlink:type="arc" xlink:arcrole="http://www.xbrl.org/2003/arcrole/concept-reference" xlink:from="loc_91" xlink:to="res_37"/>
    <link:referenceArc xlink:type="arc" xlink:arcrole="http://www.xbrl.org/2003/arcrole/concept-reference" xlink:from="loc_92" xlink:to="res_37"/>
    <link:referenceArc xlink:type="arc" xlink:arcrole="http://www.xbrl.org/2003/arcrole/concept-reference" xlink:from="loc_94" xlink:to="res_37"/>
    <link:referenceArc xlink:type="arc" xlink:arcrole="http://www.xbrl.org/2003/arcrole/concept-reference" xlink:from="loc_95" xlink:to="res_38"/>
    <link:referenceArc xlink:type="arc" xlink:arcrole="http://www.xbrl.org/2003/arcrole/concept-reference" xlink:from="loc_96" xlink:to="res_39"/>
    <link:referenceArc xlink:type="arc" xlink:arcrole="http://www.xbrl.org/2003/arcrole/concept-reference" xlink:from="loc_98" xlink:to="res_39"/>
    <link:referenceArc xlink:type="arc" xlink:arcrole="http://www.xbrl.org/2003/arcrole/concept-reference" xlink:from="loc_99" xlink:to="res_39"/>
    <link:referenceArc xlink:type="arc" xlink:arcrole="http://www.xbrl.org/2003/arcrole/concept-reference" xlink:from="loc_100" xlink:to="res_41"/>
    <link:referenceArc xlink:type="arc" xlink:arcrole="http://www.xbrl.org/2003/arcrole/concept-reference" xlink:from="loc_101" xlink:to="res_42"/>
    <link:referenceArc xlink:type="arc" xlink:arcrole="http://www.xbrl.org/2003/arcrole/concept-reference" xlink:from="loc_102" xlink:to="res_43"/>
    <link:referenceArc xlink:type="arc" xlink:arcrole="http://www.xbrl.org/2003/arcrole/concept-reference" xlink:from="loc_103" xlink:to="res_44"/>
    <link:referenceArc xlink:type="arc" xlink:arcrole="http://www.xbrl.org/2003/arcrole/concept-reference" xlink:from="loc_104" xlink:to="res_45"/>
    <link:referenceArc xlink:type="arc" xlink:arcrole="http://www.xbrl.org/2003/arcrole/concept-reference" xlink:from="loc_105" xlink:to="res_46"/>
    <link:referenceArc xlink:type="arc" xlink:arcrole="http://www.xbrl.org/2003/arcrole/concept-reference" xlink:from="loc_106" xlink:to="res_47"/>
    <link:referenceArc xlink:type="arc" xlink:arcrole="http://www.xbrl.org/2003/arcrole/concept-reference" xlink:from="loc_107" xlink:to="res_48"/>
    <link:referenceArc xlink:type="arc" xlink:arcrole="http://www.xbrl.org/2003/arcrole/concept-reference" xlink:from="loc_108" xlink:to="res_48"/>
    <link:referenceArc xlink:type="arc" xlink:arcrole="http://www.xbrl.org/2003/arcrole/concept-reference" xlink:from="loc_109" xlink:to="res_49"/>
    <link:referenceArc xlink:type="arc" xlink:arcrole="http://www.xbrl.org/2003/arcrole/concept-reference" xlink:from="loc_110" xlink:to="res_49"/>
    <link:referenceArc xlink:type="arc" xlink:arcrole="http://www.xbrl.org/2003/arcrole/concept-reference" xlink:from="loc_75" xlink:to="res_16"/>
    <link:referenceArc xlink:type="arc" xlink:arcrole="http://www.xbrl.org/2003/arcrole/concept-reference" xlink:from="loc_76" xlink:to="res_16"/>
    <link:referenceArc xlink:type="arc" xlink:arcrole="http://www.xbrl.org/2003/arcrole/concept-reference" xlink:from="loc_77" xlink:to="res_16"/>
    <link:referenceArc xlink:type="arc" xlink:arcrole="http://www.xbrl.org/2003/arcrole/concept-reference" xlink:from="loc_78" xlink:to="res_16"/>
    <link:referenceArc xlink:type="arc" xlink:arcrole="http://www.xbrl.org/2003/arcrole/concept-reference" xlink:from="loc_79" xlink:to="res_16"/>
    <link:referenceArc xlink:type="arc" xlink:arcrole="http://www.xbrl.org/2003/arcrole/concept-reference" xlink:from="loc_80" xlink:to="res_16"/>
    <link:referenceArc xlink:type="arc" xlink:arcrole="http://www.xbrl.org/2003/arcrole/concept-reference" xlink:from="loc_81" xlink:to="res_16"/>
    <link:referenceArc xlink:type="arc" xlink:arcrole="http://www.xbrl.org/2003/arcrole/concept-reference" xlink:from="loc_111" xlink:to="res_16"/>
    <link:referenceArc xlink:type="arc" xlink:arcrole="http://www.xbrl.org/2003/arcrole/concept-reference" xlink:from="loc_82" xlink:to="res_4"/>
    <link:referenceArc xlink:type="arc" xlink:arcrole="http://www.xbrl.org/2003/arcrole/concept-reference" xlink:from="loc_68" xlink:to="res_5"/>
    <link:referenceArc xlink:type="arc" xlink:arcrole="http://www.xbrl.org/2003/arcrole/concept-reference" xlink:from="loc_69" xlink:to="res_5"/>
    <link:referenceArc xlink:type="arc" xlink:arcrole="http://www.xbrl.org/2003/arcrole/concept-reference" xlink:from="loc_112" xlink:to="res_38"/>
    <link:referenceArc xlink:type="arc" xlink:arcrole="http://www.xbrl.org/2003/arcrole/concept-reference" xlink:from="loc_22" xlink:to="res_19"/>
    <link:referenceArc xlink:type="arc" xlink:arcrole="http://www.xbrl.org/2003/arcrole/concept-reference" xlink:from="loc_44" xlink:to="res_50"/>
    <link:referenceArc xlink:type="arc" xlink:arcrole="http://www.xbrl.org/2003/arcrole/concept-reference" xlink:from="loc_47" xlink:to="res_15"/>
    <link:referenceArc xlink:type="arc" xlink:arcrole="http://www.xbrl.org/2003/arcrole/concept-reference" xlink:from="loc_11" xlink:to="res_2"/>
    <link:referenceArc xlink:type="arc" xlink:arcrole="http://www.xbrl.org/2003/arcrole/concept-reference" xlink:from="loc_21" xlink:to="res_2"/>
    <link:referenceArc xlink:type="arc" xlink:arcrole="http://www.xbrl.org/2003/arcrole/concept-reference" xlink:from="loc_97" xlink:to="res_51"/>
    <link:referenceArc xlink:type="arc" xlink:arcrole="http://www.xbrl.org/2003/arcrole/concept-reference" xlink:from="loc_63" xlink:to="res_24"/>
    <link:referenceArc xlink:type="arc" xlink:arcrole="http://www.xbrl.org/2003/arcrole/concept-reference" xlink:from="loc_85" xlink:to="res_24"/>
    <link:referenceArc xlink:type="arc" xlink:arcrole="http://www.xbrl.org/2003/arcrole/concept-reference" xlink:from="loc_93" xlink:to="res_24"/>
    <link:referenceArc xlink:type="arc" xlink:arcrole="http://www.xbrl.org/2003/arcrole/concept-reference" xlink:from="loc_45" xlink:to="res_24"/>
    <link:referenceArc xlink:type="arc" xlink:arcrole="http://www.xbrl.org/2003/arcrole/concept-reference" xlink:from="loc_62" xlink:to="res_24"/>
  </link:referenceLink>
</link:linkbase>
