<?xml version='1.0' encoding='UTF-8'?>
<taxonomyPackage xmlns="http://www.corefiling.com/xbrl/taxonomypackage/v1" xml:lang="en-UK"><name>CT2013 Taxonomy</name><version>2.0.0</version><remappings><remapping prefix="http://www.hmrc.gov.uk/schemas/ct/" replaceWith="./"/></remappings><entryPoints><entryPoint><name>DPL Taxonomy (IFRS)</name><entryPointDocument href="http://www.hmrc.gov.uk/schemas/ct/dpl/2013-02-01/dpl-ifrs-main-2013-02-01.xsd"/></entryPoint><entryPoint><name>Comp + Full UK IFRS with DPL Taxonomy</name><entryPointDocument href="http://www.hmrc.gov.uk/schemas/ct/combined/2013-02-01/ct-comp-full-ifrs-dpl-2013-02-01.xsd"/></entryPoint><entryPoint><name>Full UK GAAP with DPL Taxonomy</name><entryPointDocument href="http://www.hmrc.gov.uk/schemas/ct/combined/2013-02-01/full-gaap-dpl-2013-02-01.xsd"/></entryPoint><entryPoint><name>UK Charities with DPL Taxonomy</name><entryPointDocument href="http://www.hmrc.gov.uk/schemas/ct/combined/2013-02-01/char-dpl-2013-02-01.xsd"/></entryPoint><entryPoint><name>DPL Taxonomy (GAAP)</name><entryPointDocument href="http://www.hmrc.gov.uk/schemas/ct/dpl/2013-02-01/dpl-gaap-main-2013-02-01.xsd"/></entryPoint><entryPoint><name>Full UK IFRS with DPL Taxonomy</name><entryPointDocument href="http://www.hmrc.gov.uk/schemas/ct/combined/2013-02-01/full-ifrs-dpl-2013-02-01.xsd"/></entryPoint><entryPoint><name>Comp + DPL Taxonomy (IFRS)</name><entryPointDocument href="http://www.hmrc.gov.uk/schemas/ct/combined/2013-02-01/ct-comp-dpl-ifrs-main-2013-02-01.xsd"/></entryPoint><entryPoint><name>Comp + Minimum UK GAAP with DPL Taxonomy</name><entryPointDocument href="http://www.hmrc.gov.uk/schemas/ct/combined/2013-02-01/ct-comp-min-gaap-dpl-2013-02-01.xsd"/></entryPoint><entryPoint><name>Comp + DPL Taxonomy (GAAP)</name><entryPointDocument href="http://www.hmrc.gov.uk/schemas/ct/combined/2013-02-01/ct-comp-dpl-gaap-main-2013-02-01.xsd"/></entryPoint><entryPoint><name>CT Computations Taxonomy</name><entryPointDocument href="http://www.hmrc.gov.uk/schemas/ct/comp/2013-02-01/ct-2013-02-01.xsd"/></entryPoint><entryPoint><name>Minimum UK GAAP with DPL Taxonomy</name><entryPointDocument href="http://www.hmrc.gov.uk/schemas/ct/combined/2013-02-01/min-gaap-dpl-2013-02-01.xsd"/></entryPoint><entryPoint><name>Comp + UK Charities with DPL Taxonomy</name><entryPointDocument href="http://www.hmrc.gov.uk/schemas/ct/combined/2013-02-01/ct-comp-char-dpl-2013-02-01.xsd"/></entryPoint><entryPoint><name>Comp + Full UK GAAP with DPL Taxonomy</name><entryPointDocument href="http://www.hmrc.gov.uk/schemas/ct/combined/2013-02-01/ct-comp-full-gaap-dpl-2013-02-01.xsd"/></entryPoint></entryPoints></taxonomyPackage>