<?xml version="1.0" encoding="UTF-8"?>
<!--
Schema Valid Sample document
Generated by DecisionSoft X-Meta: Fri Jan 22 11:38:39 GMT 2010 (generator revision 149342)
-->
<hd:GovTalkMessage xmlns:hd="http://www.govtalk.gov.uk/CM/envelope" xmlns:ct="http://www.govtalk.gov.uk/taxation/CT/3" xmlns:xsi="http://www.w3.org/2001/XMLSchema-instance" xsi:schemaLocation="http://www.govtalk.gov.uk/CM/envelope envelope-v2-0-HMRC.xsd http://www.govtalk.gov.uk/taxation/CT/3 CT-2009-v3-3.xsd">
  <hd:EnvelopeVersion>2.0</hd:EnvelopeVersion>
  <hd:Header>
    <hd:MessageDetails>
      <hd:Class>HMRC-SAMPLE-CLASS</hd:Class>
      <hd:Qualifier>request</hd:Qualifier>
      <hd:Function>submit</hd:Function>
      <hd:TransactionID>AA11</hd:TransactionID>
      <hd:AuditID>AA11</hd:AuditID>
      <hd:CorrelationID/>
      <hd:ResponseEndPoint PollInterval="1">endPoint</hd:ResponseEndPoint>
      <hd:Transformation>XML</hd:Transformation>
      <hd:GatewayTest>1</hd:GatewayTest>
      <hd:GatewayTimestamp>1978-10-19T00:00:00</hd:GatewayTimestamp>
    </hd:MessageDetails>
    <hd:SenderDetails>
      <hd:IDAuthentication>
        <hd:SenderID>Sender001</hd:SenderID>
        <hd:Authentication>
          <hd:Method>clear</hd:Method>
          <hd:Role>Authenticate/Validate</hd:Role>
          <hd:Value>AAAA</hd:Value>
        </hd:Authentication>
      </hd:IDAuthentication>
      <hd:X509Certificate>AAAA</hd:X509Certificate>
      <hd:EmailAddress>a@a.com</hd:EmailAddress>
    </hd:SenderDetails>
  </hd:Header>
  <hd:GovTalkDetails>
    <hd:Keys>
      <hd:Key Type="primary">SenderKey</hd:Key>
    </hd:Keys>
    <hd:TargetDetails>
      <hd:Organisation>DecisionSoft Ltd.</hd:Organisation>
    </hd:TargetDetails>
    <hd:GatewayValidation>
      <hd:Processed>yes</hd:Processed>
      <hd:Result>pass</hd:Result>
    </hd:GatewayValidation>
    <hd:ChannelRouting>
      <hd:Channel>
        <hd:URI>http://www.decisionsoft.com/9876</hd:URI>
        <hd:Product>X-Meta</hd:Product>
        <hd:Version>2.02</hd:Version>
      </hd:Channel>
      <hd:ID Type="main">Channel 1</hd:ID>
      <hd:Timestamp>1978-10-19T00:00:00</hd:Timestamp>
    </hd:ChannelRouting>
    <hd:GovTalkErrors>
      <hd:Error>
        <hd:RaisedBy>Gateway</hd:RaisedBy>
        <hd:Number>1</hd:Number>
        <hd:Type>fatal</hd:Type>
        <hd:Text>Example error message.  Fatal Error.</hd:Text>
        <hd:Location>/hd:GovTalkMessage[1]/hd:Body[1]/mov:IRenvelope[1]</hd:Location>
      </hd:Error>
    </hd:GovTalkErrors>
  </hd:GovTalkDetails>
  <hd:Body>
    <ct:IRenvelope>
      <ct:IRheader>
        <ct:Keys>
          <ct:Key Type="TaxOfficeReference">S1294</ct:Key>
        </ct:Keys>
        <ct:PeriodEnd>2008-01-01</ct:PeriodEnd>
        <ct:Principal>
          <ct:Contact>
            <ct:Name>
              <ct:Ttl>Dr</ct:Ttl>
              <ct:Fore>James</ct:Fore>
              <ct:Sur>Bacon</ct:Sur>
            </ct:Name>
            <ct:Email Preferred="yes" Type="work">sample@EmailStructure.com</ct:Email>
            <ct:Telephone Mobile="yes" Preferred="yes" Type="work">
              <ct:Number>01865 203192</ct:Number>
              <ct:Extension>6969</ct:Extension>
            </ct:Telephone>
            <ct:Fax Mobile="yes" Preferred="yes" Type="work">
              <ct:Number>01865 203192</ct:Number>
              <ct:Extension>6969</ct:Extension>
            </ct:Fax>
          </ct:Contact>
        </ct:Principal>
        <ct:Agent>
          <ct:AgentID>SM1</ct:AgentID>
          <ct:Company>DecisionSoft Ltd.</ct:Company>
          <ct:Address>
            <ct:Line>Rectory Stable Cottage</ct:Line>
            <ct:PostCode>AA1 1AA</ct:PostCode>
            <ct:Country>UK</ct:Country>
          </ct:Address>
          <ct:Contact>
            <ct:Name>
              <ct:Ttl>Dr</ct:Ttl>
              <ct:Fore>James</ct:Fore>
              <ct:Sur>Bacon</ct:Sur>
            </ct:Name>
            <ct:Email Preferred="yes" Type="work">sample@EmailStructure.com</ct:Email>
            <ct:Telephone Mobile="yes" Preferred="yes" Type="work">
              <ct:Number>01865 203192</ct:Number>
              <ct:Extension>6969</ct:Extension>
            </ct:Telephone>
            <ct:Fax Mobile="yes" Preferred="yes" Type="work">
              <ct:Number>01865 203192</ct:Number>
              <ct:Extension>6969</ct:Extension>
            </ct:Fax>
          </ct:Contact>
        </ct:Agent>
        <ct:DefaultCurrency>GBP</ct:DefaultCurrency>
        <ct:Manifest>
          <ct:Contains>
            <ct:Reference>
              <ct:Namespace>http://www.decisionsoft.com</ct:Namespace>
              <ct:SchemaVersion>2002-v0.00</ct:SchemaVersion>
              <ct:TopElementName>A</ct:TopElementName>
            </ct:Reference>
          </ct:Contains>
        </ct:Manifest>
        <ct:IRmark Type="generic">RPfWtxHeCZRcwfitnIJmK9xc4OQ=</ct:IRmark>
        <ct:Sender>Individual</ct:Sender>
      </ct:IRheader>
      <ct:CompanyTaxReturn ReturnType="amended" Short="yes">
        <ct:CompanyInformation>
          <ct:CompanyName>DecisionSoft Ltd</ct:CompanyName>
          <ct:RegistrationNumber>12345678</ct:RegistrationNumber>
          <ct:Reference>1234567890</ct:Reference>
          <ct:CompanyType>1</ct:CompanyType>
          <ct:CompanyAddress>
            <ct:Line>First Ever Osney Meads House</ct:Line>
            <ct:Line>First Ever Osney Meads House</ct:Line>
            <ct:AdditionalLine>Osney Mead Park</ct:AdditionalLine>
            <ct:PostCode>OX2 0DP</ct:PostCode>
          </ct:CompanyAddress>
          <ct:PeriodCovered>
            <ct:From>2008-12-01</ct:From>
            <ct:To>2008-12-31</ct:To>
          </ct:PeriodCovered>
        </ct:CompanyInformation>
        <ct:ReturnInfoSummary>
          <ct:ThisPeriod>yes</ct:ThisPeriod>
          <ct:EarlierPeriod>yes</ct:EarlierPeriod>
          <ct:MultipleReturns>yes</ct:MultipleReturns>
          <ct:ProvisionalFigures>yes</ct:ProvisionalFigures>
          <ct:PartOfNonSmallGroup>yes</ct:PartOfNonSmallGroup>
          <ct:RegisteredAvoidanceScheme>yes</ct:RegisteredAvoidanceScheme>
          <ct:TransferPricing>
            <ct:Adjustment>yes</ct:Adjustment>
            <ct:SME>yes</ct:SME>
          </ct:TransferPricing>
          <ct:Accounts>
            <ct:ThisPeriodAccounts>yes</ct:ThisPeriodAccounts>
          </ct:Accounts>
          <ct:Computations>
            <ct:ThisPeriodComputations>yes</ct:ThisPeriodComputations>
          </ct:Computations>
          <ct:SupplementaryPages>
            <ct:CT600A>yes</ct:CT600A>
            <ct:CT600B>yes</ct:CT600B>
            <ct:CT600C>yes</ct:CT600C>
            <ct:CT600D>yes</ct:CT600D>
            <ct:CT600E>yes</ct:CT600E>
            <ct:CT600F>yes</ct:CT600F>
            <ct:CT600G>yes</ct:CT600G>
            <ct:CT600H>yes</ct:CT600H>
            <ct:CT600I>yes</ct:CT600I>
            <ct:CT600J>yes</ct:CT600J>
          </ct:SupplementaryPages>
        </ct:ReturnInfoSummary>
        <ct:Turnover>
          <ct:Total Currency="GBP">88.00</ct:Total>
          <ct:OtherFinancialConcerns>yes</ct:OtherFinancialConcerns>
        </ct:Turnover>
        <ct:CompanyTaxCalculation>
          <ct:Income>
            <ct:TradingAndProfessional>
              <ct:Profits Currency="GBP">12.00</ct:Profits>
              <ct:LossesBroughtForward Currency="GBP">12.00</ct:LossesBroughtForward>
              <ct:NetProfits Currency="GBP">12.00</ct:NetProfits>
            </ct:TradingAndProfessional>
            <ct:NonTradingLoanProfitsAndGains Currency="GBP">12.00</ct:NonTradingLoanProfitsAndGains>
            <ct:IncomeStatedNet>yes</ct:IncomeStatedNet>
            <ct:NonLoanAnnuitiesAnnualPaymentsDiscounts Currency="GBP">12.00</ct:NonLoanAnnuitiesAnnualPaymentsDiscounts>
            <ct:OverseasIncome Currency="GBP">12.00</ct:OverseasIncome>
            <ct:DeductedIncome Currency="GBP">12.00</ct:DeductedIncome>
            <ct:LandAndBuildingIncome Currency="GBP">12.00</ct:LandAndBuildingIncome>
            <ct:IncomeWithinD>
              <ct:NonTradingGainsIntangibles Currency="GBP">12.00</ct:NonTradingGainsIntangibles>
              <ct:TonnageTaxProfits Currency="GBP">12.00</ct:TonnageTaxProfits>
              <ct:ProfitsAndGainsNotAnyOtherHeading Currency="GBP">12.00</ct:ProfitsAndGainsNotAnyOtherHeading>
              <ct:IncomeWithinDTotal Currency="GBP">12.00</ct:IncomeWithinDTotal>
            </ct:IncomeWithinD>
          </ct:Income>
          <ct:ChargeableGains>
            <ct:GrossGains Currency="GBP">12.00</ct:GrossGains>
            <ct:AllowableLosses Currency="GBP">12.00</ct:AllowableLosses>
            <ct:NetChargeableGains Currency="GBP">12.00</ct:NetChargeableGains>
          </ct:ChargeableGains>
          <ct:LossesBroughtForward Currency="GBP">12.00</ct:LossesBroughtForward>
          <ct:NonTradeDeficitsOnLoans Currency="GBP">12.00</ct:NonTradeDeficitsOnLoans>
          <ct:ProfitsBeforeOtherDeductions Currency="GBP">12.00</ct:ProfitsBeforeOtherDeductions>
          <ct:DeductionsAndReliefs>
            <ct:IncludesCVSLossRelief>yes</ct:IncludesCVSLossRelief>
            <ct:CVSLossRelief Currency="GBP">12.00</ct:CVSLossRelief>
            <ct:ManagementExpenses Currency="GBP">12.00</ct:ManagementExpenses>
            <ct:InterestDistributions Currency="GBP">12.00</ct:InterestDistributions>
            <ct:ScheduleALosses Currency="GBP">12.00</ct:ScheduleALosses>
            <ct:CapitalAllowances Currency="GBP">12.00</ct:CapitalAllowances>
            <ct:NonTradeDeficits Currency="GBP">12.00</ct:NonTradeDeficits>
            <ct:NonTradingLossIntangibles Currency="GBP">12.00</ct:NonTradingLossIntangibles>
            <ct:TradingLossesS393AcarriedBack>yes</ct:TradingLossesS393AcarriedBack>
            <ct:TradingLosses Currency="GBP">12.00</ct:TradingLosses>
            <ct:NonTradeCapitalAllowances Currency="GBP">12.00</ct:NonTradeCapitalAllowances>
            <ct:Total Currency="GBP">12.00</ct:Total>
          </ct:DeductionsAndReliefs>
          <ct:ChargesAndReliefs>
            <ct:ProfitsBeforeCharges Currency="GBP">12.00</ct:ProfitsBeforeCharges>
            <ct:ChargesPaid Currency="GBP">12.00</ct:ChargesPaid>
            <ct:GroupRelief Currency="GBP">12.00</ct:GroupRelief>
          </ct:ChargesAndReliefs>
          <ct:ChargeableProfits Currency="GBP">12.00</ct:ChargeableProfits>
          <ct:RingFenceProfitsIncluded Currency="GBP">12.00</ct:RingFenceProfitsIncluded>
          <ct:TaxCalculation>
            <ct:FrankedInvestmentIncome Currency="GBP">12.00</ct:FrankedInvestmentIncome>
            <ct:AssociatedCompanies>
              <ct:ThisPeriod>23</ct:ThisPeriod>
            </ct:AssociatedCompanies>
            <ct:StartingOrSmallCompaniesRate>yes</ct:StartingOrSmallCompaniesRate>
          </ct:TaxCalculation>
          <ct:CorporationTaxChargeable>
            <ct:FinancialYearOne>
              <ct:Year>1999</ct:Year>
              <ct:Details>
                <ct:Profit Currency="GBP">12.00</ct:Profit>
                <ct:TaxRate>13.12</ct:TaxRate>
                <ct:Tax Currency="GBP">13.12</ct:Tax>
              </ct:Details>
            </ct:FinancialYearOne>
            <ct:FinancialYearTwo>
              <ct:Year>1999</ct:Year>
              <ct:Details>
                <ct:Profit Currency="GBP">12.00</ct:Profit>
                <ct:TaxRate>13.12</ct:TaxRate>
                <ct:Tax Currency="GBP">13.12</ct:Tax>
              </ct:Details>
            </ct:FinancialYearTwo>
          </ct:CorporationTaxChargeable>
          <ct:TotalChargeableCorporationTax Currency="GBP">13.12</ct:TotalChargeableCorporationTax>
          <ct:FurtherTaxCalculations>
            <ct:MarginalRateRelief Currency="GBP">13.12</ct:MarginalRateRelief>
            <ct:CTNetOfMRR Currency="GBP">13.12</ct:CTNetOfMRR>
            <ct:NonCorporateDistributionsCalculation>
              <ct:UnderlyingRateOfCT>10.00</ct:UnderlyingRateOfCT>
              <ct:NonCorporateDistributions Currency="GBP">88.00</ct:NonCorporateDistributions>
              <ct:TaxAtNCDRate Currency="GBP">13.12</ct:TaxAtNCDRate>
              <ct:TaxAtUnderlyingRate Currency="GBP">13.12</ct:TaxAtUnderlyingRate>
            </ct:NonCorporateDistributionsCalculation>
          </ct:FurtherTaxCalculations>
          <ct:NetCorporationTaxChargeable Currency="GBP">13.12</ct:NetCorporationTaxChargeable>
          <ct:TaxReliefsAndDeductions>
            <ct:CVSInvestmentRelief Currency="GBP">13.12</ct:CVSInvestmentRelief>
            <ct:CommunityInvestmentTaxCredit Currency="GBP">13.12</ct:CommunityInvestmentTaxCredit>
            <ct:DoubleTaxation>
              <ct:DoubleTaxationRelief Currency="GBP">13.12</ct:DoubleTaxationRelief>
              <ct:UnderlyingRate>yes</ct:UnderlyingRate>
              <ct:AmountCarriedBack>yes</ct:AmountCarriedBack>
            </ct:DoubleTaxation>
            <ct:AdvanceCorporationTax Currency="GBP">13.12</ct:AdvanceCorporationTax>
            <ct:TotalReliefsAndDeductions Currency="GBP">13.12</ct:TotalReliefsAndDeductions>
          </ct:TaxReliefsAndDeductions>
          <ct:NetCorporationTaxLiability Currency="GBP">13.12</ct:NetCorporationTaxLiability>
          <ct:A11Completed>yes</ct:A11Completed>
          <ct:Payable Currency="GBP">13.12</ct:Payable>
          <ct:TaxPayableS747 Currency="GBP">13.12</ct:TaxPayableS747>
          <ct:S501AtaxCharge Currency="GBP">1005.00</ct:S501AtaxCharge>
          <ct:TaxChargeable Currency="GBP">13.12</ct:TaxChargeable>
          <ct:IncomeTax>
            <ct:DeductedIncomeTax Currency="GBP">13.12</ct:DeductedIncomeTax>
            <ct:TaxRepayable Currency="GBP">13.12</ct:TaxRepayable>
          </ct:IncomeTax>
          <ct:TaxPayable Currency="GBP">13.12</ct:TaxPayable>
          <ct:TaxReconciliation>
            <ct:RandDCredit Currency="GBP">13.12</ct:RandDCredit>
            <ct:LandOrLifeCredit Currency="GBP">13.12</ct:LandOrLifeCredit>
            <ct:CapitalAllowancesFirstYearTaxCredit Currency="GBP">13.12</ct:CapitalAllowancesFirstYearTaxCredit>
            <ct:RDCreditPayable Currency="GBP">13.12</ct:RDCreditPayable>
            <ct:LandOrLifeCreditPayable Currency="GBP">13.12</ct:LandOrLifeCreditPayable>
            <ct:CapitalAllowancesFirstYearTaxCreditPayable Currency="GBP">13.12</ct:CapitalAllowancesFirstYearTaxCreditPayable>
            <ct:RingFenceCorpTaxIncluded Currency="GBP">13.12</ct:RingFenceCorpTaxIncluded>
            <ct:TaxUnderS501AICTA1988included Currency="GBP">13.12</ct:TaxUnderS501AICTA1988included>
            <ct:TaxAlreadyPaid Currency="GBP">13.12</ct:TaxAlreadyPaid>
            <ct:TaxOutstandingOrOverpaid>
              <ct:TaxOutstanding Currency="GBP">13.12</ct:TaxOutstanding>
              <ct:TaxOverpaid Currency="GBP">13.12</ct:TaxOverpaid>
            </ct:TaxOutstandingOrOverpaid>
            <ct:RefundsSurrendered Currency="GBP">13.12</ct:RefundsSurrendered>
          </ct:TaxReconciliation>
          <ct:Indicators>
            <ct:QuarterlyInstallment>yes</ct:QuarterlyInstallment>
            <ct:GroupPayment>yes</ct:GroupPayment>
            <ct:DisposalWDintangibles>yes</ct:DisposalWDintangibles>
            <ct:CrossBorderRoyalty>yes</ct:CrossBorderRoyalty>
          </ct:Indicators>
        </ct:CompanyTaxCalculation>
        <ct:CapitalAllowancesExpenditure>
          <ct:ClaimingEnhancedExpenditureForFilm>yes</ct:ClaimingEnhancedExpenditureForFilm>
          <ct:SMEclaimRandD>yes</ct:SMEclaimRandD>
          <ct:LargeCompanyClaimRandD>yes</ct:LargeCompanyClaimRandD>
          <ct:RandDEnhancedExpenditure Currency="GBP">12.00</ct:RandDEnhancedExpenditure>
          <ct:VaccineResearch Currency="GBP">12.00</ct:VaccineResearch>
          <ct:SMEclaimAsLargeCompany Currency="GBP">12.00</ct:SMEclaimAsLargeCompany>
          <ct:LandRemediationEnhancedExpenditure Currency="GBP">12.00</ct:LandRemediationEnhancedExpenditure>
          <ct:ChargesAndAllowances>
            <ct:AIACapitalAllowancesInc Currency="GBP">12.00</ct:AIACapitalAllowancesInc>
            <ct:MachineryAndPlantSpecialRatePool>
              <ct:BalancingCharges Currency="GBP">12.00</ct:BalancingCharges>
              <ct:CapitalAllowances Currency="GBP">12.00</ct:CapitalAllowances>
            </ct:MachineryAndPlantSpecialRatePool>
            <ct:MachineryAndPlantMainPool>
              <ct:BalancingCharges Currency="GBP">12.00</ct:BalancingCharges>
              <ct:CapitalAllowances Currency="GBP">12.00</ct:CapitalAllowances>
            </ct:MachineryAndPlantMainPool>
            <ct:Cars>
              <ct:BalancingCharges Currency="GBP">12.00</ct:BalancingCharges>
              <ct:CapitalAllowances Currency="GBP">12.00</ct:CapitalAllowances>
            </ct:Cars>
            <ct:IndustrialBuildings>
              <ct:BalancingCharges Currency="GBP">12.00</ct:BalancingCharges>
              <ct:CapitalAllowances Currency="GBP">12.00</ct:CapitalAllowances>
            </ct:IndustrialBuildings>
            <ct:BusinessPremisesRenovationIncluded>
              <ct:BalancingCharges Currency="GBP">12.00</ct:BalancingCharges>
              <ct:CapitalAllowances Currency="GBP">12.00</ct:CapitalAllowances>
            </ct:BusinessPremisesRenovationIncluded>
            <ct:Others>
              <ct:BalancingCharges Currency="GBP">12.00</ct:BalancingCharges>
              <ct:CapitalAllowances Currency="GBP">12.00</ct:CapitalAllowances>
            </ct:Others>
            <ct:AIACapitalAllowancesNotInc Currency="GBP">12.00</ct:AIACapitalAllowancesNotInc>
            <ct:BusinessPremisesRenovationNotIncluded>
              <ct:BalancingCharges Currency="GBP">12.00</ct:BalancingCharges>
              <ct:CapitalAllowances Currency="GBP">12.00</ct:CapitalAllowances>
            </ct:BusinessPremisesRenovationNotIncluded>
            <ct:OtherNonTradingChargesAndAllowances>
              <ct:BalancingCharges Currency="GBP">12.00</ct:BalancingCharges>
              <ct:CapitalAllowances Currency="GBP">12.00</ct:CapitalAllowances>
            </ct:OtherNonTradingChargesAndAllowances>
            <ct:FlatConversion>yes</ct:FlatConversion>
          </ct:ChargesAndAllowances>
          <ct:MachineryAndPlantExpenditure Currency="GBP">12.00</ct:MachineryAndPlantExpenditure>
          <ct:ClaimingEnvironmentallyFriendly>yes</ct:ClaimingEnvironmentallyFriendly>
          <ct:DesignatedEnvironmentallyFriendlyMachineryAndPlant Currency="GBP">12.00</ct:DesignatedEnvironmentallyFriendlyMachineryAndPlant>
          <ct:MachineryAndPlantLongLife Currency="GBP">12.00</ct:MachineryAndPlantLongLife>
          <ct:OtherMachineryAndPLant Currency="GBP">12.00</ct:OtherMachineryAndPLant>
        </ct:CapitalAllowancesExpenditure>
        <ct:LossesDeficitsAndExcess>
          <ct:CaseI>
            <ct:Arising Currency="GBP">12.00</ct:Arising>
            <ct:SurrenderMaximum Currency="GBP">12.00</ct:SurrenderMaximum>
          </ct:CaseI>
          <ct:CaseVarising Currency="GBP">12.00</ct:CaseVarising>
          <ct:Loans>
            <ct:Arising Currency="GBP">12.00</ct:Arising>
            <ct:SurrenderMaximum Currency="GBP">12.00</ct:SurrenderMaximum>
          </ct:Loans>
          <ct:ScheduleA>
            <ct:Arising Currency="GBP">12.00</ct:Arising>
            <ct:SurrenderMaximum Currency="GBP">12.00</ct:SurrenderMaximum>
          </ct:ScheduleA>
          <ct:OverseasCaseVarising Currency="GBP">12.00</ct:OverseasCaseVarising>
          <ct:CaseVIarising Currency="GBP">12.00</ct:CaseVIarising>
          <ct:CapitalLossesArising Currency="GBP">12.00</ct:CapitalLossesArising>
          <ct:NonTradingLossesIntangibles>
            <ct:Arising Currency="GBP">12.00</ct:Arising>
            <ct:SurrenderMaximum Currency="GBP">12.00</ct:SurrenderMaximum>
          </ct:NonTradingLossesIntangibles>
          <ct:ExcessNontradeMaximum Currency="GBP">12.00</ct:ExcessNontradeMaximum>
          <ct:ExcessChargesMaximum Currency="GBP">12.00</ct:ExcessChargesMaximum>
          <ct:ExcessManagementExpenses>
            <ct:Arising Currency="GBP">12.00</ct:Arising>
            <ct:SurrenderMaximum Currency="GBP">12.00</ct:SurrenderMaximum>
          </ct:ExcessManagementExpenses>
          <ct:ExcessInterestDistributions Currency="GBP">12.00</ct:ExcessInterestDistributions>
        </ct:LossesDeficitsAndExcess>
        <ct:OverpaymentsAndRepayments>
          <ct:SmallRepayments>
            <ct:NoRepayments20OrLess>yes</ct:NoRepayments20OrLess>
          </ct:SmallRepayments>
          <ct:CorporationTax Currency="GBP">13.12</ct:CorporationTax>
          <ct:IncomeTax Currency="GBP">13.12</ct:IncomeTax>
          <ct:ResearchAndDevelopment Currency="GBP">13.12</ct:ResearchAndDevelopment>
          <ct:FilmTaxCredit Currency="GBP">13.12</ct:FilmTaxCredit>
          <ct:LandRemediationTaxCredit Currency="GBP">13.12</ct:LandRemediationTaxCredit>
          <ct:PayableCapitalAllowancesFirstYearTaxCredit Currency="GBP">13.12</ct:PayableCapitalAllowancesFirstYearTaxCredit>
          <ct:Surrender>
            <ct:Amount Currency="GBP">13.12</ct:Amount>
            <ct:JointNotice>
              <ct:Attached>yes</ct:Attached>
            </ct:JointNotice>
          </ct:Surrender>
          <ct:StopUntilNotice Currency="GBP">13.12</ct:StopUntilNotice>
          <ct:BankAccountDetails>
            <ct:BankName>Natwest</ct:BankName>
            <ct:SortCode>859437</ct:SortCode>
            <ct:AccountNumber>98867456</ct:AccountNumber>
            <ct:AccountName>Current</ct:AccountName>
            <ct:BuildingSocReference>r495863</ct:BuildingSocReference>
          </ct:BankAccountDetails>
          <ct:PaymentToPerson>
            <ct:Recipient>Peter Day</ct:Recipient>
            <ct:Address>
              <ct:Line>First Ever Osney Meads House</ct:Line>
              <ct:Line>First Ever Osney Meads House</ct:Line>
              <ct:AdditionalLine>Osney Mead Park</ct:AdditionalLine>
              <ct:PostCode>OX2 0DP</ct:PostCode>
            </ct:Address>
            <ct:NomineeReference>Tree</ct:NomineeReference>
          </ct:PaymentToPerson>
        </ct:OverpaymentsAndRepayments>
        <ct:Declaration>
          <ct:AcceptDeclaration>yes</ct:AcceptDeclaration>
          <ct:Name>Philip Allen</ct:Name>
          <ct:Status>Chairman</ct:Status>
        </ct:Declaration>
        <ct:LoansByCloseCompanies>
          <ct:BeforeEndPeriod>yes</ct:BeforeEndPeriod>
          <ct:LoansInformation>
            <ct:Loan>
              <ct:Name>Associate Plc</ct:Name>
              <ct:AmountOfLoan Currency="GBP">88.00</ct:AmountOfLoan>
            </ct:Loan>
            <ct:TotalLoans Currency="GBP">88.00</ct:TotalLoans>
            <ct:TaxChargeable Currency="GBP">13.12</ct:TaxChargeable>
          </ct:LoansInformation>
          <ct:ReliefEarlierThan>
            <ct:Loan>
              <ct:Name>Participator Ltd.</ct:Name>
              <ct:AmountRepaid Currency="GBP">88.00</ct:AmountRepaid>
              <ct:AmountReleasedOrWrittenOff Currency="GBP">88.00</ct:AmountReleasedOrWrittenOff>
              <ct:Date>2000-09-16</ct:Date>
            </ct:Loan>
            <ct:TotalAmountRepaid Currency="GBP">88.00</ct:TotalAmountRepaid>
            <ct:TotalAmountReleasedOrWritten Currency="GBP">88.00</ct:TotalAmountReleasedOrWritten>
            <ct:TotalLoans Currency="GBP">88.00</ct:TotalLoans>
            <ct:ReliefDue Currency="GBP">13.12</ct:ReliefDue>
          </ct:ReliefEarlierThan>
          <ct:Section3Check>
            <ct:EndDate>2001-03-04</ct:EndDate>
            <ct:NineMonthsAfter>2001-12-04</ct:NineMonthsAfter>
            <ct:DateReturnSent>2001-09-23</ct:DateReturnSent>
          </ct:Section3Check>
          <ct:LoanLaterReliefNow>
            <ct:Loan>
              <ct:Name>Named Company</ct:Name>
              <ct:AmountRepaid Currency="GBP">88.00</ct:AmountRepaid>
              <ct:AmountReleasedOrWrittenOff Currency="GBP">88.00</ct:AmountReleasedOrWrittenOff>
              <ct:Date>2000-09-09</ct:Date>
            </ct:Loan>
            <ct:TotalAmountRepaid Currency="GBP">88.00</ct:TotalAmountRepaid>
            <ct:TotalAmountReleasedOrWritten Currency="GBP">88.00</ct:TotalAmountReleasedOrWritten>
            <ct:TotalLoans Currency="GBP">88.00</ct:TotalLoans>
            <ct:ReliefDue Currency="GBP">13.12</ct:ReliefDue>
          </ct:LoanLaterReliefNow>
          <ct:TotalLoansOutstanding Currency="GBP">88.00</ct:TotalLoansOutstanding>
          <ct:TaxPayableS419 Currency="GBP">13.12</ct:TaxPayableS419>
        </ct:LoansByCloseCompanies>
        <ct:ControlledForeignCompanies>
          <ct:CompanyInformation>
            <ct:Name>DecisionSquare Ltd</ct:Name>
            <ct:Territory>France</ct:Territory>
            <ct:ExemptionDue>Exempt under S123</ct:ExemptionDue>
          </ct:CompanyInformation>
          <ct:TotalTaxChargeable Currency="GBP">13.12</ct:TotalTaxChargeable>
          <ct:TotalCreditableTax Currency="GBP">13.12</ct:TotalCreditableTax>
          <ct:TotalReliefInTaxTerms Currency="GBP">13.12</ct:TotalReliefInTaxTerms>
          <ct:TotalACTrestricted Currency="GBP">13.12</ct:TotalACTrestricted>
          <ct:TotalS747TaxChargeable Currency="GBP">13.12</ct:TotalS747TaxChargeable>
        </ct:ControlledForeignCompanies>
        <ct:GroupAndConsortium>
          <ct:GroupAndConsortium>
            <ct:ClaimToGroupRelief>
              <ct:CompanyInformation>
                <ct:Company>
                  <ct:Name>WaveringSoft Ltd</ct:Name>
                  <ct:AccountingPeriod>
                    <ct:From>2000-01-01</ct:From>
                    <ct:To>2000-12-31</ct:To>
                  </ct:AccountingPeriod>
                  <ct:CompanyReference>alphaNumeric1</ct:CompanyReference>
                  <ct:AmountClaimed Currency="GBP">88.00</ct:AmountClaimed>
                </ct:Company>
                <ct:TotalAmountClaimed Currency="GBP">88.00</ct:TotalAmountClaimed>
              </ct:CompanyInformation>
              <ct:NonResidentCompany>yes</ct:NonResidentCompany>
              <ct:LossesGeneratedAbroad>yes</ct:LossesGeneratedAbroad>
              <ct:ClaimAuthorisation>
                <ct:AuthorisationOptions>
                  <ct:SimplifiedArrangementInForce>yes</ct:SimplifiedArrangementInForce>
                  <ct:CopyOfNoticesOfConsentAttached>yes</ct:CopyOfNoticesOfConsentAttached>
                </ct:AuthorisationOptions>
                <ct:Authorisation>
                  <ct:AuthorisationWhereSimplifiedArrangement>yes</ct:AuthorisationWhereSimplifiedArrangement>
                  <ct:NameOfAuthorisedPerson>CT String 1</ct:NameOfAuthorisedPerson>
                  <ct:CompanyName>CT String 1</ct:CompanyName>
                </ct:Authorisation>
              </ct:ClaimAuthorisation>
            </ct:ClaimToGroupRelief>
            <ct:SurrenderedGroupRelief>
              <ct:TradingLosses Currency="GBP">88.00</ct:TradingLosses>
              <ct:ExcessNonTrading Currency="GBP">88.00</ct:ExcessNonTrading>
              <ct:NonTradingDeficit Currency="GBP">88.00</ct:NonTradingDeficit>
              <ct:NonTradingLossesOnIntangibleFixedAssets Currency="GBP">88.00</ct:NonTradingLossesOnIntangibleFixedAssets>
              <ct:ExcessCharges Currency="GBP">88.00</ct:ExcessCharges>
              <ct:ExcessLosses Currency="GBP">88.00</ct:ExcessLosses>
              <ct:ExcessManagementExpenses Currency="GBP">88.00</ct:ExcessManagementExpenses>
              <ct:TotalSurrender Currency="GBP">88.00</ct:TotalSurrender>
              <ct:SurrenderInformation>
                <ct:Company>
                  <ct:Name>DecisiveSoft Plc</ct:Name>
                  <ct:AccountingPeriod>
                    <ct:From>2000-01-01</ct:From>
                    <ct:To>2000-12-31</ct:To>
                  </ct:AccountingPeriod>
                  <ct:CompanyReference>alphaNumeric1</ct:CompanyReference>
                  <ct:AmountSurrendered Currency="GBP">12.00</ct:AmountSurrendered>
                </ct:Company>
                <ct:AmountSurrenderedTotal Currency="GBP">12.00</ct:AmountSurrenderedTotal>
              </ct:SurrenderInformation>
              <ct:ConsentToSurrender>
                <ct:ConsentOptions>
                  <ct:SimplifiedArrangementInForce>yes</ct:SimplifiedArrangementInForce>
                  <ct:NoticeOfConsentCompleted>yes</ct:NoticeOfConsentCompleted>
                  <ct:CopyOfNoticesOfConsentAttached>yes</ct:CopyOfNoticesOfConsentAttached>
                </ct:ConsentOptions>
                <ct:Declaration>
                  <ct:CompanyName>CT String 1</ct:CompanyName>
                  <ct:TaxReference>
                    <ct:DistrictNumber>127</ct:DistrictNumber>
                    <ct:UTR>8939587698</ct:UTR>
                  </ct:TaxReference>
                  <ct:AccountingPeriod>
                    <ct:From>2000-01-01</ct:From>
                    <ct:To>2000-12-31</ct:To>
                  </ct:AccountingPeriod>
                  <ct:AcceptDeclaration>yes</ct:AcceptDeclaration>
                  <ct:Name>CT String 1</ct:Name>
                  <ct:Status>CT String 1</ct:Status>
                </ct:Declaration>
              </ct:ConsentToSurrender>
            </ct:SurrenderedGroupRelief>
            <ct:EUFTclaimed>
              <ct:CompanyInformation>
                <ct:Company>
                  <ct:Name>CATS Software</ct:Name>
                  <ct:AccountingPeriod>
                    <ct:From>2000-01-01</ct:From>
                    <ct:To>2000-12-31</ct:To>
                  </ct:AccountingPeriod>
                  <ct:CompanyReference>alphaNumeric1</ct:CompanyReference>
                  <ct:AmountClaimed Currency="GBP">13.12</ct:AmountClaimed>
                  <ct:EUFTNoticeOfConsent>yes</ct:EUFTNoticeOfConsent>
                </ct:Company>
                <ct:TotalAmountClaimed Currency="GBP">13.12</ct:TotalAmountClaimed>
              </ct:CompanyInformation>
            </ct:EUFTclaimed>
            <ct:EUFTsurrendered>
              <ct:CompanyInformation>
                <ct:Company>
                  <ct:Name>Surrendered All Ltd</ct:Name>
                  <ct:AccountingPeriod>
                    <ct:From>2000-01-01</ct:From>
                    <ct:To>2000-12-31</ct:To>
                  </ct:AccountingPeriod>
                  <ct:CompanyReference>alphaNumeric1</ct:CompanyReference>
                  <ct:AmountSurrendered Currency="GBP">13.12</ct:AmountSurrendered>
                </ct:Company>
                <ct:TotalAmountSurrendered Currency="GBP">13.12</ct:TotalAmountSurrendered>
              </ct:CompanyInformation>
              <ct:ConsentToSurrender>
                <ct:ConsentOptions>
                  <ct:NoticeOfConsentCompleted>yes</ct:NoticeOfConsentCompleted>
                </ct:ConsentOptions>
                <ct:ConsentDeclaration>
                  <ct:CompanyName>CT String 1</ct:CompanyName>
                  <ct:CompanyReference>
                    <ct:DistrictNumber>127</ct:DistrictNumber>
                    <ct:UTR>8939587698</ct:UTR>
                  </ct:CompanyReference>
                  <ct:AccountingPeriod>
                    <ct:From>2000-01-01</ct:From>
                    <ct:To>2000-12-31</ct:To>
                  </ct:AccountingPeriod>
                  <ct:AcceptDeclaration>yes</ct:AcceptDeclaration>
                  <ct:Name>CT String 1</ct:Name>
                  <ct:Status>CT String 1</ct:Status>
                </ct:ConsentDeclaration>
              </ct:ConsentToSurrender>
            </ct:EUFTsurrendered>
          </ct:GroupAndConsortium>
        </ct:GroupAndConsortium>
        <ct:Insurance>
          <ct:Declaration>yes</ct:Declaration>
          <ct:INYEARREPAYMENTS>
            <ct:Schedule19AB>
              <ct:RepaymentsMade Currency="GBP">88.00</ct:RepaymentsMade>
              <ct:NotionalRepayments Currency="GBP">88.00</ct:NotionalRepayments>
              <ct:TotalRepayments Currency="GBP">88.00</ct:TotalRepayments>
            </ct:Schedule19AB>
            <ct:Gilts>
              <ct:RealGiltsTax Currency="GBP">88.00</ct:RealGiltsTax>
              <ct:ManufacturedGiltsTax Currency="GBP">88.00</ct:ManufacturedGiltsTax>
              <ct:TotalRepayableGiltsTax Currency="GBP">88.00</ct:TotalRepayableGiltsTax>
            </ct:Gilts>
            <ct:PensionBusiness>
              <ct:PensionIncomeTaxSuffered Currency="GBP">88.00</ct:PensionIncomeTaxSuffered>
              <ct:OtherIncomeTaxSuffered Currency="GBP">88.00</ct:OtherIncomeTaxSuffered>
              <ct:TotalPensionTax Currency="GBP">88.00</ct:TotalPensionTax>
            </ct:PensionBusiness>
            <ct:TotalIncomeTaxSuffered Currency="GBP">12.00</ct:TotalIncomeTaxSuffered>
            <ct:IncomeTaxDeducted Currency="GBP">12.00</ct:IncomeTaxDeducted>
            <ct:CorporationTax Currency="GBP">12.00</ct:CorporationTax>
            <ct:RelevantCredits>
              <ct:AppropriatePlusRelevant Currency="GBP">12.00</ct:AppropriatePlusRelevant>
              <ct:TaxCredits Currency="GBP">88.00</ct:TaxCredits>
              <ct:TotalFinalPlusCredits Currency="GBP">12.00</ct:TotalFinalPlusCredits>
            </ct:RelevantCredits>
            <ct:Liability Currency="GBP">12.00</ct:Liability>
          </ct:INYEARREPAYMENTS>
        </ct:Insurance>
        <ct:Charity>
          <ct:ClaimExemption>
            <ct:RepaymentReference>XN8765</ct:RepaymentReference>
            <ct:RegistrationNumber>8763589</ct:RegistrationNumber>
            <ct:Status>
              <ct:AllCharitable>
                <ct:ClaimingExemptionAllOrPart>yes</ct:ClaimingExemptionAllOrPart>
                <ct:AllExempt>yes</ct:AllExempt>
              </ct:AllCharitable>
              <ct:SomeNotOnlyCharitable>yes</ct:SomeNotOnlyCharitable>
            </ct:Status>
          </ct:ClaimExemption>
          <ct:Repayments>
            <ct:AlreadyClaimed>
              <ct:IncomeTax Currency="GBP">12.00</ct:IncomeTax>
              <ct:TransitionalRelief Currency="GBP">12.00</ct:TransitionalRelief>
            </ct:AlreadyClaimed>
            <ct:TotalDue>
              <ct:IncomeTax Currency="GBP">12.00</ct:IncomeTax>
              <ct:TransitionalRelief Currency="GBP">12.00</ct:TransitionalRelief>
            </ct:TotalDue>
            <ct:FurtherDue>
              <ct:IncomeTax Currency="GBP">12.00</ct:IncomeTax>
              <ct:TransitionalRelief Currency="GBP">12.00</ct:TransitionalRelief>
            </ct:FurtherDue>
            <ct:AmountsOverclaimed>
              <ct:IncomeTax Currency="GBP">12.00</ct:IncomeTax>
              <ct:TransitionalRelief Currency="GBP">12.00</ct:TransitionalRelief>
            </ct:AmountsOverclaimed>
            <ct:E3E3cIncludedAmounts>yes</ct:E3E3cIncludedAmounts>
          </ct:Repayments>
          <ct:InformationRequired>
            <ct:Income>
              <ct:TotalTurnover Currency="GBP">12.00</ct:TotalTurnover>
              <ct:InvestmentIncome Currency="GBP">12.00</ct:InvestmentIncome>
              <ct:UKlandBuildings Currency="GBP">12.00</ct:UKlandBuildings>
              <ct:DeedOfCovenant Currency="GBP">12.00</ct:DeedOfCovenant>
              <ct:GiftAid Currency="GBP">12.00</ct:GiftAid>
              <ct:OtherCharities Currency="GBP">12.00</ct:OtherCharities>
              <ct:GiftsOfShares Currency="GBP">12.00</ct:GiftsOfShares>
              <ct:GiftOfRealProperty Currency="GBP">12.00</ct:GiftOfRealProperty>
              <ct:OtherSources Currency="GBP">12.00</ct:OtherSources>
            </ct:Income>
            <ct:Expenditure>
              <ct:TradingCosts Currency="GBP">12.00</ct:TradingCosts>
              <ct:UKlandBuildings Currency="GBP">12.00</ct:UKlandBuildings>
              <ct:GeneralAdminCosts Currency="GBP">12.00</ct:GeneralAdminCosts>
              <ct:GrantsDonationsWithinUK Currency="GBP">12.00</ct:GrantsDonationsWithinUK>
              <ct:GrantsDonationsOutsideUK Currency="GBP">12.00</ct:GrantsDonationsOutsideUK>
              <ct:OtherExpenditure Currency="GBP">12.00</ct:OtherExpenditure>
            </ct:Expenditure>
            <ct:Assets>
              <ct:TangibleFixed>
                <ct:Disposals Currency="GBP">12.00</ct:Disposals>
                <ct:Held Currency="GBP">12.00</ct:Held>
              </ct:TangibleFixed>
              <ct:UKinvestments>
                <ct:Disposals Currency="GBP">12.00</ct:Disposals>
                <ct:Held Currency="GBP">12.00</ct:Held>
              </ct:UKinvestments>
              <ct:SharesAndLoans>
                <ct:Disposals Currency="GBP">12.00</ct:Disposals>
                <ct:Held Currency="GBP">12.00</ct:Held>
              </ct:SharesAndLoans>
              <ct:OverseasInvestments>
                <ct:Disposals Currency="GBP">12.00</ct:Disposals>
                <ct:Held Currency="GBP">12.00</ct:Held>
              </ct:OverseasInvestments>
              <ct:LoansAndNonTradeDebtors>
                <ct:Held Currency="GBP">12.00</ct:Held>
              </ct:LoansAndNonTradeDebtors>
              <ct:OtherCurrent>
                <ct:Held Currency="GBP">12.00</ct:Held>
              </ct:OtherCurrent>
              <ct:InvestmentsOrLoans>
                <ct:Qualifying>yes</ct:Qualifying>
                <ct:ValueOfNonQualifying Currency="GBP">12.00</ct:ValueOfNonQualifying>
              </ct:InvestmentsOrLoans>
              <ct:SubsidiaryOrAssociatedCompanies>23</ct:SubsidiaryOrAssociatedCompanies>
            </ct:Assets>
          </ct:InformationRequired>
        </ct:Charity>
        <ct:TonnageTax>
          <ct:TonnageTax>
            <ct:Information>
              <ct:TonnageGroup>
                <ct:GroupElection>yes</ct:GroupElection>
                <ct:Name>Minnie Tonnage Group</ct:Name>
                <ct:RepresentativeCompany>
                  <ct:TonnageTaxGroupArrangement>
                    <ct:Name>CT String 1</ct:Name>
                    <ct:CompanyReference>alphaNumeric1</ct:CompanyReference>
                  </ct:TonnageTaxGroupArrangement>
                  <ct:NotApplicable>yes</ct:NotApplicable>
                </ct:RepresentativeCompany>
              </ct:TonnageGroup>
              <ct:TrainingCertificate>yes</ct:TrainingCertificate>
              <ct:CompanyMetCharteredInLimit>na</ct:CompanyMetCharteredInLimit>
              <ct:GroupMetCharteredInLimit>yes</ct:GroupMetCharteredInLimit>
              <ct:OffshoreActivities>yes</ct:OffshoreActivities>
            </ct:Information>
            <ct:OffshoreTrainingAllowance>
              <ct:OffsetAgainstCorpTax Currency="GBP">13.12</ct:OffsetAgainstCorpTax>
              <ct:CarriedForward Currency="GBP">13.12</ct:CarriedForward>
            </ct:OffshoreTrainingAllowance>
            <ct:QualifyingShips>
              <ct:Ship>
                <ct:Name>Rainbow Warrior</ct:Name>
                <ct:IMOnumber>567432</ct:IMOnumber>
                <ct:InterestInShip>F</ct:InterestInShip>
                <ct:NetTonnage>9999999</ct:NetTonnage>
                <ct:NumberDays>324</ct:NumberDays>
                <ct:Profits Currency="GBP">13.12</ct:Profits>
              </ct:Ship>
              <ct:Total Currency="GBP">12.00</ct:Total>
            </ct:QualifyingShips>
            <ct:RelevantShippingProfits>
              <ct:Other>
                <ct:Profit Currency="GBP">12.00</ct:Profit>
              </ct:Other>
              <ct:DisposalOfAssets>
                <ct:Profit Currency="GBP">12.00</ct:Profit>
              </ct:DisposalOfAssets>
              <ct:GrossDividends Currency="GBP">12.00</ct:GrossDividends>
            </ct:RelevantShippingProfits>
          </ct:TonnageTax>
        </ct:TonnageTax>
        <ct:CorporateVenturingScheme>
          <ct:CorporateVenturingScheme>
            <ct:InvestmentRelief>
              <ct:ShareDetails>
                <ct:CompanyName>CT String 1</ct:CompanyName>
                <ct:NumberShares>1</ct:NumberShares>
                <ct:NominalShareValue Currency="GBP">1.024</ct:NominalShareValue>
                <ct:DateOfIssue>2000-01-04</ct:DateOfIssue>
                <ct:AmountSubscribed Currency="GBP">13.12</ct:AmountSubscribed>
                <ct:InvestmentReliefClaimed Currency="GBP">13.12</ct:InvestmentReliefClaimed>
                <ct:CorporateVenturingUnitReference>alphaNumeric1</ct:CorporateVenturingUnitReference>
              </ct:ShareDetails>
              <ct:TotalInvestmentReliefClaimed Currency="GBP">13.12</ct:TotalInvestmentReliefClaimed>
            </ct:InvestmentRelief>
            <ct:LossesOnDisposals>
              <ct:CompanyName>CT String 1</ct:CompanyName>
              <ct:DescriptionOfShares>CT String 1</ct:DescriptionOfShares>
              <ct:NumberDisposed>1</ct:NumberDisposed>
              <ct:DateOfIssue>2000-04-01</ct:DateOfIssue>
              <ct:DateOfDisposal>2000-04-01</ct:DateOfDisposal>
              <ct:FromDate>2000-04-01</ct:FromDate>
              <ct:ToDate>2000-04-01</ct:ToDate>
              <ct:AmountLossRelief Currency="GBP">12.00</ct:AmountLossRelief>
            </ct:LossesOnDisposals>
            <ct:DeferralRelief>
              <ct:CompanyName>CT String 1</ct:CompanyName>
              <ct:OriginalCompany>CT String 1</ct:OriginalCompany>
              <ct:DateDisposal>2000-04-01</ct:DateDisposal>
              <ct:AmountChargeableGain Currency="GBP">12.00</ct:AmountChargeableGain>
              <ct:NewCompany>CT String 1</ct:NewCompany>
              <ct:NewDateIssue>2000-04-01</ct:NewDateIssue>
            </ct:DeferralRelief>
          </ct:CorporateVenturingScheme>
        </ct:CorporateVenturingScheme>
        <ct:CrossBorderRoyalties>
          <ct:Royalties>
            <ct:RecipientName>CT String 1</ct:RecipientName>
            <ct:AddressOfRecipient>
              <ct:Line>First Ever Osney Meads House</ct:Line>
              <ct:Line>First Ever Osney Meads House</ct:Line>
              <ct:AdditionalLine>Osney Mead Park</ct:AdditionalLine>
              <ct:PostCode>OX2 0DP</ct:PostCode>
            </ct:AddressOfRecipient>
            <ct:PaymentType>CT String 1</ct:PaymentType>
            <ct:Amount Currency="GBP">88.00</ct:Amount>
            <ct:RoyaltiesAgreement>
              <ct:InterestAndRoyalties>CT String 1</ct:InterestAndRoyalties>
            </ct:RoyaltiesAgreement>
            <ct:DeductionRate>13.12</ct:DeductionRate>
            <ct:DeductionAmount Currency="GBP">13.12</ct:DeductionAmount>
            <ct:AdditionalNotes>CT String 1</ct:AdditionalNotes>
          </ct:Royalties>
        </ct:CrossBorderRoyalties>
        <ct:RingFenceTrade>
          <ct:Trade>
            <ct:Profits>yes</ct:Profits>
            <ct:Amount Currency="GBP">12.00</ct:Amount>
          </ct:Trade>
          <ct:DisallowedFinancingCosts>
            <ct:RelatedToCompany Currency="GBP">88.00</ct:RelatedToCompany>
            <ct:RelatedToLossRelief Currency="GBP">88.00</ct:RelatedToLossRelief>
            <ct:Total Currency="GBP">12.00</ct:Total>
          </ct:DisallowedFinancingCosts>
          <ct:Profits Currency="GBP">12.00</ct:Profits>
          <ct:MinusLosses Currency="GBP">88.00</ct:MinusLosses>
          <ct:FieldAllowance Currency="GBP">12.00</ct:FieldAllowance>
          <ct:NetProfits Currency="GBP">12.00</ct:NetProfits>
          <ct:Tax Currency="GBP">13.12</ct:Tax>
          <ct:LossesArising Currency="GBP">88.00</ct:LossesArising>
          <ct:RingFenceCorpTaxIncluded Currency="GBP">13.12</ct:RingFenceCorpTaxIncluded>
          <ct:TaxUnderS501AICTA1988 Currency="GBP">13.12</ct:TaxUnderS501AICTA1988>
        </ct:RingFenceTrade>
        <ct:TaxAvoidanceSchemes>
          <ct:AvoidanceSchemes>
            <ct:ReferenceNumber>12345678</ct:ReferenceNumber>
            <ct:AccountingPeriod>2004-12-12</ct:AccountingPeriod>
          </ct:AvoidanceSchemes>
        </ct:TaxAvoidanceSchemes>
        <ct:WelshReturn>yes</ct:WelshReturn>
        <ct:JointAccounts>yes</ct:JointAccounts>
        <ct:AttachedFiles>
          <ct:Attachment Description="2001-2002 accounts - full" Filename="accounts.pdf" Format="pdf" Size="345678" Type="accounts">AAAA</ct:Attachment>
        </ct:AttachedFiles>
      </ct:CompanyTaxReturn>
    </ct:IRenvelope>
  </hd:Body>
</hd:GovTalkMessage>
