<?xml version='1.0' encoding='UTF-8'?>
<taxonomyPackage xmlns="http://www.corefiling.com/xbrl/taxonomypackage/v1" xml:lang="en-UK"><name>CT2013 Non Dimensional Taxonomy</name><version>1.0.0-r189</version><remappings><remapping prefix="http://www.hmrc.gov.uk/schemas/ct/comp/taxonomies/2013-07-21/" replaceWith="./"/></remappings><entryPoints><entryPoint><name>Full entry point</name><entryPointDocument href="http://www.hmrc.gov.uk/schemas/ct/comp/taxonomies/2013-07-21/ct-full-2013-07-21.xsd"/></entryPoint><entryPoint><name>MTS entry point</name><entryPointDocument href="http://www.hmrc.gov.uk/schemas/ct/comp/taxonomies/2013-07-21/ct-mts-2013-07-21.xsd"/></entryPoint><entryPoint><name>CT Computations Taxonomy</name><entryPointDocument href="http://www.hmrc.gov.uk/schemas/ct/comp/taxonomies/2013-07-21/ct-2013-07-21.xsd"/></entryPoint></entryPoints></taxonomyPackage>