﻿<?xml version="1.0" encoding="utf-8"?>
<!--
Taxonomy Calculation Linkbase based on XBRL Spec 2.1.
-->
<linkbase xmlns="http://www.xbrl.org/2003/linkbase" xmlns:xsi="http://www.w3.org/2001/XMLSchema-instance" xmlns:xlink="http://www.w3.org/1999/xlink" xsi:schemaLocation="http://www.xbrl.org/2003/linkbase http://www.xbrl.org/2003/xbrl-linkbase-2003-12-31.xsd">
  <roleRef xlink:type="simple" xlink:href="uk-gaap-ae-2005-06-01.xsd#AE-Further-Calculations" roleURI="http://www.xbrl-uk.org/ExtendedLinkRoles/AE-Further-Calculations" />
  <roleRef xlink:type="simple" xlink:href="uk-gaap-ae-2005-06-01.xsd#AE-Notes-to-Accounts" roleURI="http://www.xbrl-uk.org/ExtendedLinkRoles/AE-Notes-to-Accounts" />
  <roleRef xlink:type="simple" xlink:href="uk-gaap-ae-2005-06-01.xsd#AE-Income-Statement" roleURI="http://www.xbrl-uk.org/ExtendedLinkRoles/AE-Income-Statement" />
  <roleRef xlink:type="simple" xlink:href="uk-gaap-ae-2005-06-01.xsd#AE-Balance-Sheet" roleURI="http://www.xbrl-uk.org/ExtendedLinkRoles/AE-Balance-Sheet" />
  <calculationLink xlink:type="extended" xlink:role="http://www.xbrl-uk.org/ExtendedLinkRoles/AE-Balance-Sheet" xlink:title="AE - Balance Sheet">
    <loc xlink:type="locator" xlink:href="../../pt/2004-12-01/uk-gaap-pt-2004-12-01.xsd#uk-gaap-pt_NetAssetsLiabilitiesIncludingPensionAssetLiability" xlink:label="uk-gaap-pt_NetAssetsLiabilitiesIncludingPensionAssetLiability" />
    <loc xlink:type="locator" xlink:href="../../pt/2004-12-01/uk-gaap-pt-2004-12-01.xsd#uk-gaap-pt_ProvisionsForLiabilitiesCharges" xlink:label="uk-gaap-pt_ProvisionsForLiabilitiesCharges" />
    <calculationArc xlink:type="arc" xlink:arcrole="http://www.xbrl.org/2003/arcrole/summation-item" xlink:from="uk-gaap-pt_NetAssetsLiabilitiesIncludingPensionAssetLiability" xlink:to="uk-gaap-pt_ProvisionsForLiabilitiesCharges" order="1" weight="-1" use="optional" />
    <loc xlink:type="locator" xlink:href="../../pt/2004-12-01/uk-gaap-pt-2004-12-01.xsd#uk-gaap-pt_CreditorsDueAfterOneYearTotalNoncurrentLiabilities" xlink:label="uk-gaap-pt_CreditorsDueAfterOneYearTotalNoncurrentLiabilities" />
    <calculationArc xlink:type="arc" xlink:arcrole="http://www.xbrl.org/2003/arcrole/summation-item" xlink:from="uk-gaap-pt_NetAssetsLiabilitiesIncludingPensionAssetLiability" xlink:to="uk-gaap-pt_CreditorsDueAfterOneYearTotalNoncurrentLiabilities" order="2" weight="-1" use="optional" />
    <loc xlink:type="locator" xlink:href="../../pt/2004-12-01/uk-gaap-pt-2004-12-01.xsd#uk-gaap-pt_BankLoansOverdraftsAfterOneYear" xlink:label="uk-gaap-pt_BankLoansOverdraftsAfterOneYear" />
    <calculationArc xlink:type="arc" xlink:arcrole="http://www.xbrl.org/2003/arcrole/summation-item" xlink:from="uk-gaap-pt_CreditorsDueAfterOneYearTotalNoncurrentLiabilities" xlink:to="uk-gaap-pt_BankLoansOverdraftsAfterOneYear" order="1" weight="1" use="optional" />
    <loc xlink:type="locator" xlink:href="../../pt/2004-12-01/uk-gaap-pt-2004-12-01.xsd#uk-gaap-pt_ObligationsUnderFinanceLeaseHirePurchaseContractsAfterOneYear" xlink:label="uk-gaap-pt_ObligationsUnderFinanceLeaseHirePurchaseContractsAfterOneYear" />
    <calculationArc xlink:type="arc" xlink:arcrole="http://www.xbrl.org/2003/arcrole/summation-item" xlink:from="uk-gaap-pt_CreditorsDueAfterOneYearTotalNoncurrentLiabilities" xlink:to="uk-gaap-pt_ObligationsUnderFinanceLeaseHirePurchaseContractsAfterOneYear" order="2" weight="1" use="optional" />
    <loc xlink:type="locator" xlink:href="../../pt/2004-12-01/uk-gaap-pt-2004-12-01.xsd#uk-gaap-pt_TotalAssetsLessCurrentLiabilities" xlink:label="uk-gaap-pt_TotalAssetsLessCurrentLiabilities" />
    <calculationArc xlink:type="arc" xlink:arcrole="http://www.xbrl.org/2003/arcrole/summation-item" xlink:from="uk-gaap-pt_NetAssetsLiabilitiesIncludingPensionAssetLiability" xlink:to="uk-gaap-pt_TotalAssetsLessCurrentLiabilities" order="3" weight="1" use="optional" />
    <loc xlink:type="locator" xlink:href="../../pt/2004-12-01/uk-gaap-pt-2004-12-01.xsd#uk-gaap-pt_NetCurrentAssetsLiabilities" xlink:label="uk-gaap-pt_NetCurrentAssetsLiabilities" />
    <calculationArc xlink:type="arc" xlink:arcrole="http://www.xbrl.org/2003/arcrole/summation-item" xlink:from="uk-gaap-pt_TotalAssetsLessCurrentLiabilities" xlink:to="uk-gaap-pt_NetCurrentAssetsLiabilities" order="1" weight="1" use="optional" />
    <loc xlink:type="locator" xlink:href="../../pt/2004-12-01/uk-gaap-pt-2004-12-01.xsd#uk-gaap-pt_CreditorsDueWithinOneYearTotalCurrentLiabilities" xlink:label="uk-gaap-pt_CreditorsDueWithinOneYearTotalCurrentLiabilities" />
    <calculationArc xlink:type="arc" xlink:arcrole="http://www.xbrl.org/2003/arcrole/summation-item" xlink:from="uk-gaap-pt_NetCurrentAssetsLiabilities" xlink:to="uk-gaap-pt_CreditorsDueWithinOneYearTotalCurrentLiabilities" order="1" weight="-1" use="optional" />
    <loc xlink:type="locator" xlink:href="../../pt/2004-12-01/uk-gaap-pt-2004-12-01.xsd#uk-gaap-pt_BankLoansOverdraftsWithinOneYear" xlink:label="uk-gaap-pt_BankLoansOverdraftsWithinOneYear" />
    <calculationArc xlink:type="arc" xlink:arcrole="http://www.xbrl.org/2003/arcrole/summation-item" xlink:from="uk-gaap-pt_CreditorsDueWithinOneYearTotalCurrentLiabilities" xlink:to="uk-gaap-pt_BankLoansOverdraftsWithinOneYear" order="1" weight="1" use="optional" />
    <loc xlink:type="locator" xlink:href="../../pt/2004-12-01/uk-gaap-pt-2004-12-01.xsd#uk-gaap-pt_TradeCreditorsWithinOneYear" xlink:label="uk-gaap-pt_TradeCreditorsWithinOneYear" />
    <calculationArc xlink:type="arc" xlink:arcrole="http://www.xbrl.org/2003/arcrole/summation-item" xlink:from="uk-gaap-pt_CreditorsDueWithinOneYearTotalCurrentLiabilities" xlink:to="uk-gaap-pt_TradeCreditorsWithinOneYear" order="2" weight="1" use="optional" />
    <loc xlink:type="locator" xlink:href="../../pt/2004-12-01/uk-gaap-pt-2004-12-01.xsd#uk-gaap-pt_AccrualsDeferredIncomeWithinOneYear" xlink:label="uk-gaap-pt_AccrualsDeferredIncomeWithinOneYear" />
    <calculationArc xlink:type="arc" xlink:arcrole="http://www.xbrl.org/2003/arcrole/summation-item" xlink:from="uk-gaap-pt_CreditorsDueWithinOneYearTotalCurrentLiabilities" xlink:to="uk-gaap-pt_AccrualsDeferredIncomeWithinOneYear" order="3" weight="1" use="optional" />
    <loc xlink:type="locator" xlink:href="../../pt/2004-12-01/uk-gaap-pt-2004-12-01.xsd#uk-gaap-pt_TaxationSocialSecurityDueWithinOneYear" xlink:label="uk-gaap-pt_TaxationSocialSecurityDueWithinOneYear" />
    <calculationArc xlink:type="arc" xlink:arcrole="http://www.xbrl.org/2003/arcrole/summation-item" xlink:from="uk-gaap-pt_CreditorsDueWithinOneYearTotalCurrentLiabilities" xlink:to="uk-gaap-pt_TaxationSocialSecurityDueWithinOneYear" order="4" weight="1" use="optional" />
    <loc xlink:type="locator" xlink:href="../../pt/2004-12-01/uk-gaap-pt-2004-12-01.xsd#uk-gaap-pt_OtherCreditorsDueWithinOneYear" xlink:label="uk-gaap-pt_OtherCreditorsDueWithinOneYear" />
    <calculationArc xlink:type="arc" xlink:arcrole="http://www.xbrl.org/2003/arcrole/summation-item" xlink:from="uk-gaap-pt_CreditorsDueWithinOneYearTotalCurrentLiabilities" xlink:to="uk-gaap-pt_OtherCreditorsDueWithinOneYear" order="5" weight="1" use="optional" />
    <loc xlink:type="locator" xlink:href="../../pt/2004-12-01/uk-gaap-pt-2004-12-01.xsd#uk-gaap-pt_CurrentAssets" xlink:label="uk-gaap-pt_CurrentAssets" />
    <calculationArc xlink:type="arc" xlink:arcrole="http://www.xbrl.org/2003/arcrole/summation-item" xlink:from="uk-gaap-pt_NetCurrentAssetsLiabilities" xlink:to="uk-gaap-pt_CurrentAssets" order="2" weight="1" use="optional" />
    <loc xlink:type="locator" xlink:href="../../pt/2004-12-01/uk-gaap-pt-2004-12-01.xsd#uk-gaap-pt_Debtors" xlink:label="uk-gaap-pt_Debtors" />
    <calculationArc xlink:type="arc" xlink:arcrole="http://www.xbrl.org/2003/arcrole/summation-item" xlink:from="uk-gaap-pt_CurrentAssets" xlink:to="uk-gaap-pt_Debtors" order="1" weight="1" use="optional" />
    <loc xlink:type="locator" xlink:href="../../pt/2004-12-01/uk-gaap-pt-2004-12-01.xsd#uk-gaap-pt_TradeDebtors" xlink:label="uk-gaap-pt_TradeDebtors" />
    <calculationArc xlink:type="arc" xlink:arcrole="http://www.xbrl.org/2003/arcrole/summation-item" xlink:from="uk-gaap-pt_Debtors" xlink:to="uk-gaap-pt_TradeDebtors" order="1" weight="1" use="optional" />
    <loc xlink:type="locator" xlink:href="../../pt/2004-12-01/uk-gaap-pt-2004-12-01.xsd#uk-gaap-pt_OtherDebtors" xlink:label="uk-gaap-pt_OtherDebtors" />
    <calculationArc xlink:type="arc" xlink:arcrole="http://www.xbrl.org/2003/arcrole/summation-item" xlink:from="uk-gaap-pt_Debtors" xlink:to="uk-gaap-pt_OtherDebtors" order="2" weight="1" use="optional" />
    <loc xlink:type="locator" xlink:href="../../pt/2004-12-01/uk-gaap-pt-2004-12-01.xsd#uk-gaap-pt_PrepaymentsAccruedIncomeCurrentAsset" xlink:label="uk-gaap-pt_PrepaymentsAccruedIncomeCurrentAsset" />
    <calculationArc xlink:type="arc" xlink:arcrole="http://www.xbrl.org/2003/arcrole/summation-item" xlink:from="uk-gaap-pt_Debtors" xlink:to="uk-gaap-pt_PrepaymentsAccruedIncomeCurrentAsset" order="3" weight="1" use="optional" />
    <loc xlink:type="locator" xlink:href="../../pt/2004-12-01/uk-gaap-pt-2004-12-01.xsd#uk-gaap-pt_CalledUpShareCapitalNotPaidCurrentAsset" xlink:label="uk-gaap-pt_CalledUpShareCapitalNotPaidCurrentAsset" />
    <calculationArc xlink:type="arc" xlink:arcrole="http://www.xbrl.org/2003/arcrole/summation-item" xlink:from="uk-gaap-pt_Debtors" xlink:to="uk-gaap-pt_CalledUpShareCapitalNotPaidCurrentAsset" order="4" weight="1" use="optional" />
    <loc xlink:type="locator" xlink:href="../../pt/2004-12-01/uk-gaap-pt-2004-12-01.xsd#uk-gaap-pt_StocksInventory" xlink:label="uk-gaap-pt_StocksInventory" />
    <calculationArc xlink:type="arc" xlink:arcrole="http://www.xbrl.org/2003/arcrole/summation-item" xlink:from="uk-gaap-pt_CurrentAssets" xlink:to="uk-gaap-pt_StocksInventory" order="2" weight="1" use="optional" />
    <loc xlink:type="locator" xlink:href="../../pt/2004-12-01/uk-gaap-pt-2004-12-01.xsd#uk-gaap-pt_CashBankInHand" xlink:label="uk-gaap-pt_CashBankInHand" />
    <calculationArc xlink:type="arc" xlink:arcrole="http://www.xbrl.org/2003/arcrole/summation-item" xlink:from="uk-gaap-pt_CurrentAssets" xlink:to="uk-gaap-pt_CashBankInHand" order="3" weight="1" use="optional" />
    <loc xlink:type="locator" xlink:href="../../pt/2004-12-01/uk-gaap-pt-2004-12-01.xsd#uk-gaap-pt_InvestmentsCurrentAssets" xlink:label="uk-gaap-pt_InvestmentsCurrentAssets" />
    <calculationArc xlink:type="arc" xlink:arcrole="http://www.xbrl.org/2003/arcrole/summation-item" xlink:from="uk-gaap-pt_CurrentAssets" xlink:to="uk-gaap-pt_InvestmentsCurrentAssets" order="4" weight="1" use="optional" />
    <loc xlink:type="locator" xlink:href="../../pt/2004-12-01/uk-gaap-pt-2004-12-01.xsd#uk-gaap-pt_PrepaymentsAccruedIncomeNotExpressedWithinCurrentAssetSub-total" xlink:label="uk-gaap-pt_PrepaymentsAccruedIncomeNotExpressedWithinCurrentAssetSub-total" />
    <calculationArc xlink:type="arc" xlink:arcrole="http://www.xbrl.org/2003/arcrole/summation-item" xlink:from="uk-gaap-pt_NetCurrentAssetsLiabilities" xlink:to="uk-gaap-pt_PrepaymentsAccruedIncomeNotExpressedWithinCurrentAssetSub-total" order="3" weight="1" use="optional" />
    <loc xlink:type="locator" xlink:href="../../pt/2004-12-01/uk-gaap-pt-2004-12-01.xsd#uk-gaap-pt_FixedAssets" xlink:label="uk-gaap-pt_FixedAssets" />
    <calculationArc xlink:type="arc" xlink:arcrole="http://www.xbrl.org/2003/arcrole/summation-item" xlink:from="uk-gaap-pt_TotalAssetsLessCurrentLiabilities" xlink:to="uk-gaap-pt_FixedAssets" order="2" weight="1" use="optional" />
    <loc xlink:type="locator" xlink:href="../../pt/2004-12-01/uk-gaap-pt-2004-12-01.xsd#uk-gaap-pt_TangibleFixedAssets" xlink:label="uk-gaap-pt_TangibleFixedAssets" />
    <calculationArc xlink:type="arc" xlink:arcrole="http://www.xbrl.org/2003/arcrole/summation-item" xlink:from="uk-gaap-pt_FixedAssets" xlink:to="uk-gaap-pt_TangibleFixedAssets" order="1" weight="1" use="optional" />
    <loc xlink:type="locator" xlink:href="../../pt/2004-12-01/uk-gaap-pt-2004-12-01.xsd#uk-gaap-pt_LandBuildings" xlink:label="uk-gaap-pt_LandBuildings" />
    <calculationArc xlink:type="arc" xlink:arcrole="http://www.xbrl.org/2003/arcrole/summation-item" xlink:from="uk-gaap-pt_TangibleFixedAssets" xlink:to="uk-gaap-pt_LandBuildings" order="1" weight="1" use="optional" />
    <loc xlink:type="locator" xlink:href="../../pt/2004-12-01/uk-gaap-pt-2004-12-01.xsd#uk-gaap-pt_LandBuildingsCostOrValuation" xlink:label="uk-gaap-pt_LandBuildingsCostOrValuation" />
    <calculationArc xlink:type="arc" xlink:arcrole="http://www.xbrl.org/2003/arcrole/summation-item" xlink:from="uk-gaap-pt_LandBuildings" xlink:to="uk-gaap-pt_LandBuildingsCostOrValuation" order="1" weight="1" use="optional" />
    <loc xlink:type="locator" xlink:href="../../pt/2004-12-01/uk-gaap-pt-2004-12-01.xsd#uk-gaap-pt_LandBuildingsDepreciation" xlink:label="uk-gaap-pt_LandBuildingsDepreciation" />
    <calculationArc xlink:type="arc" xlink:arcrole="http://www.xbrl.org/2003/arcrole/summation-item" xlink:from="uk-gaap-pt_LandBuildings" xlink:to="uk-gaap-pt_LandBuildingsDepreciation" order="2" weight="-1" use="optional" />
    <loc xlink:type="locator" xlink:href="../../pt/2004-12-01/uk-gaap-pt-2004-12-01.xsd#uk-gaap-pt_PlantMachinery" xlink:label="uk-gaap-pt_PlantMachinery" />
    <calculationArc xlink:type="arc" xlink:arcrole="http://www.xbrl.org/2003/arcrole/summation-item" xlink:from="uk-gaap-pt_TangibleFixedAssets" xlink:to="uk-gaap-pt_PlantMachinery" order="2" weight="1" use="optional" />
    <loc xlink:type="locator" xlink:href="../../pt/2004-12-01/uk-gaap-pt-2004-12-01.xsd#uk-gaap-pt_PlantMachineryCostOrValuation" xlink:label="uk-gaap-pt_PlantMachineryCostOrValuation" />
    <calculationArc xlink:type="arc" xlink:arcrole="http://www.xbrl.org/2003/arcrole/summation-item" xlink:from="uk-gaap-pt_PlantMachinery" xlink:to="uk-gaap-pt_PlantMachineryCostOrValuation" order="1" weight="1" use="optional" />
    <loc xlink:type="locator" xlink:href="../../pt/2004-12-01/uk-gaap-pt-2004-12-01.xsd#uk-gaap-pt_PlantMachineryDepreciation" xlink:label="uk-gaap-pt_PlantMachineryDepreciation" />
    <calculationArc xlink:type="arc" xlink:arcrole="http://www.xbrl.org/2003/arcrole/summation-item" xlink:from="uk-gaap-pt_PlantMachinery" xlink:to="uk-gaap-pt_PlantMachineryDepreciation" order="2" weight="-1" use="optional" />
    <loc xlink:type="locator" xlink:href="../../pt/2004-12-01/uk-gaap-pt-2004-12-01.xsd#uk-gaap-pt_FixturesFittingsToolsEquipment" xlink:label="uk-gaap-pt_FixturesFittingsToolsEquipment" />
    <calculationArc xlink:type="arc" xlink:arcrole="http://www.xbrl.org/2003/arcrole/summation-item" xlink:from="uk-gaap-pt_TangibleFixedAssets" xlink:to="uk-gaap-pt_FixturesFittingsToolsEquipment" order="3" weight="1" use="optional" />
    <loc xlink:type="locator" xlink:href="../../pt/2004-12-01/uk-gaap-pt-2004-12-01.xsd#uk-gaap-pt_FixturesFittingsToolsEquipmentCostOrValuation" xlink:label="uk-gaap-pt_FixturesFittingsToolsEquipmentCostOrValuation" />
    <calculationArc xlink:type="arc" xlink:arcrole="http://www.xbrl.org/2003/arcrole/summation-item" xlink:from="uk-gaap-pt_FixturesFittingsToolsEquipment" xlink:to="uk-gaap-pt_FixturesFittingsToolsEquipmentCostOrValuation" order="1" weight="1" use="optional" />
    <loc xlink:type="locator" xlink:href="../../pt/2004-12-01/uk-gaap-pt-2004-12-01.xsd#uk-gaap-pt_FixturesFittingsToolsEquipmentDepreciation" xlink:label="uk-gaap-pt_FixturesFittingsToolsEquipmentDepreciation" />
    <calculationArc xlink:type="arc" xlink:arcrole="http://www.xbrl.org/2003/arcrole/summation-item" xlink:from="uk-gaap-pt_FixturesFittingsToolsEquipment" xlink:to="uk-gaap-pt_FixturesFittingsToolsEquipmentDepreciation" order="2" weight="-1" use="optional" />
    <loc xlink:type="locator" xlink:href="uk-gaap-ae-2005-06-01.xsd#uk-gaap-ae_OtherTangibleFixedAsset" xlink:label="uk-gaap-ae_OtherTangibleFixedAsset" />
    <calculationArc xlink:type="arc" xlink:arcrole="http://www.xbrl.org/2003/arcrole/summation-item" xlink:from="uk-gaap-pt_TangibleFixedAssets" xlink:to="uk-gaap-ae_OtherTangibleFixedAsset" order="4" weight="1" use="optional" />
    <loc xlink:type="locator" xlink:href="uk-gaap-ae-2005-06-01.xsd#uk-gaap-ae_OtherTangibleFixedAssetCostOrValuation" xlink:label="uk-gaap-ae_OtherTangibleFixedAssetCostOrValuation" />
    <calculationArc xlink:type="arc" xlink:arcrole="http://www.xbrl.org/2003/arcrole/summation-item" xlink:from="uk-gaap-ae_OtherTangibleFixedAsset" xlink:to="uk-gaap-ae_OtherTangibleFixedAssetCostOrValuation" order="1" weight="1" use="optional" />
    <loc xlink:type="locator" xlink:href="uk-gaap-ae-2005-06-01.xsd#uk-gaap-ae_OtherTangibleFixedAssetDepreciation" xlink:label="uk-gaap-ae_OtherTangibleFixedAssetDepreciation" />
    <calculationArc xlink:type="arc" xlink:arcrole="http://www.xbrl.org/2003/arcrole/summation-item" xlink:from="uk-gaap-ae_OtherTangibleFixedAsset" xlink:to="uk-gaap-ae_OtherTangibleFixedAssetDepreciation" order="2" weight="-1" use="optional" />
    <loc xlink:type="locator" xlink:href="../../pt/2004-12-01/uk-gaap-pt-2004-12-01.xsd#uk-gaap-pt_IntangibleFixedAssets" xlink:label="uk-gaap-pt_IntangibleFixedAssets" />
    <calculationArc xlink:type="arc" xlink:arcrole="http://www.xbrl.org/2003/arcrole/summation-item" xlink:from="uk-gaap-pt_FixedAssets" xlink:to="uk-gaap-pt_IntangibleFixedAssets" order="2" weight="1" use="optional" />
    <loc xlink:type="locator" xlink:href="../../pt/2004-12-01/uk-gaap-pt-2004-12-01.xsd#uk-gaap-pt_IntangibleFixedAssetsCostOrValuation" xlink:label="uk-gaap-pt_IntangibleFixedAssetsCostOrValuation" />
    <calculationArc xlink:type="arc" xlink:arcrole="http://www.xbrl.org/2003/arcrole/summation-item" xlink:from="uk-gaap-pt_IntangibleFixedAssets" xlink:to="uk-gaap-pt_IntangibleFixedAssetsCostOrValuation" order="1" weight="1" use="optional" />
    <loc xlink:type="locator" xlink:href="../../pt/2004-12-01/uk-gaap-pt-2004-12-01.xsd#uk-gaap-pt_IntangibleFixedAssetsAggregateAmortisationImpairment" xlink:label="uk-gaap-pt_IntangibleFixedAssetsAggregateAmortisationImpairment" />
    <calculationArc xlink:type="arc" xlink:arcrole="http://www.xbrl.org/2003/arcrole/summation-item" xlink:from="uk-gaap-pt_IntangibleFixedAssets" xlink:to="uk-gaap-pt_IntangibleFixedAssetsAggregateAmortisationImpairment" order="2" weight="-1" use="optional" />
    <loc xlink:type="locator" xlink:href="../../pt/2004-12-01/uk-gaap-pt-2004-12-01.xsd#uk-gaap-pt_TotalInvestmentsFixedAssets" xlink:label="uk-gaap-pt_TotalInvestmentsFixedAssets" />
    <calculationArc xlink:type="arc" xlink:arcrole="http://www.xbrl.org/2003/arcrole/summation-item" xlink:from="uk-gaap-pt_FixedAssets" xlink:to="uk-gaap-pt_TotalInvestmentsFixedAssets" order="3" weight="1" use="optional" />
    <loc xlink:type="locator" xlink:href="../../pt/2004-12-01/uk-gaap-pt-2004-12-01.xsd#uk-gaap-pt_CalledUpShareCapitalNotPaidNotExpressedAsCurrentAsset" xlink:label="uk-gaap-pt_CalledUpShareCapitalNotPaidNotExpressedAsCurrentAsset" />
    <calculationArc xlink:type="arc" xlink:arcrole="http://www.xbrl.org/2003/arcrole/summation-item" xlink:from="uk-gaap-pt_TotalAssetsLessCurrentLiabilities" xlink:to="uk-gaap-pt_CalledUpShareCapitalNotPaidNotExpressedAsCurrentAsset" order="3" weight="1" use="optional" />
    <loc xlink:type="locator" xlink:href="../../pt/2004-12-01/uk-gaap-pt-2004-12-01.xsd#uk-gaap-pt_AccrualsDeferredIncome" xlink:label="uk-gaap-pt_AccrualsDeferredIncome" />
    <calculationArc xlink:type="arc" xlink:arcrole="http://www.xbrl.org/2003/arcrole/summation-item" xlink:from="uk-gaap-pt_NetAssetsLiabilitiesIncludingPensionAssetLiability" xlink:to="uk-gaap-pt_AccrualsDeferredIncome" order="4" weight="-1" use="optional" />
    <loc xlink:type="locator" xlink:href="../../pt/2004-12-01/uk-gaap-pt-2004-12-01.xsd#uk-gaap-pt_ShareholderFunds" xlink:label="uk-gaap-pt_ShareholderFunds" />
    <loc xlink:type="locator" xlink:href="../../pt/2004-12-01/uk-gaap-pt-2004-12-01.xsd#uk-gaap-pt_CalledUpShareCapital" xlink:label="uk-gaap-pt_CalledUpShareCapital" />
    <calculationArc xlink:type="arc" xlink:arcrole="http://www.xbrl.org/2003/arcrole/summation-item" xlink:from="uk-gaap-pt_ShareholderFunds" xlink:to="uk-gaap-pt_CalledUpShareCapital" order="1" weight="1" use="optional" />
    <loc xlink:type="locator" xlink:href="../../pt/2004-12-01/uk-gaap-pt-2004-12-01.xsd#uk-gaap-pt_ProfitLossAccountReserve" xlink:label="uk-gaap-pt_ProfitLossAccountReserve" />
    <calculationArc xlink:type="arc" xlink:arcrole="http://www.xbrl.org/2003/arcrole/summation-item" xlink:from="uk-gaap-pt_ShareholderFunds" xlink:to="uk-gaap-pt_ProfitLossAccountReserve" order="2" weight="1" use="optional" />
    <loc xlink:type="locator" xlink:href="../../pt/2004-12-01/uk-gaap-pt-2004-12-01.xsd#uk-gaap-pt_RevaluationReserve" xlink:label="uk-gaap-pt_RevaluationReserve" />
    <calculationArc xlink:type="arc" xlink:arcrole="http://www.xbrl.org/2003/arcrole/summation-item" xlink:from="uk-gaap-pt_ShareholderFunds" xlink:to="uk-gaap-pt_RevaluationReserve" order="3" weight="1" use="optional" />
    <loc xlink:type="locator" xlink:href="../../pt/2004-12-01/uk-gaap-pt-2004-12-01.xsd#uk-gaap-pt_SharePremiumAccount" xlink:label="uk-gaap-pt_SharePremiumAccount" />
    <calculationArc xlink:type="arc" xlink:arcrole="http://www.xbrl.org/2003/arcrole/summation-item" xlink:from="uk-gaap-pt_ShareholderFunds" xlink:to="uk-gaap-pt_SharePremiumAccount" order="4" weight="1" use="optional" />
    <loc xlink:type="locator" xlink:href="../../pt/2004-12-01/uk-gaap-pt-2004-12-01.xsd#uk-gaap-pt_OtherAggregateReserves" xlink:label="uk-gaap-pt_OtherAggregateReserves" />
    <calculationArc xlink:type="arc" xlink:arcrole="http://www.xbrl.org/2003/arcrole/summation-item" xlink:from="uk-gaap-pt_ShareholderFunds" xlink:to="uk-gaap-pt_OtherAggregateReserves" order="5" weight="1" use="optional" />
  </calculationLink>
  <calculationLink xlink:type="extended" xlink:role="http://www.xbrl-uk.org/ExtendedLinkRoles/AE-Income-Statement" xlink:title="AE - Income Statement">
    <loc xlink:type="locator" xlink:href="../../pt/2004-12-01/uk-gaap-pt-2004-12-01.xsd#uk-gaap-pt_RetainedProfitLossForFinancialYearTransferredToReserves" xlink:label="uk-gaap-pt_RetainedProfitLossForFinancialYearTransferredToReserves" />
    <loc xlink:type="locator" xlink:href="../../pt/2004-12-01/uk-gaap-pt-2004-12-01.xsd#uk-gaap-pt_GrossDividendPayment-AllShares" xlink:label="uk-gaap-pt_GrossDividendPayment-AllShares" />
    <calculationArc xlink:type="arc" xlink:arcrole="http://www.xbrl.org/2003/arcrole/summation-item" xlink:from="uk-gaap-pt_RetainedProfitLossForFinancialYearTransferredToReserves" xlink:to="uk-gaap-pt_GrossDividendPayment-AllShares" order="1" weight="-1" use="optional" />
    <loc xlink:type="locator" xlink:href="../../pt/2004-12-01/uk-gaap-pt-2004-12-01.xsd#uk-gaap-pt_EquitySharesTotalDividendPayment" xlink:label="uk-gaap-pt_EquitySharesTotalDividendPayment" />
    <calculationArc xlink:type="arc" xlink:arcrole="http://www.xbrl.org/2003/arcrole/summation-item" xlink:from="uk-gaap-pt_GrossDividendPayment-AllShares" xlink:to="uk-gaap-pt_EquitySharesTotalDividendPayment" order="1" weight="1" use="optional" />
    <loc xlink:type="locator" xlink:href="../../pt/2004-12-01/uk-gaap-pt-2004-12-01.xsd#uk-gaap-pt_NonEquitySharesTotalDividendPayment" xlink:label="uk-gaap-pt_NonEquitySharesTotalDividendPayment" />
    <calculationArc xlink:type="arc" xlink:arcrole="http://www.xbrl.org/2003/arcrole/summation-item" xlink:from="uk-gaap-pt_GrossDividendPayment-AllShares" xlink:to="uk-gaap-pt_NonEquitySharesTotalDividendPayment" order="2" weight="1" use="optional" />
    <loc xlink:type="locator" xlink:href="../../pt/2004-12-01/uk-gaap-pt-2004-12-01.xsd#uk-gaap-pt_ProfitLossOnOrdinaryActivitiesAfterTax" xlink:label="uk-gaap-pt_ProfitLossOnOrdinaryActivitiesAfterTax" />
    <calculationArc xlink:type="arc" xlink:arcrole="http://www.xbrl.org/2003/arcrole/summation-item" xlink:from="uk-gaap-pt_RetainedProfitLossForFinancialYearTransferredToReserves" xlink:to="uk-gaap-pt_ProfitLossOnOrdinaryActivitiesAfterTax" order="2" weight="1" use="optional" />
    <loc xlink:type="locator" xlink:href="../../pt/2004-12-01/uk-gaap-pt-2004-12-01.xsd#uk-gaap-pt_TaxRelatedToProfitOrLossOnOrdinaryActivities" xlink:label="uk-gaap-pt_TaxRelatedToProfitOrLossOnOrdinaryActivities" />
    <calculationArc xlink:type="arc" xlink:arcrole="http://www.xbrl.org/2003/arcrole/summation-item" xlink:from="uk-gaap-pt_ProfitLossOnOrdinaryActivitiesAfterTax" xlink:to="uk-gaap-pt_TaxRelatedToProfitOrLossOnOrdinaryActivities" order="1" weight="-1" use="optional" />
    <loc xlink:type="locator" xlink:href="../../pt/2004-12-01/uk-gaap-pt-2004-12-01.xsd#uk-gaap-pt_TotalUKCurrentCorporationTax" xlink:label="uk-gaap-pt_TotalUKCurrentCorporationTax" />
    <calculationArc xlink:type="arc" xlink:arcrole="http://www.xbrl.org/2003/arcrole/summation-item" xlink:from="uk-gaap-pt_TaxRelatedToProfitOrLossOnOrdinaryActivities" xlink:to="uk-gaap-pt_TotalUKCurrentCorporationTax" order="1" weight="1" use="optional" />
    <loc xlink:type="locator" xlink:href="../../pt/2004-12-01/uk-gaap-pt-2004-12-01.xsd#uk-gaap-pt_TotalDeferredTax" xlink:label="uk-gaap-pt_TotalDeferredTax" />
    <calculationArc xlink:type="arc" xlink:arcrole="http://www.xbrl.org/2003/arcrole/summation-item" xlink:from="uk-gaap-pt_TaxRelatedToProfitOrLossOnOrdinaryActivities" xlink:to="uk-gaap-pt_TotalDeferredTax" order="2" weight="1" use="optional" />
    <loc xlink:type="locator" xlink:href="../../pt/2004-12-01/uk-gaap-pt-2004-12-01.xsd#uk-gaap-pt_ProfitLossOnOrdinaryActivitiesBeforeTax" xlink:label="uk-gaap-pt_ProfitLossOnOrdinaryActivitiesBeforeTax" />
    <calculationArc xlink:type="arc" xlink:arcrole="http://www.xbrl.org/2003/arcrole/summation-item" xlink:from="uk-gaap-pt_ProfitLossOnOrdinaryActivitiesAfterTax" xlink:to="uk-gaap-pt_ProfitLossOnOrdinaryActivitiesBeforeTax" order="2" weight="1" use="optional" />
    <loc xlink:type="locator" xlink:href="../../pt/2004-12-01/uk-gaap-pt-2004-12-01.xsd#uk-gaap-pt_TotalInterestPayableReceivableNet" xlink:label="uk-gaap-pt_TotalInterestPayableReceivableNet" />
    <calculationArc xlink:type="arc" xlink:arcrole="http://www.xbrl.org/2003/arcrole/summation-item" xlink:from="uk-gaap-pt_ProfitLossOnOrdinaryActivitiesBeforeTax" xlink:to="uk-gaap-pt_TotalInterestPayableReceivableNet" order="1" weight="-1" use="optional" />
    <loc xlink:type="locator" xlink:href="../../pt/2004-12-01/uk-gaap-pt-2004-12-01.xsd#uk-gaap-pt_TotalOperatingProfitLoss" xlink:label="uk-gaap-pt_TotalOperatingProfitLoss" />
    <calculationArc xlink:type="arc" xlink:arcrole="http://www.xbrl.org/2003/arcrole/summation-item" xlink:from="uk-gaap-pt_ProfitLossOnOrdinaryActivitiesBeforeTax" xlink:to="uk-gaap-pt_TotalOperatingProfitLoss" order="2" weight="1" use="optional" />
    <loc xlink:type="locator" xlink:href="../../pt/2004-12-01/uk-gaap-pt-2004-12-01.xsd#uk-gaap-pt_AdministrativeExpenses" xlink:label="uk-gaap-pt_AdministrativeExpenses" />
    <calculationArc xlink:type="arc" xlink:arcrole="http://www.xbrl.org/2003/arcrole/summation-item" xlink:from="uk-gaap-pt_TotalOperatingProfitLoss" xlink:to="uk-gaap-pt_AdministrativeExpenses" order="1" weight="-1" use="optional" />
    <loc xlink:type="locator" xlink:href="../../pt/2004-12-01/uk-gaap-pt-2004-12-01.xsd#uk-gaap-pt_DistributionCosts" xlink:label="uk-gaap-pt_DistributionCosts" />
    <calculationArc xlink:type="arc" xlink:arcrole="http://www.xbrl.org/2003/arcrole/summation-item" xlink:from="uk-gaap-pt_TotalOperatingProfitLoss" xlink:to="uk-gaap-pt_DistributionCosts" order="2" weight="-1" use="optional" />
    <loc xlink:type="locator" xlink:href="../../pt/2004-12-01/uk-gaap-pt-2004-12-01.xsd#uk-gaap-pt_GrossProfitLoss" xlink:label="uk-gaap-pt_GrossProfitLoss" />
    <calculationArc xlink:type="arc" xlink:arcrole="http://www.xbrl.org/2003/arcrole/summation-item" xlink:from="uk-gaap-pt_TotalOperatingProfitLoss" xlink:to="uk-gaap-pt_GrossProfitLoss" order="3" weight="1" use="optional" />
    <loc xlink:type="locator" xlink:href="../../pt/2004-12-01/uk-gaap-pt-2004-12-01.xsd#uk-gaap-pt_CostSales" xlink:label="uk-gaap-pt_CostSales" />
    <calculationArc xlink:type="arc" xlink:arcrole="http://www.xbrl.org/2003/arcrole/summation-item" xlink:from="uk-gaap-pt_GrossProfitLoss" xlink:to="uk-gaap-pt_CostSales" order="1" weight="-1" use="optional" />
    <loc xlink:type="locator" xlink:href="../../pt/2004-12-01/uk-gaap-pt-2004-12-01.xsd#uk-gaap-pt_TurnoverGrossOperatingRevenue" xlink:label="uk-gaap-pt_TurnoverGrossOperatingRevenue" />
    <calculationArc xlink:type="arc" xlink:arcrole="http://www.xbrl.org/2003/arcrole/summation-item" xlink:from="uk-gaap-pt_GrossProfitLoss" xlink:to="uk-gaap-pt_TurnoverGrossOperatingRevenue" order="2" weight="1" use="optional" />
  </calculationLink>
  <calculationLink xlink:type="extended" xlink:role="http://www.xbrl-uk.org/ExtendedLinkRoles/AE-Notes-to-Accounts" xlink:title="AE - Notes to Accounts">
    <loc xlink:type="locator" xlink:href="uk-gaap-ae-2005-06-01.xsd#uk-gaap-ae_ChargesBeforeOperatingProfit" xlink:label="uk-gaap-ae_ChargesBeforeOperatingProfit" />
    <loc xlink:type="locator" xlink:href="../../pt/2004-12-01/uk-gaap-pt-2004-12-01.xsd#uk-gaap-pt_DepreciationAmountsWrittenOffFixedAssets" xlink:label="uk-gaap-pt_DepreciationAmountsWrittenOffFixedAssets" />
    <calculationArc xlink:type="arc" xlink:arcrole="http://www.xbrl.org/2003/arcrole/summation-item" xlink:from="uk-gaap-ae_ChargesBeforeOperatingProfit" xlink:to="uk-gaap-pt_DepreciationAmountsWrittenOffFixedAssets" order="1" weight="1" use="optional" />
    <loc xlink:type="locator" xlink:href="../../pt/2004-12-01/uk-gaap-pt-2004-12-01.xsd#uk-gaap-pt_OperatingLeaseExpenditure" xlink:label="uk-gaap-pt_OperatingLeaseExpenditure" />
    <calculationArc xlink:type="arc" xlink:arcrole="http://www.xbrl.org/2003/arcrole/summation-item" xlink:from="uk-gaap-ae_ChargesBeforeOperatingProfit" xlink:to="uk-gaap-pt_OperatingLeaseExpenditure" order="2" weight="1" use="optional" />
    <loc xlink:type="locator" xlink:href="../../pt/2004-12-01/uk-gaap-pt-2004-12-01.xsd#uk-gaap-pt_TotalFeesToAuditors" xlink:label="uk-gaap-pt_TotalFeesToAuditors" />
    <calculationArc xlink:type="arc" xlink:arcrole="http://www.xbrl.org/2003/arcrole/summation-item" xlink:from="uk-gaap-ae_ChargesBeforeOperatingProfit" xlink:to="uk-gaap-pt_TotalFeesToAuditors" order="3" weight="1" use="optional" />
  </calculationLink>
  <calculationLink xlink:type="extended" xlink:role="http://www.xbrl-uk.org/ExtendedLinkRoles/AE-Further-Calculations" xlink:title="AE - Further Calculations">
    <loc xlink:type="locator" xlink:href="../../pt/2004-12-01/uk-gaap-pt-2004-12-01.xsd#uk-gaap-pt_ShareholderFunds" xlink:label="uk-gaap-pt_ShareholderFunds" />
    <loc xlink:type="locator" xlink:href="../../pt/2004-12-01/uk-gaap-pt-2004-12-01.xsd#uk-gaap-pt_EquityShareholdersFunds" xlink:label="uk-gaap-pt_EquityShareholdersFunds" />
    <calculationArc xlink:type="arc" xlink:arcrole="http://www.xbrl.org/2003/arcrole/summation-item" xlink:from="uk-gaap-pt_ShareholderFunds" xlink:to="uk-gaap-pt_EquityShareholdersFunds" order="1" weight="1" use="optional" />
    <loc xlink:type="locator" xlink:href="../../pt/2004-12-01/uk-gaap-pt-2004-12-01.xsd#uk-gaap-pt_NonEquityShareholdersFunds" xlink:label="uk-gaap-pt_NonEquityShareholdersFunds" />
    <calculationArc xlink:type="arc" xlink:arcrole="http://www.xbrl.org/2003/arcrole/summation-item" xlink:from="uk-gaap-pt_ShareholderFunds" xlink:to="uk-gaap-pt_NonEquityShareholdersFunds" order="2" weight="1" use="optional" />
  </calculationLink>
</linkbase>