﻿<?xml version="1.0" encoding="utf-8"?>
<!--
Taxonomy Definition Linkbase based on XBRL Spec 2.1.
-->
<linkbase xmlns="http://www.xbrl.org/2003/linkbase" xmlns:xsi="http://www.w3.org/2001/XMLSchema-instance" xmlns:xlink="http://www.w3.org/1999/xlink" xsi:schemaLocation="http://www.xbrl.org/2003/linkbase http://www.xbrl.org/2003/xbrl-linkbase-2003-12-31.xsd">
  <definitionLink xlink:type="extended" xlink:role="http://www.xbrl.org/2003/role/link">
    <loc xlink:type="locator" xlink:href="uk-gaap-ae-2005-06-01.xsd#uk-gaap-ae_CompaniesHouseRegisteredNumber" xlink:label="uk-gaap-ae_CompaniesHouseRegisteredNumber" />
    <loc xlink:type="locator" xlink:href="../../gcd/2004-12-01/uk-gcd-2004-12-01.xsd#uk-gcd_EntityCurrentLegalName" xlink:label="uk-gcd_EntityCurrentLegalName" />
    <definitionArc xlink:type="arc" xlink:arcrole="http://www.xbrl.org/2003/arcrole/requires-element" xlink:from="uk-gaap-ae_CompaniesHouseRegisteredNumber" xlink:to="uk-gcd_EntityCurrentLegalName" order="1" use="optional" />
    <loc xlink:type="locator" xlink:href="../../gcd/2004-12-01/uk-gcd-2004-12-01.xsd#uk-gcd_BalanceSheetDate" xlink:label="uk-gcd_BalanceSheetDate" />
    <definitionArc xlink:type="arc" xlink:arcrole="http://www.xbrl.org/2003/arcrole/requires-element" xlink:from="uk-gaap-ae_CompaniesHouseRegisteredNumber" xlink:to="uk-gcd_BalanceSheetDate" order="2" use="optional" />
    <loc xlink:type="locator" xlink:href="../../pt/2004-12-01/uk-gaap-pt-2004-12-01.xsd#uk-gaap-pt_NetAssetsLiabilitiesIncludingPensionAssetLiability" xlink:label="uk-gaap-pt_NetAssetsLiabilitiesIncludingPensionAssetLiability" />
    <definitionArc xlink:type="arc" xlink:arcrole="http://www.xbrl.org/2003/arcrole/requires-element" xlink:from="uk-gaap-ae_CompaniesHouseRegisteredNumber" xlink:to="uk-gaap-pt_NetAssetsLiabilitiesIncludingPensionAssetLiability" order="3" use="optional" />
    <loc xlink:type="locator" xlink:href="uk-gaap-ae-2005-06-01.xsd#uk-gaap-ae_DirectorsAcknowledgeTheirResponsibilitiesUnderCompaniesAct" xlink:label="uk-gaap-ae_DirectorsAcknowledgeTheirResponsibilitiesUnderCompaniesAct" />
    <definitionArc xlink:type="arc" xlink:arcrole="http://www.xbrl.org/2003/arcrole/requires-element" xlink:from="uk-gaap-ae_CompaniesHouseRegisteredNumber" xlink:to="uk-gaap-ae_DirectorsAcknowledgeTheirResponsibilitiesUnderCompaniesAct" order="4" use="optional" />
    <loc xlink:type="locator" xlink:href="../../pt/2004-12-01/uk-gaap-pt-2004-12-01.xsd#uk-gaap-pt_DateApproval" xlink:label="uk-gaap-pt_DateApproval" />
    <definitionArc xlink:type="arc" xlink:arcrole="http://www.xbrl.org/2003/arcrole/requires-element" xlink:from="uk-gaap-ae_CompaniesHouseRegisteredNumber" xlink:to="uk-gaap-pt_DateApproval" order="5" use="optional" />
    <loc xlink:type="locator" xlink:href="uk-gaap-ae-2005-06-01.xsd#uk-gaap-ae_MembersHaveNotRequiredCompanyToObtainAnAudit" xlink:label="uk-gaap-ae_MembersHaveNotRequiredCompanyToObtainAnAudit" />
    <definitionArc xlink:type="arc" xlink:arcrole="http://www.xbrl.org/2003/arcrole/requires-element" xlink:from="uk-gaap-ae_CompaniesHouseRegisteredNumber" xlink:to="uk-gaap-ae_MembersHaveNotRequiredCompanyToObtainAnAudit" order="6" use="optional" />
    <loc xlink:type="locator" xlink:href="uk-gaap-ae-2005-06-01.xsd#uk-gaap-ae_CompaniesHouseDocumentAuthentication" xlink:label="uk-gaap-ae_CompaniesHouseDocumentAuthentication" />
    <definitionArc xlink:type="arc" xlink:arcrole="http://www.xbrl.org/2003/arcrole/requires-element" xlink:from="uk-gaap-ae_CompaniesHouseRegisteredNumber" xlink:to="uk-gaap-ae_CompaniesHouseDocumentAuthentication" order="7" use="optional" />
    <loc xlink:type="locator" xlink:href="../../pt/2004-12-01/uk-gaap-pt-2004-12-01.xsd#uk-gaap-pt_NumberOrdinarySharesAuthorised" xlink:label="uk-gaap-pt_NumberOrdinarySharesAuthorised" />
    <definitionArc xlink:type="arc" xlink:arcrole="http://www.xbrl.org/2003/arcrole/requires-element" xlink:from="uk-gaap-ae_CompaniesHouseRegisteredNumber" xlink:to="uk-gaap-pt_NumberOrdinarySharesAuthorised" order="8" use="optional" />
    <loc xlink:type="locator" xlink:href="../../pt/2004-12-01/uk-gaap-pt-2004-12-01.xsd#uk-gaap-pt_ParValueOrdinaryShare" xlink:label="uk-gaap-pt_ParValueOrdinaryShare" />
    <definitionArc xlink:type="arc" xlink:arcrole="http://www.xbrl.org/2003/arcrole/requires-element" xlink:from="uk-gaap-ae_CompaniesHouseRegisteredNumber" xlink:to="uk-gaap-pt_ParValueOrdinaryShare" order="9" use="optional" />
    <loc xlink:type="locator" xlink:href="../../pt/2004-12-01/uk-gaap-pt-2004-12-01.xsd#uk-gaap-pt_NumberOrdinarySharesAllotted" xlink:label="uk-gaap-pt_NumberOrdinarySharesAllotted" />
    <definitionArc xlink:type="arc" xlink:arcrole="http://www.xbrl.org/2003/arcrole/requires-element" xlink:from="uk-gaap-ae_CompaniesHouseRegisteredNumber" xlink:to="uk-gaap-pt_NumberOrdinarySharesAllotted" order="10" use="optional" />
    <loc xlink:type="locator" xlink:href="uk-gaap-ae-2005-06-01.xsd#uk-gaap-ae_CompanyDormant" xlink:label="uk-gaap-ae_CompanyDormant" />
    <loc xlink:type="locator" xlink:href="uk-gaap-ae-2005-06-01.xsd#uk-gaap-ae_CompanyEntitledToExemptionUnderSection249AA1CompaniesAct1985" xlink:label="uk-gaap-ae_CompanyEntitledToExemptionUnderSection249AA1CompaniesAct1985" />
    <definitionArc xlink:type="arc" xlink:arcrole="http://www.xbrl.org/2003/arcrole/requires-element" xlink:from="uk-gaap-ae_CompanyDormant" xlink:to="uk-gaap-ae_CompanyEntitledToExemptionUnderSection249AA1CompaniesAct1985" order="1" use="optional" />
    <loc xlink:type="locator" xlink:href="uk-gaap-ae-2005-06-01.xsd#uk-gaap-ae_CompanyNotDormant" xlink:label="uk-gaap-ae_CompanyNotDormant" />
    <loc xlink:type="locator" xlink:href="../../pt/2004-12-01/uk-gaap-pt-2004-12-01.xsd#uk-gaap-pt_TotalAssetsLessCurrentLiabilities" xlink:label="uk-gaap-pt_TotalAssetsLessCurrentLiabilities" />
    <definitionArc xlink:type="arc" xlink:arcrole="http://www.xbrl.org/2003/arcrole/requires-element" xlink:from="uk-gaap-ae_CompanyNotDormant" xlink:to="uk-gaap-pt_TotalAssetsLessCurrentLiabilities" order="4" use="optional" />
    <loc xlink:type="locator" xlink:href="../../pt/2004-12-01/uk-gaap-pt-2004-12-01.xsd#uk-gaap-pt_ShareholderFunds" xlink:label="uk-gaap-pt_ShareholderFunds" />
    <definitionArc xlink:type="arc" xlink:arcrole="http://www.xbrl.org/2003/arcrole/requires-element" xlink:from="uk-gaap-ae_CompanyNotDormant" xlink:to="uk-gaap-pt_ShareholderFunds" order="7" use="optional" />
    <loc xlink:type="locator" xlink:href="uk-gaap-ae-2005-06-01.xsd#uk-gaap-ae_CompanyEntitledToExemptionUnderSection249A1CompaniesAct1985" xlink:label="uk-gaap-ae_CompanyEntitledToExemptionUnderSection249A1CompaniesAct1985" />
    <definitionArc xlink:type="arc" xlink:arcrole="http://www.xbrl.org/2003/arcrole/requires-element" xlink:from="uk-gaap-ae_CompanyNotDormant" xlink:to="uk-gaap-ae_CompanyEntitledToExemptionUnderSection249A1CompaniesAct1985" order="8" use="optional" />
    <loc xlink:type="locator" xlink:href="uk-gaap-ae-2005-06-01.xsd#uk-gaap-ae_DateApprovalDirectorsReport" xlink:label="uk-gaap-ae_DateApprovalDirectorsReport" />
    <loc xlink:type="locator" xlink:href="../../pt/2004-12-01/uk-gaap-pt-2004-12-01.xsd#uk-gaap-pt_DirectorOrExecutivesName" xlink:label="uk-gaap-pt_DirectorOrExecutivesName" />
    <definitionArc xlink:type="arc" xlink:arcrole="http://www.xbrl.org/2003/arcrole/requires-element" xlink:from="uk-gaap-ae_DateApprovalDirectorsReport" xlink:to="uk-gaap-pt_DirectorOrExecutivesName" order="1" use="optional" />
    <loc xlink:type="locator" xlink:href="../../pt/2004-12-01/uk-gaap-pt-2004-12-01.xsd#uk-gaap-pt_DescriptionSharesOrDebentures" xlink:label="uk-gaap-pt_DescriptionSharesOrDebentures" />
    <definitionArc xlink:type="arc" xlink:arcrole="http://www.xbrl.org/2003/arcrole/requires-element" xlink:from="uk-gaap-ae_DateApprovalDirectorsReport" xlink:to="uk-gaap-pt_DescriptionSharesOrDebentures" order="2" use="optional" />
    <loc xlink:type="locator" xlink:href="../../pt/2004-12-01/uk-gaap-pt-2004-12-01.xsd#uk-gaap-pt_SharesDirectorOrExecutive" xlink:label="uk-gaap-pt_SharesDirectorOrExecutive" />
    <definitionArc xlink:type="arc" xlink:arcrole="http://www.xbrl.org/2003/arcrole/requires-element" xlink:from="uk-gaap-ae_DateApprovalDirectorsReport" xlink:to="uk-gaap-pt_SharesDirectorOrExecutive" order="3" use="optional" />
    <loc xlink:type="locator" xlink:href="../../gcd/2004-12-01/uk-gcd-2004-12-01.xsd#uk-gcd_EntityBusinessDescription" xlink:label="uk-gcd_EntityBusinessDescription" />
    <definitionArc xlink:type="arc" xlink:arcrole="http://www.xbrl.org/2003/arcrole/requires-element" xlink:from="uk-gaap-ae_DateApprovalDirectorsReport" xlink:to="uk-gcd_EntityBusinessDescription" order="4" use="optional" />
    <loc xlink:type="locator" xlink:href="../../pt/2004-12-01/uk-gaap-pt-2004-12-01.xsd#uk-gaap-pt_RetainedProfitLossForFinancialYearTransferredToReserves" xlink:label="uk-gaap-pt_RetainedProfitLossForFinancialYearTransferredToReserves" />
    <loc xlink:type="locator" xlink:href="../../pt/2004-12-01/uk-gaap-pt-2004-12-01.xsd#uk-gaap-pt_TurnoverGrossOperatingRevenue" xlink:label="uk-gaap-pt_TurnoverGrossOperatingRevenue" />
    <definitionArc xlink:type="arc" xlink:arcrole="http://www.xbrl.org/2003/arcrole/requires-element" xlink:from="uk-gaap-pt_RetainedProfitLossForFinancialYearTransferredToReserves" xlink:to="uk-gaap-pt_TurnoverGrossOperatingRevenue" order="1" use="optional" />
    <loc xlink:type="locator" xlink:href="../../pt/2004-12-01/uk-gaap-pt-2004-12-01.xsd#uk-gaap-pt_CostSales" xlink:label="uk-gaap-pt_CostSales" />
    <definitionArc xlink:type="arc" xlink:arcrole="http://www.xbrl.org/2003/arcrole/requires-element" xlink:from="uk-gaap-pt_RetainedProfitLossForFinancialYearTransferredToReserves" xlink:to="uk-gaap-pt_CostSales" order="2" use="optional" />
    <loc xlink:type="locator" xlink:href="../../pt/2004-12-01/uk-gaap-pt-2004-12-01.xsd#uk-gaap-pt_DistributionCosts" xlink:label="uk-gaap-pt_DistributionCosts" />
    <definitionArc xlink:type="arc" xlink:arcrole="http://www.xbrl.org/2003/arcrole/requires-element" xlink:from="uk-gaap-pt_RetainedProfitLossForFinancialYearTransferredToReserves" xlink:to="uk-gaap-pt_DistributionCosts" order="3" use="optional" />
    <loc xlink:type="locator" xlink:href="../../pt/2004-12-01/uk-gaap-pt-2004-12-01.xsd#uk-gaap-pt_AdministrativeExpenses" xlink:label="uk-gaap-pt_AdministrativeExpenses" />
    <definitionArc xlink:type="arc" xlink:arcrole="http://www.xbrl.org/2003/arcrole/requires-element" xlink:from="uk-gaap-pt_RetainedProfitLossForFinancialYearTransferredToReserves" xlink:to="uk-gaap-pt_AdministrativeExpenses" order="4" use="optional" />
    <loc xlink:type="locator" xlink:href="../../pt/2004-12-01/uk-gaap-pt-2004-12-01.xsd#uk-gaap-pt_TotalOperatingProfitLoss" xlink:label="uk-gaap-pt_TotalOperatingProfitLoss" />
    <definitionArc xlink:type="arc" xlink:arcrole="http://www.xbrl.org/2003/arcrole/requires-element" xlink:from="uk-gaap-pt_RetainedProfitLossForFinancialYearTransferredToReserves" xlink:to="uk-gaap-pt_TotalOperatingProfitLoss" order="5" use="optional" />
    <loc xlink:type="locator" xlink:href="../../pt/2004-12-01/uk-gaap-pt-2004-12-01.xsd#uk-gaap-pt_TotalInterestPayableReceivableNet" xlink:label="uk-gaap-pt_TotalInterestPayableReceivableNet" />
    <definitionArc xlink:type="arc" xlink:arcrole="http://www.xbrl.org/2003/arcrole/requires-element" xlink:from="uk-gaap-pt_RetainedProfitLossForFinancialYearTransferredToReserves" xlink:to="uk-gaap-pt_TotalInterestPayableReceivableNet" order="6" use="optional" />
    <loc xlink:type="locator" xlink:href="../../pt/2004-12-01/uk-gaap-pt-2004-12-01.xsd#uk-gaap-pt_ProfitLossOnOrdinaryActivitiesBeforeTax" xlink:label="uk-gaap-pt_ProfitLossOnOrdinaryActivitiesBeforeTax" />
    <definitionArc xlink:type="arc" xlink:arcrole="http://www.xbrl.org/2003/arcrole/requires-element" xlink:from="uk-gaap-pt_RetainedProfitLossForFinancialYearTransferredToReserves" xlink:to="uk-gaap-pt_ProfitLossOnOrdinaryActivitiesBeforeTax" order="7" use="optional" />
    <loc xlink:type="locator" xlink:href="../../pt/2004-12-01/uk-gaap-pt-2004-12-01.xsd#uk-gaap-pt_TaxRelatedToProfitOrLossOnOrdinaryActivities" xlink:label="uk-gaap-pt_TaxRelatedToProfitOrLossOnOrdinaryActivities" />
    <definitionArc xlink:type="arc" xlink:arcrole="http://www.xbrl.org/2003/arcrole/requires-element" xlink:from="uk-gaap-pt_RetainedProfitLossForFinancialYearTransferredToReserves" xlink:to="uk-gaap-pt_TaxRelatedToProfitOrLossOnOrdinaryActivities" order="8" use="optional" />
    <loc xlink:type="locator" xlink:href="../../pt/2004-12-01/uk-gaap-pt-2004-12-01.xsd#uk-gaap-pt_ProfitLossOnOrdinaryActivitiesAfterTax" xlink:label="uk-gaap-pt_ProfitLossOnOrdinaryActivitiesAfterTax" />
    <definitionArc xlink:type="arc" xlink:arcrole="http://www.xbrl.org/2003/arcrole/requires-element" xlink:from="uk-gaap-pt_RetainedProfitLossForFinancialYearTransferredToReserves" xlink:to="uk-gaap-pt_ProfitLossOnOrdinaryActivitiesAfterTax" order="9" use="optional" />
    <loc xlink:type="locator" xlink:href="../../pt/2004-12-01/uk-gaap-pt-2004-12-01.xsd#uk-gaap-pt_GrossDividendPayment-AllShares" xlink:label="uk-gaap-pt_GrossDividendPayment-AllShares" />
    <definitionArc xlink:type="arc" xlink:arcrole="http://www.xbrl.org/2003/arcrole/requires-element" xlink:from="uk-gaap-pt_RetainedProfitLossForFinancialYearTransferredToReserves" xlink:to="uk-gaap-pt_GrossDividendPayment-AllShares" order="10" use="optional" />
    <loc xlink:type="locator" xlink:href="../../pt/2004-12-01/uk-gaap-pt-2004-12-01.xsd#uk-gaap-pt_NameApprovingDirector" xlink:label="uk-gaap-pt_NameApprovingDirector" />
    <definitionArc xlink:type="arc" xlink:arcrole="http://www.xbrl.org/2003/arcrole/requires-element" xlink:from="uk-gaap-ae_CompaniesHouseRegisteredNumber" xlink:to="uk-gaap-pt_NameApprovingDirector" order="3.5" use="optional" />
  </definitionLink>
</linkbase>
