<?xml version="1.0" encoding="UTF-8"?>

<!--
            Taxonomy: 2009-04-01 (Final)
            ********************** 
            Copyright © 2009 International Accounting Standards Committee (IASC) Foundation 
            This material is copyright of the IASC Foundation and all rights are reserved. 
            No part of this material may be translated, reprinted, reproduced or utilised in 
            any form or manner that is not expressly permitted by the IASC Foundations XBRL 
            IP Policy see: http://www.iasb.org/xbrl/ 
            ********************** 
            

        -->
<link:linkbase xmlns:xsi="http://www.w3.org/2001/XMLSchema-instance" xsi:schemaLocation="http://www.xbrl.org/2003/linkbase http://www.xbrl.org/2003/xbrl-linkbase-2003-12-31.xsd" xmlns:link="http://www.xbrl.org/2003/linkbase" xmlns:xlink="http://www.w3.org/1999/xlink">
  <link:roleRef roleURI="http://xbrl.iasb.org/role/ifrs/IAS_19_2009-04-01_role-834440" xlink:type="simple" xlink:href="rol_ias_19_2009-04-01.xsd#IAS_19_2009-04-01_role-834440"/>
  <link:roleRef roleURI="http://xbrl.iasb.org/role/label/labelNegated" xlink:type="simple" xlink:href="../../ifrs-roles_2009-04-01.xsd#labelNegated"/>
  <link:presentationLink xlink:type="extended" xlink:role="http://xbrl.iasb.org/role/ifrs/IAS_19_2009-04-01_role-834440" xlink:title="[834440] Notes - Recognised assets, liabilities and expenses of defined benefit plans">
    <link:loc xlink:type="locator" xlink:href="../../ifrs-cor_2009-04-01.xsd#ifrs_RecognisedAssetsAndLiabilitiesOfDefinedBenefitPlansAbstract" xlink:label="loc"/>
    <link:loc xlink:type="locator" xlink:href="../../ifrs-cor_2009-04-01.xsd#ifrs_RecognisedLiabilitiesDefinedBenefitPlan" xlink:label="loc_2"/>
    <link:loc xlink:type="locator" xlink:href="../../ifrs-cor_2009-04-01.xsd#ifrs_RecognisedAssetsDefinedBenefitPlan" xlink:label="loc_3"/>
    <link:loc xlink:type="locator" xlink:href="../../ifrs-cor_2009-04-01.xsd#ifrs_LiabilityAssetOfDefinedBenefitPlans" xlink:label="loc_4"/>
    <link:presentationArc xlink:type="arc" xlink:arcrole="http://www.xbrl.org/2003/arcrole/parent-child" xlink:from="loc" xlink:to="loc_2" order="10.0"/>
    <link:presentationArc xlink:type="arc" xlink:arcrole="http://www.xbrl.org/2003/arcrole/parent-child" xlink:from="loc" xlink:to="loc_3" order="20.0" preferredLabel="http://xbrl.iasb.org/role/label/labelNegated"/>
    <link:presentationArc xlink:type="arc" xlink:arcrole="http://www.xbrl.org/2003/arcrole/parent-child" xlink:from="loc" xlink:to="loc_4" order="30.0"/>
  </link:presentationLink>
  <link:presentationLink xlink:type="extended" xlink:role="http://xbrl.iasb.org/role/ifrs/IAS_19_2009-04-01_role-834440" xlink:title="[834440] Notes - Recognised assets, liabilities and expenses of defined benefit plans">
    <link:loc xlink:type="locator" xlink:href="../../ifrs-cor_2009-04-01.xsd#ifrs_RecognisedExpenseOfDefinedBenefitPlansAbstract" xlink:label="loc"/>
    <link:loc xlink:type="locator" xlink:href="../../ifrs-cor_2009-04-01.xsd#ifrs_CurrentServiceCostDefinedBenefitPlan" xlink:label="loc_2"/>
    <link:loc xlink:type="locator" xlink:href="../../ifrs-cor_2009-04-01.xsd#ifrs_InterestCostDefinedBenefitPlan" xlink:label="loc_3"/>
    <link:loc xlink:type="locator" xlink:href="../../ifrs-cor_2009-04-01.xsd#ifrs_ExpectedReturnOnPlanAssetsDefinedBenefitPlan" xlink:label="loc_4"/>
    <link:loc xlink:type="locator" xlink:href="../../ifrs-cor_2009-04-01.xsd#ifrs_ExpectedReturnOnRecognisedAssetsForReimbursementRightDefinedBenefitPlan" xlink:label="loc_5"/>
    <link:loc xlink:type="locator" xlink:href="../../ifrs-cor_2009-04-01.xsd#ifrs_ActuarialGainsLossesRecognisedInProfitOrLossDefinedBenefitPlan" xlink:label="loc_6"/>
    <link:loc xlink:type="locator" xlink:href="../../ifrs-cor_2009-04-01.xsd#ifrs_PastServiceCostRecognisedInProfitOrLossDefinedBenefitPlan" xlink:label="loc_7"/>
    <link:loc xlink:type="locator" xlink:href="../../ifrs-cor_2009-04-01.xsd#ifrs_EffectOfCurtailmentAndSettlementRecognisedInProfitOrLossDefinedBenefitPlan" xlink:label="loc_8"/>
    <link:loc xlink:type="locator" xlink:href="../../ifrs-cor_2009-04-01.xsd#ifrs_EffectsOfLimitInIAS19Paragraph58b" xlink:label="loc_9"/>
    <link:loc xlink:type="locator" xlink:href="../../ifrs-cor_2009-04-01.xsd#ifrs_RecognisedExpenseInProfitOrLossOfDefinedBenefitPlans" xlink:label="loc_10"/>
    <link:presentationArc xlink:type="arc" xlink:arcrole="http://www.xbrl.org/2003/arcrole/parent-child" xlink:from="loc" xlink:to="loc_2" order="10.0"/>
    <link:presentationArc xlink:type="arc" xlink:arcrole="http://www.xbrl.org/2003/arcrole/parent-child" xlink:from="loc" xlink:to="loc_3" order="20.0"/>
    <link:presentationArc xlink:type="arc" xlink:arcrole="http://www.xbrl.org/2003/arcrole/parent-child" xlink:from="loc" xlink:to="loc_4" order="30.0" preferredLabel="http://xbrl.iasb.org/role/label/labelNegated"/>
    <link:presentationArc xlink:type="arc" xlink:arcrole="http://www.xbrl.org/2003/arcrole/parent-child" xlink:from="loc" xlink:to="loc_5" order="40.0" preferredLabel="http://xbrl.iasb.org/role/label/labelNegated"/>
    <link:presentationArc xlink:type="arc" xlink:arcrole="http://www.xbrl.org/2003/arcrole/parent-child" xlink:from="loc" xlink:to="loc_6" order="50.0" preferredLabel="http://xbrl.iasb.org/role/label/labelNegated"/>
    <link:presentationArc xlink:type="arc" xlink:arcrole="http://www.xbrl.org/2003/arcrole/parent-child" xlink:from="loc" xlink:to="loc_7" order="60.0"/>
    <link:presentationArc xlink:type="arc" xlink:arcrole="http://www.xbrl.org/2003/arcrole/parent-child" xlink:from="loc" xlink:to="loc_8" order="70.0" preferredLabel="http://xbrl.iasb.org/role/label/labelNegated"/>
    <link:presentationArc xlink:type="arc" xlink:arcrole="http://www.xbrl.org/2003/arcrole/parent-child" xlink:from="loc" xlink:to="loc_9" order="80.0" preferredLabel="http://xbrl.iasb.org/role/label/labelNegated"/>
    <link:presentationArc xlink:type="arc" xlink:arcrole="http://www.xbrl.org/2003/arcrole/parent-child" xlink:from="loc" xlink:to="loc_10" order="90.0"/>
  </link:presentationLink>
</link:linkbase>
