<?xml version="1.0" encoding="UTF-8" standalone="yes"?>
<linkbase xmlns:xsi="http://www.w3.org/2001/XMLSchema-instance" xmlns="http://www.xbrl.org/2003/linkbase" xmlns:xlink="http://www.w3.org/1999/xlink" xsi:schemaLocation="http://www.xbrl.org/2003/linkbase http://www.xbrl.org/2003/xbrl-linkbase-2003-12-31.xsd">
  <roleRef roleURI="http://www.govtalk.gov.uk/uk/fr/tax/dpl-core/2012-10-01/role/FullDetailedProfitandLoss" xlink:type="simple" xlink:href="../../dpl-core/2012-10-01/dpl-2012-10-01.xsd#fullDetailedProfitandLoss_18a782d"/>
  <presentationLink xlink:type="extended" xlink:role="http://www.govtalk.gov.uk/uk/fr/tax/dpl-core/2012-10-01/role/FullDetailedProfitandLoss">
    <loc xlink:type="locator" xlink:href="../../dpl-core/2012-10-01/dpl-2012-10-01.xsd#dpl_StocksInventoriesStartEndPeriodHeading" xlink:label="dpl_StocksInventoriesStartEndPeriodHeading" xlink:title="presentation: TradingIncomeHeading to StocksInventory"/>
    <loc xlink:type="locator" xlink:href="http://www.xbrl.org/uk/gaap/core/2009-09-01/uk-gaap-2009-09-01.xsd#uk-gaap_StocksInventory" xlink:label="uk-gaap_StocksInventory" xlink:title="presentation: TradingIncomeHeading to StocksInventory"/>
    <presentationArc xlink:type="arc" xlink:arcrole="http://www.xbrl.org/2003/arcrole/parent-child" xlink:from="dpl_StocksInventoriesStartEndPeriodHeading" xlink:to="uk-gaap_StocksInventory" xlink:title="presentation: TradingIncomeHeading to StocksInventory" use="optional" order="1.0"/>
    <loc xlink:type="locator" xlink:href="http://www.xbrl.org/uk/gaap/core/2009-09-01/uk-gaap-2009-09-01.xsd#uk-gaap_StocksRawMaterialsConsumables" xlink:label="uk-gaap_StocksRawMaterialsConsumables" xlink:title="presentation: StocksInventory to StocksRawMaterialsConsumables"/>
    <presentationArc xlink:type="arc" xlink:arcrole="http://www.xbrl.org/2003/arcrole/parent-child" xlink:from="uk-gaap_StocksInventory" xlink:to="uk-gaap_StocksRawMaterialsConsumables" xlink:title="presentation: StocksInventory to StocksRawMaterialsConsumables" use="optional" order="1.0" preferredLabel="http://www.xbrl.org/2003/role/label"/>
    <loc xlink:type="locator" xlink:href="http://www.xbrl.org/uk/gaap/core/2009-09-01/uk-gaap-2009-09-01.xsd#uk-gaap_WorkInProgress" xlink:label="uk-gaap_WorkInProgress" xlink:title="presentation: StocksInventory to WorkInProgress"/>
    <presentationArc xlink:type="arc" xlink:arcrole="http://www.xbrl.org/2003/arcrole/parent-child" xlink:from="uk-gaap_StocksInventory" xlink:to="uk-gaap_WorkInProgress" xlink:title="presentation: StocksInventory to WorkInProgress" use="optional" order="2.0" preferredLabel="http://www.xbrl.org/2003/role/label"/>
    <loc xlink:type="locator" xlink:href="http://www.xbrl.org/uk/gaap/core/2009-09-01/uk-gaap-2009-09-01.xsd#uk-gaap_FinishedGoodsGoodsForResale" xlink:label="uk-gaap_FinishedGoodsGoodsForResale" xlink:title="presentation: StocksInventory to FinishedGoodsGoodsForResale"/>
    <presentationArc xlink:type="arc" xlink:arcrole="http://www.xbrl.org/2003/arcrole/parent-child" xlink:from="uk-gaap_StocksInventory" xlink:to="uk-gaap_FinishedGoodsGoodsForResale" xlink:title="presentation: StocksInventory to FinishedGoodsGoodsForResale" use="optional" order="3.0" preferredLabel="http://www.xbrl.org/2003/role/label"/>
    <loc xlink:type="locator" xlink:href="http://www.xbrl.org/uk/gaap/core/2009-09-01/uk-gaap-2009-09-01.xsd#uk-gaap_StocksPaymentsOnAccount" xlink:label="uk-gaap_StocksPaymentsOnAccount" xlink:title="presentation: StocksInventory to StocksPaymentsOnAccount"/>
    <presentationArc xlink:type="arc" xlink:arcrole="http://www.xbrl.org/2003/arcrole/parent-child" xlink:from="uk-gaap_StocksInventory" xlink:to="uk-gaap_StocksPaymentsOnAccount" xlink:title="presentation: StocksInventory to StocksPaymentsOnAccount" use="optional" order="4.0"/>
    <loc xlink:type="locator" xlink:href="../../dpl-core/2012-10-01/dpl-2012-10-01.xsd#dpl_IncreaseDecreaseInStocksInventories" xlink:label="dpl_IncreaseDecreaseInStocksInventories" xlink:title="presentation: IncreaseDecreaseInStocksInventories to IncreaseDecreaseInStocksRawMaterialsConsumables"/>
    <loc xlink:type="locator" xlink:href="dpl-gaap-2012-10-01.xsd#dpl-gaap_IncreaseDecreaseInStocksRawMaterialsConsumables" xlink:label="dpl-gaap_IncreaseDecreaseInStocksRawMaterialsConsumables" xlink:title="presentation: IncreaseDecreaseInStocksInventories to IncreaseDecreaseInStocksRawMaterialsConsumables"/>
    <presentationArc xlink:type="arc" xlink:arcrole="http://www.xbrl.org/2003/arcrole/parent-child" xlink:from="dpl_IncreaseDecreaseInStocksInventories" xlink:to="dpl-gaap_IncreaseDecreaseInStocksRawMaterialsConsumables" xlink:title="presentation: IncreaseDecreaseInStocksInventories to IncreaseDecreaseInStocksRawMaterialsConsumables" use="optional" order="1.0"/>
    <loc xlink:type="locator" xlink:href="dpl-gaap-2012-10-01.xsd#dpl-gaap_IncreaseDecreaseInWorkInProgress" xlink:label="dpl-gaap_IncreaseDecreaseInWorkInProgress" xlink:title="presentation: IncreaseDecreaseInStocksInventories to IncreaseDecreaseInWorkInProgress"/>
    <presentationArc xlink:type="arc" xlink:arcrole="http://www.xbrl.org/2003/arcrole/parent-child" xlink:from="dpl_IncreaseDecreaseInStocksInventories" xlink:to="dpl-gaap_IncreaseDecreaseInWorkInProgress" xlink:title="presentation: IncreaseDecreaseInStocksInventories to IncreaseDecreaseInWorkInProgress" use="optional" order="2.0"/>
    <loc xlink:type="locator" xlink:href="dpl-gaap-2012-10-01.xsd#dpl-gaap_IncreaseDecreaseInFinishedGoodsGoodsForResale" xlink:label="dpl-gaap_IncreaseDecreaseInFinishedGoodsGoodsForResale" xlink:title="presentation: IncreaseDecreaseInStocksInventories to IncreaseDecreaseInFinishedGoodsGoodsForResale"/>
    <presentationArc xlink:type="arc" xlink:arcrole="http://www.xbrl.org/2003/arcrole/parent-child" xlink:from="dpl_IncreaseDecreaseInStocksInventories" xlink:to="dpl-gaap_IncreaseDecreaseInFinishedGoodsGoodsForResale" xlink:title="presentation: IncreaseDecreaseInStocksInventories to IncreaseDecreaseInFinishedGoodsGoodsForResale" use="optional" order="3.0"/>
    <loc xlink:type="locator" xlink:href="dpl-gaap-2012-10-01.xsd#dpl-gaap_IncreaseDecreaseInStocksPaymentsOnAccount" xlink:label="dpl-gaap_IncreaseDecreaseInStocksPaymentsOnAccount" xlink:title="presentation: IncreaseDecreaseInStocksInventories to IncreaseDecreaseInStocksPaymentsOnAccount"/>
    <presentationArc xlink:type="arc" xlink:arcrole="http://www.xbrl.org/2003/arcrole/parent-child" xlink:from="dpl_IncreaseDecreaseInStocksInventories" xlink:to="dpl-gaap_IncreaseDecreaseInStocksPaymentsOnAccount" xlink:title="presentation: IncreaseDecreaseInStocksInventories to IncreaseDecreaseInStocksPaymentsOnAccount" use="optional" order="4.0"/>
    <loc xlink:type="locator" xlink:href="../../dpl-core/2012-10-01/dpl-2012-10-01.xsd#dpl_TradingIncomeHeading" xlink:label="dpl_TradingIncomeHeading" xlink:title="presentation: TradingIncomeHeading to TurnoverGrossOperatingRevenue"/>
    <loc xlink:type="locator" xlink:href="http://www.xbrl.org/uk/gaap/core/2009-09-01/uk-gaap-2009-09-01.xsd#uk-gaap_TurnoverGrossOperatingRevenue" xlink:label="uk-gaap_TurnoverGrossOperatingRevenue" xlink:title="presentation: TradingIncomeHeading to TurnoverGrossOperatingRevenue"/>
    <presentationArc xlink:type="arc" xlink:arcrole="http://www.xbrl.org/2003/arcrole/parent-child" xlink:from="dpl_TradingIncomeHeading" xlink:to="uk-gaap_TurnoverGrossOperatingRevenue" xlink:title="presentation: TradingIncomeHeading to TurnoverGrossOperatingRevenue" use="optional" order="0.5"/>
    <loc xlink:type="locator" xlink:href="../../dpl-core/2012-10-01/dpl-2012-10-01.xsd#dpl_OtherOperatingIncomeNetItemsHeading" xlink:label="dpl_OtherOperatingIncomeNetItemsHeading" xlink:title="presentation: OtherOperatingIncomeNetItemsHeading to OtherOperatingIncome"/>
    <loc xlink:type="locator" xlink:href="http://www.xbrl.org/uk/gaap/core/2009-09-01/uk-gaap-2009-09-01.xsd#uk-gaap_OtherOperatingIncome" xlink:label="uk-gaap_OtherOperatingIncome" xlink:title="presentation: OtherOperatingIncomeNetItemsHeading to OtherOperatingIncome"/>
    <presentationArc xlink:type="arc" xlink:arcrole="http://www.xbrl.org/2003/arcrole/parent-child" xlink:from="dpl_OtherOperatingIncomeNetItemsHeading" xlink:to="uk-gaap_OtherOperatingIncome" xlink:title="presentation: OtherOperatingIncomeNetItemsHeading to OtherOperatingIncome" use="optional" order="0.5"/>
    <loc xlink:type="locator" xlink:href="../../dpl-core/2012-10-01/dpl-2012-10-01.xsd#dpl_Non-operatingIncomeNetItemsHeading" xlink:label="dpl_Non-operatingIncomeNetItemsHeading" xlink:title="presentation: Non-operatingIncomeNetItemsHeading to IncomeFromOtherCurrentAssetInvestments"/>
    <loc xlink:type="locator" xlink:href="http://www.xbrl.org/uk/gaap/core/2009-09-01/uk-gaap-2009-09-01.xsd#uk-gaap_IncomeFromOtherCurrentAssetInvestments" xlink:label="uk-gaap_IncomeFromOtherCurrentAssetInvestments" xlink:title="presentation: Non-operatingIncomeNetItemsHeading to IncomeFromOtherCurrentAssetInvestments"/>
    <presentationArc xlink:type="arc" xlink:arcrole="http://www.xbrl.org/2003/arcrole/parent-child" xlink:from="dpl_Non-operatingIncomeNetItemsHeading" xlink:to="uk-gaap_IncomeFromOtherCurrentAssetInvestments" xlink:title="presentation: Non-operatingIncomeNetItemsHeading to IncomeFromOtherCurrentAssetInvestments" use="optional" order="1.2"/>
    <loc xlink:type="locator" xlink:href="http://www.xbrl.org/uk/gaap/core/2009-09-01/uk-gaap-2009-09-01.xsd#uk-gaap_IncomeFromOtherFixedAssetInvestments" xlink:label="uk-gaap_IncomeFromOtherFixedAssetInvestments" xlink:title="presentation: Non-operatingIncomeNetItemsHeading to IncomeFromOtherFixedAssetInvestments"/>
    <presentationArc xlink:type="arc" xlink:arcrole="http://www.xbrl.org/2003/arcrole/parent-child" xlink:from="dpl_Non-operatingIncomeNetItemsHeading" xlink:to="uk-gaap_IncomeFromOtherFixedAssetInvestments" xlink:title="presentation: Non-operatingIncomeNetItemsHeading to IncomeFromOtherFixedAssetInvestments" use="optional" order="1.5"/>
    <loc xlink:type="locator" xlink:href="../../dpl-core/2012-10-01/dpl-2012-10-01.xsd#dpl_OtherItemsHeading" xlink:label="dpl_OtherItemsHeading" xlink:title="presentation: OtherItemsHeading to GainLossOnSaleOrTerminationOperations"/>
    <loc xlink:type="locator" xlink:href="http://www.xbrl.org/uk/gaap/core/2009-09-01/uk-gaap-2009-09-01.xsd#uk-gaap_GainLossOnSaleOrTerminationOperations" xlink:label="uk-gaap_GainLossOnSaleOrTerminationOperations" xlink:title="presentation: OtherItemsHeading to GainLossOnSaleOrTerminationOperations"/>
    <presentationArc xlink:type="arc" xlink:arcrole="http://www.xbrl.org/2003/arcrole/parent-child" xlink:from="dpl_OtherItemsHeading" xlink:to="uk-gaap_GainLossOnSaleOrTerminationOperations" xlink:title="presentation: OtherItemsHeading to GainLossOnSaleOrTerminationOperations" use="optional" order="0.3"/>
    <loc xlink:type="locator" xlink:href="http://www.xbrl.org/uk/gaap/core/2009-09-01/uk-gaap-2009-09-01.xsd#uk-gaap_OwnWorkCapitalised" xlink:label="uk-gaap_OwnWorkCapitalised" xlink:title="presentation: OtherItemsHeading to OwnWorkCapitalised"/>
    <presentationArc xlink:type="arc" xlink:arcrole="http://www.xbrl.org/2003/arcrole/parent-child" xlink:from="dpl_OtherItemsHeading" xlink:to="uk-gaap_OwnWorkCapitalised" xlink:title="presentation: OtherItemsHeading to OwnWorkCapitalised" use="optional" order="0.2"/>
    <loc xlink:type="locator" xlink:href="http://www.xbrl.org/uk/gaap/core/2009-09-01/uk-gaap-2009-09-01.xsd#uk-gaap_ProvisionForLossOnSaleOrTerminationOperation" xlink:label="uk-gaap_ProvisionForLossOnSaleOrTerminationOperation" xlink:title="presentation: OtherItemsHeading to ProvisionForLossOnSaleOrTerminationOperation"/>
    <presentationArc xlink:type="arc" xlink:arcrole="http://www.xbrl.org/2003/arcrole/parent-child" xlink:from="dpl_OtherItemsHeading" xlink:to="uk-gaap_ProvisionForLossOnSaleOrTerminationOperation" xlink:title="presentation: OtherItemsHeading to ProvisionForLossOnSaleOrTerminationOperation" use="optional" order="0.4"/>
    <loc xlink:type="locator" xlink:href="http://www.xbrl.org/uk/gaap/core/2009-09-01/uk-gaap-2009-09-01.xsd#uk-gaap_CostsGainsFromFundamentalRestructuringOrReorganisation" xlink:label="uk-gaap_CostsGainsFromFundamentalRestructuringOrReorganisation" xlink:title="presentation: OtherItemsHeading to CostsGainsFromFundamentalRestructuringOrReorganisation"/>
    <presentationArc xlink:type="arc" xlink:arcrole="http://www.xbrl.org/2003/arcrole/parent-child" xlink:from="dpl_OtherItemsHeading" xlink:to="uk-gaap_CostsGainsFromFundamentalRestructuringOrReorganisation" xlink:title="presentation: OtherItemsHeading to CostsGainsFromFundamentalRestructuringOrReorganisation" use="optional" order="0.6"/>
    <loc xlink:type="locator" xlink:href="http://www.xbrl.org/uk/gaap/core/2009-09-01/uk-gaap-2009-09-01.xsd#uk-gaap_GainLossFromDisposalFixedAssets" xlink:label="uk-gaap_GainLossFromDisposalFixedAssets" xlink:title="presentation: OtherItemsHeading to GainLossFromDisposalFixedAssets"/>
    <presentationArc xlink:type="arc" xlink:arcrole="http://www.xbrl.org/2003/arcrole/parent-child" xlink:from="dpl_OtherItemsHeading" xlink:to="uk-gaap_GainLossFromDisposalFixedAssets" xlink:title="presentation: OtherItemsHeading to GainLossFromDisposalFixedAssets" use="optional" order="0.5"/>
    <loc xlink:type="locator" xlink:href="http://www.xbrl.org/uk/gaap/core/2009-09-01/uk-gaap-2009-09-01.xsd#uk-gaap_GainLossFromDisposalTangibleFixedAssets" xlink:label="uk-gaap_GainLossFromDisposalTangibleFixedAssets" xlink:title="presentation: GainLossFromDisposalFixedAssets to GainLossFromDisposalTangibleFixedAssets"/>
    <presentationArc xlink:type="arc" xlink:arcrole="http://www.xbrl.org/2003/arcrole/parent-child" xlink:from="uk-gaap_GainLossFromDisposalFixedAssets" xlink:to="uk-gaap_GainLossFromDisposalTangibleFixedAssets" xlink:title="presentation: GainLossFromDisposalFixedAssets to GainLossFromDisposalTangibleFixedAssets" use="optional" order="1.0"/>
    <loc xlink:type="locator" xlink:href="http://www.xbrl.org/uk/gaap/core/2009-09-01/uk-gaap-2009-09-01.xsd#uk-gaap_GainLossFromDisposalIntangibleFixedAssets" xlink:label="uk-gaap_GainLossFromDisposalIntangibleFixedAssets" xlink:title="presentation: GainLossFromDisposalFixedAssets to GainLossFromDisposalIntangibleFixedAssets"/>
    <presentationArc xlink:type="arc" xlink:arcrole="http://www.xbrl.org/2003/arcrole/parent-child" xlink:from="uk-gaap_GainLossFromDisposalFixedAssets" xlink:to="uk-gaap_GainLossFromDisposalIntangibleFixedAssets" xlink:title="presentation: GainLossFromDisposalFixedAssets to GainLossFromDisposalIntangibleFixedAssets" use="optional" order="2.0"/>
    <loc xlink:type="locator" xlink:href="dpl-gaap-2012-10-01.xsd#dpl-gaap_GainOnReleaseNegativeGoodwill" xlink:label="dpl-gaap_GainOnReleaseNegativeGoodwill"/>
    <presentationArc xlink:type="arc" xlink:arcrole="http://www.xbrl.org/2003/arcrole/parent-child" xlink:from="dpl_OtherItemsHeading" xlink:to="dpl-gaap_GainOnReleaseNegativeGoodwill" use="optional" order="1.5"/>
    <loc xlink:type="locator" xlink:href="../../dpl-core/2012-10-01/dpl-2012-10-01.xsd#dpl_FinanceIncomeNetItemsHeading" xlink:label="dpl_FinanceIncomeNetItemsHeading" xlink:title="presentation: FinanceIncomeNetItemsHeading to ExpectedReturnOnPensionSchemesAssets"/>
    <loc xlink:type="locator" xlink:href="http://www.xbrl.org/uk/gaap/core/2009-09-01/uk-gaap-2009-09-01.xsd#uk-gaap_ExpectedReturnOnPensionSchemesAssets" xlink:label="uk-gaap_ExpectedReturnOnPensionSchemesAssets" xlink:title="presentation: FinanceIncomeNetItemsHeading to ExpectedReturnOnPensionSchemesAssets"/>
    <presentationArc xlink:type="arc" xlink:arcrole="http://www.xbrl.org/2003/arcrole/parent-child" xlink:from="dpl_FinanceIncomeNetItemsHeading" xlink:to="uk-gaap_ExpectedReturnOnPensionSchemesAssets" xlink:title="presentation: FinanceIncomeNetItemsHeading to ExpectedReturnOnPensionSchemesAssets" use="optional" order="3.4"/>
    <loc xlink:type="locator" xlink:href="http://www.xbrl.org/uk/gaap/core/2009-09-01/uk-gaap-2009-09-01.xsd#uk-gaap_InterestOnPensionSchemesLiabilities" xlink:label="uk-gaap_InterestOnPensionSchemesLiabilities" xlink:title="presentation: FinanceIncomeNetItemsHeading to InterestOnPensionSchemesLiabilities"/>
    <presentationArc xlink:type="arc" xlink:arcrole="http://www.xbrl.org/2003/arcrole/parent-child" xlink:from="dpl_FinanceIncomeNetItemsHeading" xlink:to="uk-gaap_InterestOnPensionSchemesLiabilities" xlink:title="presentation: FinanceIncomeNetItemsHeading to InterestOnPensionSchemesLiabilities" use="optional" order="3.6"/>
    <loc xlink:type="locator" xlink:href="../../dpl-core/2012-10-01/dpl-2012-10-01.xsd#dpl_PropertyPlantRelatedCostsHeading" xlink:label="dpl_PropertyPlantRelatedCostsHeading" xlink:title="presentation: PropertyPlantRelatedCostsHeading to OperatingLeaseExpenditure"/>
    <loc xlink:type="locator" xlink:href="http://www.xbrl.org/uk/gaap/core/2009-09-01/uk-gaap-2009-09-01.xsd#uk-gaap_OperatingLeaseExpenditure" xlink:label="uk-gaap_OperatingLeaseExpenditure" xlink:title="presentation: PropertyPlantRelatedCostsHeading to OperatingLeaseExpenditure"/>
    <presentationArc xlink:type="arc" xlink:arcrole="http://www.xbrl.org/2003/arcrole/parent-child" xlink:from="dpl_PropertyPlantRelatedCostsHeading" xlink:to="uk-gaap_OperatingLeaseExpenditure" xlink:title="presentation: PropertyPlantRelatedCostsHeading to OperatingLeaseExpenditure" use="optional" order="2.5"/>
    <loc xlink:type="locator" xlink:href="../../dpl-core/2012-10-01/dpl-2012-10-01.xsd#dpl_DepreciationAmortisationImpairmentCostsHeading" xlink:label="dpl_DepreciationAmortisationImpairmentCostsHeading" xlink:title="presentation: DepreciationAmortisationImpairmentCostsHeading to DepreciationImpairmentReversalTangibleFixedAssets"/>
    <loc xlink:type="locator" xlink:href="http://www.xbrl.org/uk/gaap/core/2009-09-01/uk-gaap-2009-09-01.xsd#uk-gaap_DepreciationImpairmentReversalTangibleFixedAssets" xlink:label="uk-gaap_DepreciationImpairmentReversalTangibleFixedAssets" xlink:title="presentation: DepreciationAmortisationImpairmentCostsHeading to DepreciationImpairmentReversalTangibleFixedAssets"/>
    <presentationArc xlink:type="arc" xlink:arcrole="http://www.xbrl.org/2003/arcrole/parent-child" xlink:from="dpl_DepreciationAmortisationImpairmentCostsHeading" xlink:to="uk-gaap_DepreciationImpairmentReversalTangibleFixedAssets" xlink:title="presentation: DepreciationAmortisationImpairmentCostsHeading to DepreciationImpairmentReversalTangibleFixedAssets" use="optional" order="1.0"/>
    <loc xlink:type="locator" xlink:href="http://www.xbrl.org/uk/gaap/core/2009-09-01/uk-gaap-2009-09-01.xsd#uk-gaap_DepreciationTangibleFixedAssetsExpense" xlink:label="uk-gaap_DepreciationTangibleFixedAssetsExpense" xlink:title="presentation: DepreciationImpairmentReversalTangibleFixedAssets to DepreciationTangibleFixedAssetsExpense"/>
    <presentationArc xlink:type="arc" xlink:arcrole="http://www.xbrl.org/2003/arcrole/parent-child" xlink:from="uk-gaap_DepreciationImpairmentReversalTangibleFixedAssets" xlink:to="uk-gaap_DepreciationTangibleFixedAssetsExpense" xlink:title="presentation: DepreciationImpairmentReversalTangibleFixedAssets to DepreciationTangibleFixedAssetsExpense" use="optional" order="1.0"/>
    <loc xlink:type="locator" xlink:href="http://www.xbrl.org/uk/gaap/core/2009-09-01/uk-gaap-2009-09-01.xsd#uk-gaap_ImpairmentLossReversalTangibleFixedAssets" xlink:label="uk-gaap_ImpairmentLossReversalTangibleFixedAssets" xlink:title="presentation: DepreciationImpairmentReversalTangibleFixedAssets to ImpairmentLossReversalTangibleFixedAssets"/>
    <presentationArc xlink:type="arc" xlink:arcrole="http://www.xbrl.org/2003/arcrole/parent-child" xlink:from="uk-gaap_DepreciationImpairmentReversalTangibleFixedAssets" xlink:to="uk-gaap_ImpairmentLossReversalTangibleFixedAssets" xlink:title="presentation: DepreciationImpairmentReversalTangibleFixedAssets to ImpairmentLossReversalTangibleFixedAssets" use="optional" order="2.0"/>
    <loc xlink:type="locator" xlink:href="http://www.xbrl.org/uk/gaap/core/2009-09-01/uk-gaap-2009-09-01.xsd#uk-gaap_AmortisationImpairmentReversalIntangibleFixedAssets" xlink:label="uk-gaap_AmortisationImpairmentReversalIntangibleFixedAssets" xlink:title="presentation: DepreciationAmortisationImpairmentCostsHeading to AmortisationImpairmentReversalIntangibleFixedAssets"/>
    <presentationArc xlink:type="arc" xlink:arcrole="http://www.xbrl.org/2003/arcrole/parent-child" xlink:from="dpl_DepreciationAmortisationImpairmentCostsHeading" xlink:to="uk-gaap_AmortisationImpairmentReversalIntangibleFixedAssets" xlink:title="presentation: DepreciationAmortisationImpairmentCostsHeading to AmortisationImpairmentReversalIntangibleFixedAssets" use="optional" order="2.0"/>
    <loc xlink:type="locator" xlink:href="http://www.xbrl.org/uk/gaap/core/2009-09-01/uk-gaap-2009-09-01.xsd#uk-gaap_AmortisationIntangibleAssetsExpense" xlink:label="uk-gaap_AmortisationIntangibleAssetsExpense" xlink:title="presentation: AmortisationImpairmentReversalIntangibleFixedAssets to AmortisationIntangibleAssetsExpense"/>
    <presentationArc xlink:type="arc" xlink:arcrole="http://www.xbrl.org/2003/arcrole/parent-child" xlink:from="uk-gaap_AmortisationImpairmentReversalIntangibleFixedAssets" xlink:to="uk-gaap_AmortisationIntangibleAssetsExpense" xlink:title="presentation: AmortisationImpairmentReversalIntangibleFixedAssets to AmortisationIntangibleAssetsExpense" use="optional" order="1.0"/>
    <loc xlink:type="locator" xlink:href="http://www.xbrl.org/uk/gaap/core/2009-09-01/uk-gaap-2009-09-01.xsd#uk-gaap_ImpairmentLossReversalIntangibleFixedAssets" xlink:label="uk-gaap_ImpairmentLossReversalIntangibleFixedAssets" xlink:title="presentation: AmortisationImpairmentReversalIntangibleFixedAssets to ImpairmentLossReversalIntangibleFixedAssets"/>
    <presentationArc xlink:type="arc" xlink:arcrole="http://www.xbrl.org/2003/arcrole/parent-child" xlink:from="uk-gaap_AmortisationImpairmentReversalIntangibleFixedAssets" xlink:to="uk-gaap_ImpairmentLossReversalIntangibleFixedAssets" xlink:title="presentation: AmortisationImpairmentReversalIntangibleFixedAssets to ImpairmentLossReversalIntangibleFixedAssets" use="optional" order="2.0"/>
    <loc xlink:type="locator" xlink:href="../../dpl-core/2012-10-01/dpl-2012-10-01.xsd#dpl_StaffEmploymentRelatedCostsHeading" xlink:label="dpl_StaffEmploymentRelatedCostsHeading"/>
    <loc xlink:type="locator" xlink:href="../../dpl-core/2012-10-01/dpl-2012-10-01.xsd#dpl_Bonuses" xlink:label="dpl_Bonuses"/>
    <presentationArc xlink:type="arc" xlink:arcrole="http://www.xbrl.org/2003/arcrole/parent-child" xlink:from="dpl_StaffEmploymentRelatedCostsHeading" xlink:to="dpl_Bonuses" use="prohibited" priority="1" order="1.0"/>
    <loc xlink:type="locator" xlink:href="../../dpl-core/2012-10-01/dpl-2012-10-01.xsd#dpl_RemunerationTrustExpenses" xlink:label="dpl_RemunerationTrustExpenses" xlink:title="presentation: StaffCosts to RemunerationTrustExpenses"/>
    <presentationArc xlink:type="arc" xlink:arcrole="http://www.xbrl.org/2003/arcrole/parent-child" xlink:from="dpl_StaffEmploymentRelatedCostsHeading" xlink:to="dpl_RemunerationTrustExpenses" use="prohibited" priority="1" order="2.0"/>
    <loc xlink:type="locator" xlink:href="../../dpl-core/2012-10-01/dpl-2012-10-01.xsd#dpl_OtherStaffCosts" xlink:label="dpl_OtherStaffCosts" xlink:title="presentation: StaffCosts to OtherStaffCosts"/>
    <presentationArc xlink:type="arc" xlink:arcrole="http://www.xbrl.org/2003/arcrole/parent-child" xlink:from="dpl_StaffEmploymentRelatedCostsHeading" xlink:to="dpl_OtherStaffCosts" use="prohibited" priority="1" order="3.0"/>
    <loc xlink:type="locator" xlink:href="../../dpl-core/2012-10-01/dpl-2012-10-01.xsd#dpl_StaffCostsDirectors" xlink:label="dpl_StaffCostsDirectors" xlink:title="presentation: StaffCostsDirectors to SalariesFeesDirectors"/>
    <loc xlink:type="locator" xlink:href="http://www.xbrl.org/uk/reports/direp/2009-09-01/uk-direp-2009-09-01.xsd#uk-direp_SalariesFeesDirectors" xlink:label="uk-direp_SalariesFeesDirectors" xlink:title="presentation: StaffCostsDirectors to SalariesFeesDirectors"/>
    <presentationArc xlink:type="arc" xlink:arcrole="http://www.xbrl.org/2003/arcrole/parent-child" xlink:from="dpl_StaffCostsDirectors" xlink:to="uk-direp_SalariesFeesDirectors" xlink:title="presentation: StaffCostsDirectors to SalariesFeesDirectors" use="optional" order="0.4"/>
    <loc xlink:type="locator" xlink:href="http://www.xbrl.org/uk/reports/direp/2009-09-01/uk-direp-2009-09-01.xsd#uk-direp_BonusesDirectors" xlink:label="uk-direp_BonusesDirectors" xlink:title="presentation: StaffCostsDirectors to BonusesDirectors"/>
    <presentationArc xlink:type="arc" xlink:arcrole="http://www.xbrl.org/2003/arcrole/parent-child" xlink:from="dpl_StaffCostsDirectors" xlink:to="uk-direp_BonusesDirectors" xlink:title="presentation: StaffCostsDirectors to BonusesDirectors" use="optional" order="0.5"/>
    <loc xlink:type="locator" xlink:href="http://www.xbrl.org/uk/reports/direp/2009-09-01/uk-direp-2009-09-01.xsd#uk-direp_CompanyContributionsToDefinedBenefitSchemesDirectors" xlink:label="uk-direp_CompanyContributionsToDefinedBenefitSchemesDirectors" xlink:title="presentation: StaffCostsDirectors to CompanyContributionsToDefinedBenefitSchemesDirectors"/>
    <presentationArc xlink:type="arc" xlink:arcrole="http://www.xbrl.org/2003/arcrole/parent-child" xlink:from="dpl_StaffCostsDirectors" xlink:to="uk-direp_CompanyContributionsToDefinedBenefitSchemesDirectors" xlink:title="presentation: StaffCostsDirectors to CompanyContributionsToDefinedBenefitSchemesDirectors" use="optional" order="1.2"/>
    <loc xlink:type="locator" xlink:href="http://www.xbrl.org/uk/reports/direp/2009-09-01/uk-direp-2009-09-01.xsd#uk-direp_CompanyContributionsToMoneyPurchaseSchemesDirectors" xlink:label="uk-direp_CompanyContributionsToMoneyPurchaseSchemesDirectors" xlink:title="presentation: StaffCostsDirectors to CompanyContributionsToMoneyPurchaseSchemesDirectors"/>
    <presentationArc xlink:type="arc" xlink:arcrole="http://www.xbrl.org/2003/arcrole/parent-child" xlink:from="dpl_StaffCostsDirectors" xlink:to="uk-direp_CompanyContributionsToMoneyPurchaseSchemesDirectors" xlink:title="presentation: StaffCostsDirectors to CompanyContributionsToMoneyPurchaseSchemesDirectors" use="optional" order="1.4"/>
    <loc xlink:type="locator" xlink:href="http://www.xbrl.org/uk/reports/direp/2009-09-01/uk-direp-2009-09-01.xsd#uk-direp_CompensationForLossOfficeDirectors" xlink:label="uk-direp_CompensationForLossOfficeDirectors" xlink:title="presentation: StaffCostsDirectors to CompensationForLossOfficeDirectors"/>
    <presentationArc xlink:type="arc" xlink:arcrole="http://www.xbrl.org/2003/arcrole/parent-child" xlink:from="dpl_StaffCostsDirectors" xlink:to="uk-direp_CompensationForLossOfficeDirectors" xlink:title="presentation: StaffCostsDirectors to CompensationForLossOfficeDirectors" use="optional" order="3.4"/>
    <loc xlink:type="locator" xlink:href="http://www.xbrl.org/uk/reports/direp/2009-09-01/uk-direp-2009-09-01.xsd#uk-direp_PaymentsToThirdPartiesForDirectorServices" xlink:label="uk-direp_PaymentsToThirdPartiesForDirectorServices" xlink:title="presentation: StaffCostsDirectors to PaymentsToThirdPartiesForDirectorServices"/>
    <presentationArc xlink:type="arc" xlink:arcrole="http://www.xbrl.org/2003/arcrole/parent-child" xlink:from="dpl_StaffCostsDirectors" xlink:to="uk-direp_PaymentsToThirdPartiesForDirectorServices" xlink:title="presentation: StaffCostsDirectors to PaymentsToThirdPartiesForDirectorServices" use="optional" order="3.6"/>
    <loc xlink:type="locator" xlink:href="http://www.xbrl.org/uk/gaap/core/2009-09-01/uk-gaap-2009-09-01.xsd#uk-gaap_StaffCosts" xlink:label="uk-gaap_StaffCosts" xlink:title="presentation: StaffEmploymentRelatedCostsHeading to StaffCosts"/>
    <presentationArc xlink:type="arc" xlink:arcrole="http://www.xbrl.org/2003/arcrole/parent-child" xlink:from="dpl_StaffEmploymentRelatedCostsHeading" xlink:to="uk-gaap_StaffCosts" xlink:title="presentation: StaffEmploymentRelatedCostsHeading to StaffCosts" use="optional" order="0.5"/>
    <loc xlink:type="locator" xlink:href="http://www.xbrl.org/uk/gaap/core/2009-09-01/uk-gaap-2009-09-01.xsd#uk-gaap_WagesSalaries" xlink:label="uk-gaap_WagesSalaries" xlink:title="presentation: StaffCosts to WagesSalaries"/>
    <presentationArc xlink:type="arc" xlink:arcrole="http://www.xbrl.org/2003/arcrole/parent-child" xlink:from="uk-gaap_StaffCosts" xlink:to="uk-gaap_WagesSalaries" xlink:title="presentation: StaffCosts to WagesSalaries" use="optional" order="1.0"/>
    <presentationArc xlink:type="arc" xlink:arcrole="http://www.xbrl.org/2003/arcrole/parent-child" xlink:from="uk-gaap_StaffCosts" xlink:to="dpl_Bonuses" xlink:title="presentation: StaffCosts to Bonuses" use="optional" order="1.5"/>
    <loc xlink:type="locator" xlink:href="http://www.xbrl.org/uk/gaap/core/2009-09-01/uk-gaap-2009-09-01.xsd#uk-gaap_SocialSecurityCosts" xlink:label="uk-gaap_SocialSecurityCosts" xlink:title="presentation: StaffCosts to SocialSecurityCosts"/>
    <presentationArc xlink:type="arc" xlink:arcrole="http://www.xbrl.org/2003/arcrole/parent-child" xlink:from="uk-gaap_StaffCosts" xlink:to="uk-gaap_SocialSecurityCosts" xlink:title="presentation: StaffCosts to SocialSecurityCosts" use="optional" order="2.0"/>
    <loc xlink:type="locator" xlink:href="http://www.xbrl.org/uk/gaap/core/2009-09-01/uk-gaap-2009-09-01.xsd#uk-gaap_PensionsCostsDefinedBenefitSchemes" xlink:label="uk-gaap_PensionsCostsDefinedBenefitSchemes" xlink:title="presentation: StaffCosts to PensionsCostsDefinedBenefitSchemes"/>
    <presentationArc xlink:type="arc" xlink:arcrole="http://www.xbrl.org/2003/arcrole/parent-child" xlink:from="uk-gaap_StaffCosts" xlink:to="uk-gaap_PensionsCostsDefinedBenefitSchemes" xlink:title="presentation: StaffCosts to PensionsCostsDefinedBenefitSchemes" use="optional" order="3.0"/>
    <loc xlink:type="locator" xlink:href="http://www.xbrl.org/uk/gaap/core/2009-09-01/uk-gaap-2009-09-01.xsd#uk-gaap_PensionsCostsDefinedContributionSchemes" xlink:label="uk-gaap_PensionsCostsDefinedContributionSchemes" xlink:title="presentation: StaffCosts to PensionsCostsDefinedContributionSchemes"/>
    <presentationArc xlink:type="arc" xlink:arcrole="http://www.xbrl.org/2003/arcrole/parent-child" xlink:from="uk-gaap_StaffCosts" xlink:to="uk-gaap_PensionsCostsDefinedContributionSchemes" xlink:title="presentation: StaffCosts to PensionsCostsDefinedContributionSchemes" use="optional" order="3.2"/>
    <loc xlink:type="locator" xlink:href="http://www.xbrl.org/uk/gaap/core/2009-09-01/uk-gaap-2009-09-01.xsd#uk-gaap_EmployeeShareSchemeCosts" xlink:label="uk-gaap_EmployeeShareSchemeCosts" xlink:title="presentation: StaffCosts to EmployeeShareSchemeCosts"/>
    <presentationArc xlink:type="arc" xlink:arcrole="http://www.xbrl.org/2003/arcrole/parent-child" xlink:from="uk-gaap_StaffCosts" xlink:to="uk-gaap_EmployeeShareSchemeCosts" xlink:title="presentation: StaffCosts to EmployeeShareSchemeCosts" use="optional" order="4.0"/>
    <presentationArc xlink:type="arc" xlink:arcrole="http://www.xbrl.org/2003/arcrole/parent-child" xlink:from="uk-gaap_StaffCosts" xlink:to="dpl_RemunerationTrustExpenses" xlink:title="presentation: StaffCosts to RemunerationTrustExpenses" use="optional" order="5.0"/>
    <presentationArc xlink:type="arc" xlink:arcrole="http://www.xbrl.org/2003/arcrole/parent-child" xlink:from="uk-gaap_StaffCosts" xlink:to="dpl_OtherStaffCosts" xlink:title="presentation: StaffCosts to OtherStaffCosts" use="optional" order="6.0"/>
    <loc xlink:type="locator" xlink:href="http://www.xbrl.org/uk/gaap/core/2009-09-01/uk-gaap-2009-09-01.xsd#uk-gaap_RedundancyCosts" xlink:label="uk-gaap_RedundancyCosts" xlink:title="presentation: StaffEmploymentRelatedCostsHeading to RedundancyCosts"/>
    <presentationArc xlink:type="arc" xlink:arcrole="http://www.xbrl.org/2003/arcrole/parent-child" xlink:from="dpl_StaffEmploymentRelatedCostsHeading" xlink:to="uk-gaap_RedundancyCosts" xlink:title="presentation: StaffEmploymentRelatedCostsHeading to RedundancyCosts" use="optional" order="9.2"/>
    <loc xlink:type="locator" xlink:href="../../dpl-core/2012-10-01/dpl-2012-10-01.xsd#dpl_Finance-relatedCostsNetItemsHeading" xlink:label="dpl_Finance-relatedCostsNetItemsHeading" xlink:title="presentation: Finance-relatedCostsNetItemsHeading to BankLoansOverdraftsFinanceCharges"/>
    <loc xlink:type="locator" xlink:href="http://www.xbrl.org/uk/gaap/core/2009-09-01/uk-gaap-2009-09-01.xsd#uk-gaap_BankLoansOverdraftsFinanceCharges" xlink:label="uk-gaap_BankLoansOverdraftsFinanceCharges" xlink:title="presentation: Finance-relatedCostsNetItemsHeading to BankLoansOverdraftsFinanceCharges"/>
    <presentationArc xlink:type="arc" xlink:arcrole="http://www.xbrl.org/2003/arcrole/parent-child" xlink:from="dpl_Finance-relatedCostsNetItemsHeading" xlink:to="uk-gaap_BankLoansOverdraftsFinanceCharges" xlink:title="presentation: Finance-relatedCostsNetItemsHeading to BankLoansOverdraftsFinanceCharges" use="optional" order="0.5"/>
    <loc xlink:type="locator" xlink:href="http://www.xbrl.org/uk/gaap/core/2009-09-01/uk-gaap-2009-09-01.xsd#uk-gaap_LeasesHirePurchaseContractsFinanceCharges" xlink:label="uk-gaap_LeasesHirePurchaseContractsFinanceCharges" xlink:title="presentation: Finance-relatedCostsNetItemsHeading to LeasesHirePurchaseContractsFinanceCharges"/>
    <presentationArc xlink:type="arc" xlink:arcrole="http://www.xbrl.org/2003/arcrole/parent-child" xlink:from="dpl_Finance-relatedCostsNetItemsHeading" xlink:to="uk-gaap_LeasesHirePurchaseContractsFinanceCharges" xlink:title="presentation: Finance-relatedCostsNetItemsHeading to LeasesHirePurchaseContractsFinanceCharges" use="optional" order="1.2"/>
    <loc xlink:type="locator" xlink:href="http://www.xbrl.org/uk/gaap/core/2009-09-01/uk-gaap-2009-09-01.xsd#uk-gaap_PreferenceSharesClassifiedAsDebtFinanceCharges" xlink:label="uk-gaap_PreferenceSharesClassifiedAsDebtFinanceCharges" xlink:title="presentation: Finance-relatedCostsNetItemsHeading to PreferenceSharesClassifiedAsDebtFinanceCharges"/>
    <presentationArc xlink:type="arc" xlink:arcrole="http://www.xbrl.org/2003/arcrole/parent-child" xlink:from="dpl_Finance-relatedCostsNetItemsHeading" xlink:to="uk-gaap_PreferenceSharesClassifiedAsDebtFinanceCharges" xlink:title="presentation: Finance-relatedCostsNetItemsHeading to PreferenceSharesClassifiedAsDebtFinanceCharges" use="optional" order="1.4"/>
    <loc xlink:type="locator" xlink:href="http://www.xbrl.org/uk/gaap/core/2009-09-01/uk-gaap-2009-09-01.xsd#uk-gaap_AmountsWrittenOffBackInvestments" xlink:label="uk-gaap_AmountsWrittenOffBackInvestments" xlink:title="presentation: Finance-relatedCostsNetItemsHeading to AmountsWrittenOffBackInvestments"/>
    <presentationArc xlink:type="arc" xlink:arcrole="http://www.xbrl.org/2003/arcrole/parent-child" xlink:from="dpl_Finance-relatedCostsNetItemsHeading" xlink:to="uk-gaap_AmountsWrittenOffBackInvestments" xlink:title="presentation: Finance-relatedCostsNetItemsHeading to AmountsWrittenOffBackInvestments" use="optional" order="1.8"/>
    <loc xlink:type="locator" xlink:href="http://www.xbrl.org/uk/gaap/core/2009-09-01/uk-gaap-2009-09-01.xsd#uk-gaap_UnwindingDiscountOnProvisionsServingToDecreaseIncreaseDiscountedProvisions" xlink:label="uk-gaap_UnwindingDiscountOnProvisionsServingToDecreaseIncreaseDiscountedProvisions" xlink:title="presentation: Finance-relatedCostsNetItemsHeading to UnwindingDiscountOnProvisionsServingToDecreaseIncreaseDiscountedProvisions"/>
    <presentationArc xlink:type="arc" xlink:arcrole="http://www.xbrl.org/2003/arcrole/parent-child" xlink:from="dpl_Finance-relatedCostsNetItemsHeading" xlink:to="uk-gaap_UnwindingDiscountOnProvisionsServingToDecreaseIncreaseDiscountedProvisions" xlink:title="presentation: Finance-relatedCostsNetItemsHeading to UnwindingDiscountOnProvisionsServingToDecreaseIncreaseDiscountedProvisions" use="optional" order="1.6"/>
    <loc xlink:type="locator" xlink:href="../../dpl-core/2012-10-01/dpl-2012-10-01.xsd#dpl_OperationalAdministrationCostsHeading" xlink:label="dpl_OperationalAdministrationCostsHeading" xlink:title="presentation: OperationalAdministrationCostsHeading to ReorganisationRestructuringCosts"/>
    <loc xlink:type="locator" xlink:href="http://www.xbrl.org/uk/gaap/core/2009-09-01/uk-gaap-2009-09-01.xsd#uk-gaap_ReorganisationRestructuringCosts" xlink:label="uk-gaap_ReorganisationRestructuringCosts" xlink:title="presentation: OperationalAdministrationCostsHeading to ReorganisationRestructuringCosts"/>
    <presentationArc xlink:type="arc" xlink:arcrole="http://www.xbrl.org/2003/arcrole/parent-child" xlink:from="dpl_OperationalAdministrationCostsHeading" xlink:to="uk-gaap_ReorganisationRestructuringCosts" xlink:title="presentation: OperationalAdministrationCostsHeading to ReorganisationRestructuringCosts" use="optional" order="7.4"/>
    <loc xlink:type="locator" xlink:href="http://www.xbrl.org/uk/gaap/core/2009-09-01/uk-gaap-2009-09-01.xsd#uk-gaap_ResearchDevelopmentCosts" xlink:label="uk-gaap_ResearchDevelopmentCosts" xlink:title="presentation: OperationalAdministrationCostsHeading to ResearchDevelopmentCosts"/>
    <presentationArc xlink:type="arc" xlink:arcrole="http://www.xbrl.org/2003/arcrole/parent-child" xlink:from="dpl_OperationalAdministrationCostsHeading" xlink:to="uk-gaap_ResearchDevelopmentCosts" xlink:title="presentation: OperationalAdministrationCostsHeading to ResearchDevelopmentCosts" use="optional" order="7.2"/>
    <loc xlink:type="locator" xlink:href="http://www.xbrl.org/uk/reports/direp/2009-09-01/uk-direp-2009-09-01.xsd#uk-direp_CharitableDonations" xlink:label="uk-direp_CharitableDonations" xlink:title="presentation: OperationalAdministrationCostsHeading to CharitableDonations"/>
    <presentationArc xlink:type="arc" xlink:arcrole="http://www.xbrl.org/2003/arcrole/parent-child" xlink:from="dpl_OperationalAdministrationCostsHeading" xlink:to="uk-direp_CharitableDonations" xlink:title="presentation: OperationalAdministrationCostsHeading to CharitableDonations" use="optional" order="8.2"/>
    <loc xlink:type="locator" xlink:href="http://www.xbrl.org/uk/reports/direp/2009-09-01/uk-direp-2009-09-01.xsd#uk-direp_PoliticalDonations" xlink:label="uk-direp_PoliticalDonations" xlink:title="presentation: OperationalAdministrationCostsHeading to PoliticalDonations"/>
    <presentationArc xlink:type="arc" xlink:arcrole="http://www.xbrl.org/2003/arcrole/parent-child" xlink:from="dpl_OperationalAdministrationCostsHeading" xlink:to="uk-direp_PoliticalDonations" xlink:title="presentation: OperationalAdministrationCostsHeading to PoliticalDonations" use="optional" order="8.4"/>
    <loc xlink:type="locator" xlink:href="../../dpl-core/2012-10-01/dpl-2012-10-01.xsd#dpl_ProfitTaxTotalsHeadingCopy" xlink:label="dpl_ProfitTaxTotalsHeadingCopy" xlink:title="presentation: ProfitTaxTotalsHeadingCopy to GrossProfitLoss"/>
    <loc xlink:type="locator" xlink:href="http://www.xbrl.org/uk/gaap/core/2009-09-01/uk-gaap-2009-09-01.xsd#uk-gaap_GrossProfitLoss" xlink:label="uk-gaap_GrossProfitLoss" xlink:title="presentation: ProfitTaxTotalsHeadingCopy to GrossProfitLoss"/>
    <presentationArc xlink:type="arc" xlink:arcrole="http://www.xbrl.org/2003/arcrole/parent-child" xlink:from="dpl_ProfitTaxTotalsHeadingCopy" xlink:to="uk-gaap_GrossProfitLoss" xlink:title="presentation: ProfitTaxTotalsHeadingCopy to GrossProfitLoss" use="optional" order="1.0"/>
    <loc xlink:type="locator" xlink:href="http://www.xbrl.org/uk/gaap/core/2009-09-01/uk-gaap-2009-09-01.xsd#uk-gaap_OperatingProfitLoss" xlink:label="uk-gaap_OperatingProfitLoss" xlink:title="presentation: ProfitTaxTotalsHeadingCopy to OperatingProfitLoss"/>
    <presentationArc xlink:type="arc" xlink:arcrole="http://www.xbrl.org/2003/arcrole/parent-child" xlink:from="dpl_ProfitTaxTotalsHeadingCopy" xlink:to="uk-gaap_OperatingProfitLoss" xlink:title="presentation: ProfitTaxTotalsHeadingCopy to OperatingProfitLoss" use="optional" order="2.0"/>
    <loc xlink:type="locator" xlink:href="http://www.xbrl.org/uk/gaap/core/2009-09-01/uk-gaap-2009-09-01.xsd#uk-gaap_ProfitLossOnOrdinaryActivitiesBeforeFinanceChargesInterest" xlink:label="uk-gaap_ProfitLossOnOrdinaryActivitiesBeforeFinanceChargesInterest" xlink:title="presentation: ProfitTaxTotalsHeadingCopy to ProfitLossOnOrdinaryActivitiesBeforeFinanceChargesInterest"/>
    <presentationArc xlink:type="arc" xlink:arcrole="http://www.xbrl.org/2003/arcrole/parent-child" xlink:from="dpl_ProfitTaxTotalsHeadingCopy" xlink:to="uk-gaap_ProfitLossOnOrdinaryActivitiesBeforeFinanceChargesInterest" xlink:title="presentation: ProfitTaxTotalsHeadingCopy to ProfitLossOnOrdinaryActivitiesBeforeFinanceChargesInterest" use="optional" order="3.0"/>
    <loc xlink:type="locator" xlink:href="http://www.xbrl.org/uk/gaap/core/2009-09-01/uk-gaap-2009-09-01.xsd#uk-gaap_ProfitLossOnOrdinaryActivitiesBeforeTax" xlink:label="uk-gaap_ProfitLossOnOrdinaryActivitiesBeforeTax" xlink:title="presentation: ProfitTaxTotalsHeadingCopy to ProfitLossOnOrdinaryActivitiesBeforeTax"/>
    <presentationArc xlink:type="arc" xlink:arcrole="http://www.xbrl.org/2003/arcrole/parent-child" xlink:from="dpl_ProfitTaxTotalsHeadingCopy" xlink:to="uk-gaap_ProfitLossOnOrdinaryActivitiesBeforeTax" xlink:title="presentation: ProfitTaxTotalsHeadingCopy to ProfitLossOnOrdinaryActivitiesBeforeTax" use="optional" order="4.0"/>
    <loc xlink:type="locator" xlink:href="http://www.xbrl.org/uk/gaap/core/2009-09-01/uk-gaap-2009-09-01.xsd#uk-gaap_ProfitLossOnOrdinaryActivitiesAfterTax" xlink:label="uk-gaap_ProfitLossOnOrdinaryActivitiesAfterTax" xlink:title="presentation: ProfitTaxTotalsHeadingCopy to ProfitLossOnOrdinaryActivitiesAfterTax"/>
    <presentationArc xlink:type="arc" xlink:arcrole="http://www.xbrl.org/2003/arcrole/parent-child" xlink:from="dpl_ProfitTaxTotalsHeadingCopy" xlink:to="uk-gaap_ProfitLossOnOrdinaryActivitiesAfterTax" xlink:title="presentation: ProfitTaxTotalsHeadingCopy to ProfitLossOnOrdinaryActivitiesAfterTax" use="optional" order="5.0"/>
    <loc xlink:type="locator" xlink:href="http://www.xbrl.org/uk/gaap/core/2009-09-01/uk-gaap-2009-09-01.xsd#uk-gaap_ExtraordinaryProfitLossAfterTaxation" xlink:label="uk-gaap_ExtraordinaryProfitLossAfterTaxation" xlink:title="presentation: ProfitTaxTotalsHeadingCopy to ExtraordinaryProfitLossAfterTaxation"/>
    <presentationArc xlink:type="arc" xlink:arcrole="http://www.xbrl.org/2003/arcrole/parent-child" xlink:from="dpl_ProfitTaxTotalsHeadingCopy" xlink:to="uk-gaap_ExtraordinaryProfitLossAfterTaxation" xlink:title="presentation: ProfitTaxTotalsHeadingCopy to ExtraordinaryProfitLossAfterTaxation" use="optional" order="6.0"/>
    <loc xlink:type="locator" xlink:href="http://www.xbrl.org/uk/gaap/core/2009-09-01/uk-gaap-2009-09-01.xsd#uk-gaap_TaxOnProfitOrLossOnOrdinaryActivities" xlink:label="uk-gaap_TaxOnProfitOrLossOnOrdinaryActivities" xlink:title="presentation: ProfitTaxTotalsHeadingCopy to TaxOnProfitOrLossOnOrdinaryActivities"/>
    <presentationArc xlink:type="arc" xlink:arcrole="http://www.xbrl.org/2003/arcrole/parent-child" xlink:from="dpl_ProfitTaxTotalsHeadingCopy" xlink:to="uk-gaap_TaxOnProfitOrLossOnOrdinaryActivities" xlink:title="presentation: ProfitTaxTotalsHeadingCopy to TaxOnProfitOrLossOnOrdinaryActivities" use="optional" order="5.5"/>
    <loc xlink:type="locator" xlink:href="http://www.xbrl.org/uk/gaap/core/2009-09-01/uk-gaap-2009-09-01.xsd#uk-gaap_OtherTaxesNotAlreadyShown" xlink:label="uk-gaap_OtherTaxesNotAlreadyShown" xlink:title="presentation: ProfitTaxTotalsHeadingCopy to OtherTaxesNotAlreadyShown"/>
    <presentationArc xlink:type="arc" xlink:arcrole="http://www.xbrl.org/2003/arcrole/parent-child" xlink:from="dpl_ProfitTaxTotalsHeadingCopy" xlink:to="uk-gaap_OtherTaxesNotAlreadyShown" xlink:title="presentation: ProfitTaxTotalsHeadingCopy to OtherTaxesNotAlreadyShown" use="optional" order="6.5"/>
    <loc xlink:type="locator" xlink:href="http://www.xbrl.org/uk/gaap/core/2009-09-01/uk-gaap-2009-09-01.xsd#uk-gaap_ProfitLossForPeriod" xlink:label="uk-gaap_ProfitLossForPeriod" xlink:title="presentation: ProfitLossAccountReserve-DetailedPLMovementAnalysisHeading to ProfitLossForPeriod"/>
    <presentationArc xlink:type="arc" xlink:arcrole="http://www.xbrl.org/2003/arcrole/parent-child" xlink:from="dpl_ProfitTaxTotalsHeadingCopy" xlink:to="uk-gaap_ProfitLossForPeriod" xlink:title="presentation: ProfitTaxTotalsHeadingCopy to ProfitLossForPeriod" use="optional" order="7.0"/>
    <loc xlink:type="locator" xlink:href="../../dpl-core/2012-10-01/dpl-2012-10-01.xsd#dpl_DimensionTagsUsedWithDetailedProfitLossItemsHeading" xlink:label="dpl_DimensionTagsUsedWithDetailedProfitLossItemsHeading" xlink:title="presentation: DimensionTagsUsedWithDetailedProfitLossItemsHeading to OperatingActivitiesDimension"/>
    <loc xlink:type="locator" xlink:href="http://www.xbrl.org/uk/gaap/core/2009-09-01/uk-gaap-2009-09-01.xsd#uk-gaap_OperatingActivitiesDimension" xlink:label="uk-gaap_OperatingActivitiesDimension" xlink:title="presentation: DimensionTagsUsedWithDetailedProfitLossItemsHeading to OperatingActivitiesDimension"/>
    <presentationArc xlink:type="arc" xlink:arcrole="http://www.xbrl.org/2003/arcrole/parent-child" xlink:from="dpl_DimensionTagsUsedWithDetailedProfitLossItemsHeading" xlink:to="uk-gaap_OperatingActivitiesDimension" xlink:title="presentation: DimensionTagsUsedWithDetailedProfitLossItemsHeading to OperatingActivitiesDimension" use="optional" order="1.5"/>
    <loc xlink:type="locator" xlink:href="http://www.xbrl.org/uk/gaap/core/2009-09-01/uk-gaap-2009-09-01.xsd#uk-gaap_TotalForAllOperatingActivitiesDefault" xlink:label="uk-gaap_TotalForAllOperatingActivitiesDefault" xlink:title="presentation: OperatingActivitiesDimension to TotalForAllOperatingActivitiesDefault"/>
    <presentationArc xlink:type="arc" xlink:arcrole="http://www.xbrl.org/2003/arcrole/parent-child" xlink:from="uk-gaap_OperatingActivitiesDimension" xlink:to="uk-gaap_TotalForAllOperatingActivitiesDefault" xlink:title="presentation: OperatingActivitiesDimension to TotalForAllOperatingActivitiesDefault" use="optional" order="1.0"/>
    <loc xlink:type="locator" xlink:href="http://www.xbrl.org/uk/gaap/core/2009-09-01/uk-gaap-2009-09-01.xsd#uk-gaap_ContinuingOperationsIncludingAcquisitions" xlink:label="uk-gaap_ContinuingOperationsIncludingAcquisitions" xlink:title="presentation: TotalForAllOperatingActivitiesDefault to ContinuingOperationsIncludingAcquisitions"/>
    <presentationArc xlink:type="arc" xlink:arcrole="http://www.xbrl.org/2003/arcrole/parent-child" xlink:from="uk-gaap_TotalForAllOperatingActivitiesDefault" xlink:to="uk-gaap_ContinuingOperationsIncludingAcquisitions" xlink:title="presentation: TotalForAllOperatingActivitiesDefault to ContinuingOperationsIncludingAcquisitions" use="optional" order="1.0"/>
    <loc xlink:type="locator" xlink:href="http://www.xbrl.org/uk/gaap/core/2009-09-01/uk-gaap-2009-09-01.xsd#uk-gaap_Acquisitions" xlink:label="uk-gaap_Acquisitions" xlink:title="presentation: TotalForAllOperatingActivitiesDefault to Acquisitions"/>
    <presentationArc xlink:type="arc" xlink:arcrole="http://www.xbrl.org/2003/arcrole/parent-child" xlink:from="uk-gaap_TotalForAllOperatingActivitiesDefault" xlink:to="uk-gaap_Acquisitions" xlink:title="presentation: TotalForAllOperatingActivitiesDefault to Acquisitions" use="optional" order="2.0"/>
    <loc xlink:type="locator" xlink:href="http://www.xbrl.org/uk/gaap/core/2009-09-01/uk-gaap-2009-09-01.xsd#uk-gaap_ContinuingOperationsExcludingAcquisitions" xlink:label="uk-gaap_ContinuingOperationsExcludingAcquisitions" xlink:title="presentation: TotalForAllOperatingActivitiesDefault to ContinuingOperationsExcludingAcquisitions"/>
    <presentationArc xlink:type="arc" xlink:arcrole="http://www.xbrl.org/2003/arcrole/parent-child" xlink:from="uk-gaap_TotalForAllOperatingActivitiesDefault" xlink:to="uk-gaap_ContinuingOperationsExcludingAcquisitions" xlink:title="presentation: TotalForAllOperatingActivitiesDefault to ContinuingOperationsExcludingAcquisitions" use="optional" order="3.0"/>
    <loc xlink:type="locator" xlink:href="http://www.xbrl.org/uk/gaap/core/2009-09-01/uk-gaap-2009-09-01.xsd#uk-gaap_DiscontinuedOperations" xlink:label="uk-gaap_DiscontinuedOperations" xlink:title="presentation: TotalForAllOperatingActivitiesDefault to DiscontinuedOperations"/>
    <presentationArc xlink:type="arc" xlink:arcrole="http://www.xbrl.org/2003/arcrole/parent-child" xlink:from="uk-gaap_TotalForAllOperatingActivitiesDefault" xlink:to="uk-gaap_DiscontinuedOperations" xlink:title="presentation: TotalForAllOperatingActivitiesDefault to DiscontinuedOperations" use="optional" order="4.0"/>
    <loc xlink:type="locator" xlink:href="http://www.xbrl.org/uk/gaap/core/2009-09-01/uk-gaap-2009-09-01.xsd#uk-gaap_RestatementsDimension" xlink:label="uk-gaap_RestatementsDimension" xlink:title="presentation: DimensionTagsUsedWithDetailedProfitLossItemsHeading to RestatementsDimension"/>
    <presentationArc xlink:type="arc" xlink:arcrole="http://www.xbrl.org/2003/arcrole/parent-child" xlink:from="dpl_DimensionTagsUsedWithDetailedProfitLossItemsHeading" xlink:to="uk-gaap_RestatementsDimension" xlink:title="presentation: DimensionTagsUsedWithDetailedProfitLossItemsHeading to RestatementsDimension" use="optional" order="7.0"/>
    <loc xlink:type="locator" xlink:href="http://www.xbrl.org/uk/gaap/core/2009-09-01/uk-gaap-2009-09-01.xsd#uk-gaap_RestatedAmount" xlink:label="uk-gaap_RestatedAmount" xlink:title="presentation: RestatementsDimension to RestatedAmount"/>
    <presentationArc xlink:type="arc" xlink:arcrole="http://www.xbrl.org/2003/arcrole/parent-child" xlink:from="uk-gaap_RestatementsDimension" xlink:to="uk-gaap_RestatedAmount" xlink:title="presentation: RestatementsDimension to RestatedAmount" use="optional" order="1.0"/>
    <loc xlink:type="locator" xlink:href="http://www.xbrl.org/uk/gaap/core/2009-09-01/uk-gaap-2009-09-01.xsd#uk-gaap_PriorPeriodIncreaseDecrease" xlink:label="uk-gaap_PriorPeriodIncreaseDecrease" xlink:title="presentation: RestatedAmount to PriorPeriodIncreaseDecrease"/>
    <presentationArc xlink:type="arc" xlink:arcrole="http://www.xbrl.org/2003/arcrole/parent-child" xlink:from="uk-gaap_RestatedAmount" xlink:to="uk-gaap_PriorPeriodIncreaseDecrease" xlink:title="presentation: RestatedAmount to PriorPeriodIncreaseDecrease" use="optional" order="1.0"/>
    <loc xlink:type="locator" xlink:href="http://www.xbrl.org/uk/gaap/core/2009-09-01/uk-gaap-2009-09-01.xsd#uk-gaap_AccountingPolicyIncreaseDecrease" xlink:label="uk-gaap_AccountingPolicyIncreaseDecrease" xlink:title="presentation: PriorPeriodIncreaseDecrease to AccountingPolicyIncreaseDecrease"/>
    <presentationArc xlink:type="arc" xlink:arcrole="http://www.xbrl.org/2003/arcrole/parent-child" xlink:from="uk-gaap_PriorPeriodIncreaseDecrease" xlink:to="uk-gaap_AccountingPolicyIncreaseDecrease" xlink:title="presentation: PriorPeriodIncreaseDecrease to AccountingPolicyIncreaseDecrease" use="optional" order="1.0"/>
    <loc xlink:type="locator" xlink:href="http://www.xbrl.org/uk/gaap/core/2009-09-01/uk-gaap-2009-09-01.xsd#uk-gaap_MaterialErrorIncreaseDecrease" xlink:label="uk-gaap_MaterialErrorIncreaseDecrease" xlink:title="presentation: PriorPeriodIncreaseDecrease to MaterialErrorIncreaseDecrease"/>
    <presentationArc xlink:type="arc" xlink:arcrole="http://www.xbrl.org/2003/arcrole/parent-child" xlink:from="uk-gaap_PriorPeriodIncreaseDecrease" xlink:to="uk-gaap_MaterialErrorIncreaseDecrease" xlink:title="presentation: PriorPeriodIncreaseDecrease to MaterialErrorIncreaseDecrease" use="optional" order="2.0"/>
    <loc xlink:type="locator" xlink:href="http://www.xbrl.org/uk/gaap/core/2009-09-01/uk-gaap-2009-09-01.xsd#uk-gaap_OriginalAmountDefault" xlink:label="uk-gaap_OriginalAmountDefault" xlink:title="presentation: RestatedAmount to OriginalAmountDefault"/>
    <presentationArc xlink:type="arc" xlink:arcrole="http://www.xbrl.org/2003/arcrole/parent-child" xlink:from="uk-gaap_RestatedAmount" xlink:to="uk-gaap_OriginalAmountDefault" xlink:title="presentation: RestatedAmount to OriginalAmountDefault" use="optional" order="2.0"/>
    <presentationArc xlink:type="arc" xlink:arcrole="http://www.xbrl.org/2003/arcrole/parent-child" xlink:from="uk-gaap_RestatementsDimension" xlink:to="uk-gaap_OriginalAmountDefault" xlink:title="presentation: RestatementsDimension to OriginalAmountDefault" use="optional" order="2.0"/>
    <loc xlink:type="locator" xlink:href="../../dpl-core/2012-10-01/dpl-2012-10-01.xsd#dpl_DetailedProfitLossHeading" xlink:label="dpl_DetailedProfitLossHeading"/>
    <loc xlink:type="locator" xlink:href="dpl-gaap-2012-10-01.xsd#dpl-gaap_ProfitLossFormat2Sub-totalsNotIncludedElsewhereHeading" xlink:label="dpl-gaap_ProfitLossFormat2Sub-totalsNotIncludedElsewhereHeading"/>
    <presentationArc xlink:type="arc" xlink:arcrole="http://www.xbrl.org/2003/arcrole/parent-child" xlink:from="dpl_DetailedProfitLossHeading" xlink:to="dpl-gaap_ProfitLossFormat2Sub-totalsNotIncludedElsewhereHeading" use="optional" order="6.4"/>
    <loc xlink:type="locator" xlink:href="http://www.xbrl.org/uk/gaap/core/2009-09-01/uk-gaap-2009-09-01.xsd#uk-gaap_RawMaterialsConsumables" xlink:label="uk-gaap_RawMaterialsConsumables" xlink:title="presentation: ProfitLossFormat2Sub-totalsHeading to RawMaterialsConsumables"/>
    <presentationArc xlink:type="arc" xlink:arcrole="http://www.xbrl.org/2003/arcrole/parent-child" xlink:from="dpl-gaap_ProfitLossFormat2Sub-totalsNotIncludedElsewhereHeading" xlink:to="uk-gaap_RawMaterialsConsumables" xlink:title="presentation: ProfitLossFormat2Sub-totalsHeading to RawMaterialsConsumables" use="optional" order="1.0"/>
    <loc xlink:type="locator" xlink:href="http://www.xbrl.org/uk/gaap/core/2009-09-01/uk-gaap-2009-09-01.xsd#uk-gaap_IncreaseDecreaseInStocksFinishedGoodsWorkInProgress" xlink:label="uk-gaap_IncreaseDecreaseInStocksFinishedGoodsWorkInProgress" xlink:title="presentation: ProfitLossFormat2Sub-totalsHeading to IncreaseDecreaseInStocksFinishedGoodsWorkInProgress"/>
    <presentationArc xlink:type="arc" xlink:arcrole="http://www.xbrl.org/2003/arcrole/parent-child" xlink:from="dpl-gaap_ProfitLossFormat2Sub-totalsNotIncludedElsewhereHeading" xlink:to="uk-gaap_IncreaseDecreaseInStocksFinishedGoodsWorkInProgress" xlink:title="presentation: ProfitLossFormat2Sub-totalsHeading to IncreaseDecreaseInStocksFinishedGoodsWorkInProgress" use="optional" order="2.0"/>
    <loc xlink:type="locator" xlink:href="http://www.xbrl.org/uk/gaap/core/2009-09-01/uk-gaap-2009-09-01.xsd#uk-gaap_DepreciationOtherAmountsWrittenOffTangibleIntangibleFixedAssets" xlink:label="uk-gaap_DepreciationOtherAmountsWrittenOffTangibleIntangibleFixedAssets" xlink:title="presentation: ProfitLossFormat2Sub-totalsHeading to DepreciationOtherAmountsWrittenOffTangibleIntangibleFixedAssets"/>
    <presentationArc xlink:type="arc" xlink:arcrole="http://www.xbrl.org/2003/arcrole/parent-child" xlink:from="dpl-gaap_ProfitLossFormat2Sub-totalsNotIncludedElsewhereHeading" xlink:to="uk-gaap_DepreciationOtherAmountsWrittenOffTangibleIntangibleFixedAssets" xlink:title="presentation: ProfitLossFormat2Sub-totalsHeading to DepreciationOtherAmountsWrittenOffTangibleIntangibleFixedAssets" use="optional" order="3.0"/>
    <loc xlink:type="locator" xlink:href="http://www.xbrl.org/uk/gaap/core/2009-09-01/uk-gaap-2009-09-01.xsd#uk-gaap_OtherExternalCharges" xlink:label="uk-gaap_OtherExternalCharges" xlink:title="presentation: ProfitLossFormat2Sub-totalsHeading to OtherExternalCharges"/>
    <presentationArc xlink:type="arc" xlink:arcrole="http://www.xbrl.org/2003/arcrole/parent-child" xlink:from="dpl-gaap_ProfitLossFormat2Sub-totalsNotIncludedElsewhereHeading" xlink:to="uk-gaap_OtherExternalCharges" xlink:title="presentation: ProfitLossFormat2Sub-totalsHeading to OtherExternalCharges" use="optional" order="4.0"/>
    <loc xlink:type="locator" xlink:href="http://www.xbrl.org/uk/gaap/core/2009-09-01/uk-gaap-2009-09-01.xsd#uk-gaap_ExceptionalAmountsWrittenOffCurrentAssets" xlink:label="uk-gaap_ExceptionalAmountsWrittenOffCurrentAssets" xlink:title="presentation: ProfitLossFormat2Sub-totalsHeading to ExceptionalAmountsWrittenOffCurrentAssets"/>
    <presentationArc xlink:type="arc" xlink:arcrole="http://www.xbrl.org/2003/arcrole/parent-child" xlink:from="dpl-gaap_ProfitLossFormat2Sub-totalsNotIncludedElsewhereHeading" xlink:to="uk-gaap_ExceptionalAmountsWrittenOffCurrentAssets" xlink:title="presentation: ProfitLossFormat2Sub-totalsHeading to ExceptionalAmountsWrittenOffCurrentAssets" use="optional" order="5.0"/>
    <loc xlink:type="locator" xlink:href="http://www.xbrl.org/uk/gaap/core/2009-09-01/uk-gaap-2009-09-01.xsd#uk-gaap_OtherOperatingChargesFormat2" xlink:label="uk-gaap_OtherOperatingChargesFormat2" xlink:title="presentation: ProfitLossFormat2Sub-totalsHeading to OtherOperatingChargesFormat2"/>
    <presentationArc xlink:type="arc" xlink:arcrole="http://www.xbrl.org/2003/arcrole/parent-child" xlink:from="dpl-gaap_ProfitLossFormat2Sub-totalsNotIncludedElsewhereHeading" xlink:to="uk-gaap_OtherOperatingChargesFormat2" xlink:title="presentation: ProfitLossFormat2Sub-totalsHeading to OtherOperatingChargesFormat2" use="optional" order="6.0"/>
    <loc xlink:type="locator" xlink:href="dpl-gaap-2012-10-01.xsd#dpl-gaap_ProfitLossAccountReserve-DetailedPLMovementAnalysisHeading" xlink:label="dpl-gaap_ProfitLossAccountReserve-DetailedPLMovementAnalysisHeading"/>
    <presentationArc xlink:type="arc" xlink:arcrole="http://www.xbrl.org/2003/arcrole/parent-child" xlink:from="dpl_DetailedProfitLossHeading" xlink:to="dpl-gaap_ProfitLossAccountReserve-DetailedPLMovementAnalysisHeading" use="optional" order="7.4"/>
    <loc xlink:type="locator" xlink:href="http://www.xbrl.org/uk/gaap/core/2009-09-01/uk-gaap-2009-09-01.xsd#uk-gaap_ProfitLossAccountReserve" xlink:label="uk-gaap_ProfitLossAccountReserve" xlink:title="presentation: ProfitLossAccountReserve-DetailedPLMovementAnalysisHeading to ProfitLossAccountReserve"/>
    <presentationArc xlink:type="arc" xlink:arcrole="http://www.xbrl.org/2003/arcrole/parent-child" xlink:from="dpl-gaap_ProfitLossAccountReserve-DetailedPLMovementAnalysisHeading" xlink:to="uk-gaap_ProfitLossAccountReserve" xlink:title="presentation: ProfitLossAccountReserve-DetailedPLMovementAnalysisHeading to ProfitLossAccountReserve" use="optional" order="1.0" preferredLabel="http://www.xbrl.org/2003/role/periodStartLabel"/>
    <presentationArc xlink:type="arc" xlink:arcrole="http://www.xbrl.org/2003/arcrole/parent-child" xlink:from="dpl-gaap_ProfitLossAccountReserve-DetailedPLMovementAnalysisHeading" xlink:to="uk-gaap_ProfitLossForPeriod" xlink:title="presentation: ProfitLossAccountReserve-DetailedPLMovementAnalysisHeading to ProfitLossForPeriod" use="optional" order="2.0"/>
    <loc xlink:type="locator" xlink:href="http://www.xbrl.org/uk/gaap/core/2009-09-01/uk-gaap-2009-09-01.xsd#uk-gaap_EquityDividendsPaid" xlink:label="uk-gaap_EquityDividendsPaid" xlink:title="presentation: ProfitLossAccountReserve-DetailedPLMovementAnalysisHeading to EquityDividendsPaid"/>
    <presentationArc xlink:type="arc" xlink:arcrole="http://www.xbrl.org/2003/arcrole/parent-child" xlink:from="dpl-gaap_ProfitLossAccountReserve-DetailedPLMovementAnalysisHeading" xlink:to="uk-gaap_EquityDividendsPaid" xlink:title="presentation: ProfitLossAccountReserve-DetailedPLMovementAnalysisHeading to EquityDividendsPaid" use="optional" order="2.5"/>
    <loc xlink:type="locator" xlink:href="http://www.xbrl.org/uk/gaap/core/2009-09-01/uk-gaap-2009-09-01.xsd#uk-gaap_EmployeeShareOptionPaymentsDecreaseIncreaseInProfitLossAccount" xlink:label="uk-gaap_EmployeeShareOptionPaymentsDecreaseIncreaseInProfitLossAccount" xlink:title="presentation: ProfitLossAccountReserve-DetailedPLMovementAnalysisHeading to EmployeeShareOptionPaymentsDecreaseIncreaseInProfitLossAccount"/>
    <presentationArc xlink:type="arc" xlink:arcrole="http://www.xbrl.org/2003/arcrole/parent-child" xlink:from="dpl-gaap_ProfitLossAccountReserve-DetailedPLMovementAnalysisHeading" xlink:to="uk-gaap_EmployeeShareOptionPaymentsDecreaseIncreaseInProfitLossAccount" xlink:title="presentation: ProfitLossAccountReserve-DetailedPLMovementAnalysisHeading to EmployeeShareOptionPaymentsDecreaseIncreaseInProfitLossAccount" use="optional" order="3.0"/>
    <loc xlink:type="locator" xlink:href="http://www.xbrl.org/uk/gaap/core/2009-09-01/uk-gaap-2009-09-01.xsd#uk-gaap_PurchaseOwnSharesDecreaseIncreaseInProfitLossAccount" xlink:label="uk-gaap_PurchaseOwnSharesDecreaseIncreaseInProfitLossAccount" xlink:title="presentation: ProfitLossAccountReserve-DetailedPLMovementAnalysisHeading to PurchaseOwnSharesDecreaseIncreaseInProfitLossAccount"/>
    <presentationArc xlink:type="arc" xlink:arcrole="http://www.xbrl.org/2003/arcrole/parent-child" xlink:from="dpl-gaap_ProfitLossAccountReserve-DetailedPLMovementAnalysisHeading" xlink:to="uk-gaap_PurchaseOwnSharesDecreaseIncreaseInProfitLossAccount" xlink:title="presentation: ProfitLossAccountReserve-DetailedPLMovementAnalysisHeading to PurchaseOwnSharesDecreaseIncreaseInProfitLossAccount" use="optional" order="4.0"/>
    <loc xlink:type="locator" xlink:href="http://www.xbrl.org/uk/gaap/core/2009-09-01/uk-gaap-2009-09-01.xsd#uk-gaap_GainLossFromExchangeAdjustmentsProfitLossAccount" xlink:label="uk-gaap_GainLossFromExchangeAdjustmentsProfitLossAccount" xlink:title="presentation: ProfitLossAccountReserve-DetailedPLMovementAnalysisHeading to GainLossFromExchangeAdjustmentsProfitLossAccount"/>
    <presentationArc xlink:type="arc" xlink:arcrole="http://www.xbrl.org/2003/arcrole/parent-child" xlink:from="dpl-gaap_ProfitLossAccountReserve-DetailedPLMovementAnalysisHeading" xlink:to="uk-gaap_GainLossFromExchangeAdjustmentsProfitLossAccount" xlink:title="presentation: ProfitLossAccountReserve-DetailedPLMovementAnalysisHeading to GainLossFromExchangeAdjustmentsProfitLossAccount" use="optional" order="5.0"/>
    <loc xlink:type="locator" xlink:href="http://www.xbrl.org/uk/gaap/core/2009-09-01/uk-gaap-2009-09-01.xsd#uk-gaap_GainLossFromTaxOnExchangeAdjustmentsProfitLossAccount" xlink:label="uk-gaap_GainLossFromTaxOnExchangeAdjustmentsProfitLossAccount" xlink:title="presentation: ProfitLossAccountReserve-DetailedPLMovementAnalysisHeading to GainLossFromTaxOnExchangeAdjustmentsProfitLossAccount"/>
    <presentationArc xlink:type="arc" xlink:arcrole="http://www.xbrl.org/2003/arcrole/parent-child" xlink:from="dpl-gaap_ProfitLossAccountReserve-DetailedPLMovementAnalysisHeading" xlink:to="uk-gaap_GainLossFromTaxOnExchangeAdjustmentsProfitLossAccount" xlink:title="presentation: ProfitLossAccountReserve-DetailedPLMovementAnalysisHeading to GainLossFromTaxOnExchangeAdjustmentsProfitLossAccount" use="optional" order="6.0"/>
    <loc xlink:type="locator" xlink:href="http://www.xbrl.org/uk/gaap/core/2009-09-01/uk-gaap-2009-09-01.xsd#uk-gaap_ActuarialGainLossRecognisedInPensionSchemes" xlink:label="uk-gaap_ActuarialGainLossRecognisedInPensionSchemes" xlink:title="presentation: ProfitLossAccountReserve-DetailedPLMovementAnalysisHeading to ActuarialGainLossRecognisedInPensionSchemes"/>
    <presentationArc xlink:type="arc" xlink:arcrole="http://www.xbrl.org/2003/arcrole/parent-child" xlink:from="dpl-gaap_ProfitLossAccountReserve-DetailedPLMovementAnalysisHeading" xlink:to="uk-gaap_ActuarialGainLossRecognisedInPensionSchemes" xlink:title="presentation: ProfitLossAccountReserve-DetailedPLMovementAnalysisHeading to ActuarialGainLossRecognisedInPensionSchemes" use="optional" order="7.0"/>
    <loc xlink:type="locator" xlink:href="dpl-gaap-2012-10-01.xsd#dpl-gaap_CurrentTaxArisingOnGainsLossesInPensionSchemes" xlink:label="dpl-gaap_CurrentTaxArisingOnGainsLossesInPensionSchemes"/>
    <presentationArc xlink:type="arc" xlink:arcrole="http://www.xbrl.org/2003/arcrole/parent-child" xlink:from="dpl-gaap_ProfitLossAccountReserve-DetailedPLMovementAnalysisHeading" xlink:to="dpl-gaap_CurrentTaxArisingOnGainsLossesInPensionSchemes" use="optional" order="8.0"/>
    <loc xlink:type="locator" xlink:href="http://www.xbrl.org/uk/gaap/core/2009-09-01/uk-gaap-2009-09-01.xsd#uk-gaap_LossGainFromDeferredTaxProfitLossAccount" xlink:label="uk-gaap_LossGainFromDeferredTaxProfitLossAccount" xlink:title="presentation: ProfitLossAccountReserve-DetailedPLMovementAnalysisHeading to LossGainFromDeferredTaxProfitLossAccount"/>
    <presentationArc xlink:type="arc" xlink:arcrole="http://www.xbrl.org/2003/arcrole/parent-child" xlink:from="dpl-gaap_ProfitLossAccountReserve-DetailedPLMovementAnalysisHeading" xlink:to="uk-gaap_LossGainFromDeferredTaxProfitLossAccount" xlink:title="presentation: ProfitLossAccountReserve-DetailedPLMovementAnalysisHeading to LossGainFromDeferredTaxProfitLossAccount" use="optional" order="9.0"/>
    <loc xlink:type="locator" xlink:href="http://www.xbrl.org/uk/gaap/core/2009-09-01/uk-gaap-2009-09-01.xsd#uk-gaap_DeferredTaxArisingOnGainsLossesInPensionSchemes" xlink:label="uk-gaap_DeferredTaxArisingOnGainsLossesInPensionSchemes" xlink:title="presentation: LossGainFromDeferredTaxProfitLossAccount to DeferredTaxArisingOnGainsLossesInPensionSchemes"/>
    <presentationArc xlink:type="arc" xlink:arcrole="http://www.xbrl.org/2003/arcrole/parent-child" xlink:from="uk-gaap_LossGainFromDeferredTaxProfitLossAccount" xlink:to="uk-gaap_DeferredTaxArisingOnGainsLossesInPensionSchemes" xlink:title="presentation: LossGainFromDeferredTaxProfitLossAccount to DeferredTaxArisingOnGainsLossesInPensionSchemes" use="optional" order="1.0"/>
    <loc xlink:type="locator" xlink:href="dpl-gaap-2012-10-01.xsd#dpl-gaap_GainLossFromImpactChangesInTaxRateOnDeferredTaxProfitLossAccount" xlink:label="dpl-gaap_GainLossFromImpactChangesInTaxRateOnDeferredTaxProfitLossAccount"/>
    <presentationArc xlink:type="arc" xlink:arcrole="http://www.xbrl.org/2003/arcrole/parent-child" xlink:from="dpl-gaap_ProfitLossAccountReserve-DetailedPLMovementAnalysisHeading" xlink:to="dpl-gaap_GainLossFromImpactChangesInTaxRateOnDeferredTaxProfitLossAccount" use="optional" order="10.0"/>
    <loc xlink:type="locator" xlink:href="http://www.xbrl.org/uk/gaap/core/2009-09-01/uk-gaap-2009-09-01.xsd#uk-gaap_TotalTransferToFromProfitLossAccountReserve" xlink:label="uk-gaap_TotalTransferToFromProfitLossAccountReserve" xlink:title="presentation: ProfitLossAccountReserve-DetailedPLMovementAnalysisHeading to TotalTransferToFromProfitLossAccountReserve"/>
    <presentationArc xlink:type="arc" xlink:arcrole="http://www.xbrl.org/2003/arcrole/parent-child" xlink:from="dpl-gaap_ProfitLossAccountReserve-DetailedPLMovementAnalysisHeading" xlink:to="uk-gaap_TotalTransferToFromProfitLossAccountReserve" xlink:title="presentation: ProfitLossAccountReserve-DetailedPLMovementAnalysisHeading to TotalTransferToFromProfitLossAccountReserve" use="optional" order="11.0"/>
    <loc xlink:type="locator" xlink:href="dpl-gaap-2012-10-01.xsd#dpl-gaap_OtherIncreaseDecreaseProfitLossAccount" xlink:label="dpl-gaap_OtherIncreaseDecreaseProfitLossAccount"/>
    <presentationArc xlink:type="arc" xlink:arcrole="http://www.xbrl.org/2003/arcrole/parent-child" xlink:from="dpl-gaap_ProfitLossAccountReserve-DetailedPLMovementAnalysisHeading" xlink:to="dpl-gaap_OtherIncreaseDecreaseProfitLossAccount" use="optional" order="12.0"/>
  </presentationLink>
  <presentationLink xlink:type="extended" xlink:role="http://www.govtalk.gov.uk/uk/fr/tax/dpl-core/2012-10-01/role/FullDetailedProfitandLoss">
    <loc xlink:type="locator" xlink:href="dpl-gaap-2012-10-01.xsd#dpl-gaap_ProfitLossAccountReserve-DetailedPLMovementAnalysisHeading" xlink:label="dpl-gaap_ProfitLossAccountReserve-DetailedPLMovementAnalysisHeading" xlink:title="presentation: ProfitLossAccountReserve-DetailedPLMovementAnalysisHeading to ProfitLossAccountReserve"/>
    <loc xlink:type="locator" xlink:href="http://www.xbrl.org/uk/gaap/core/2009-09-01/uk-gaap-2009-09-01.xsd#uk-gaap_ProfitLossAccountReserve" xlink:label="uk-gaap_ProfitLossAccountReserve" xlink:title="presentation: ProfitLossAccountReserve-DetailedPLMovementAnalysisHeading to ProfitLossAccountReserve"/>
    <presentationArc xlink:type="arc" xlink:arcrole="http://www.xbrl.org/2003/arcrole/parent-child" xlink:from="dpl-gaap_ProfitLossAccountReserve-DetailedPLMovementAnalysisHeading" xlink:to="uk-gaap_ProfitLossAccountReserve" xlink:title="presentation: ProfitLossAccountReserve-DetailedPLMovementAnalysisHeading to ProfitLossAccountReserve" use="optional" priority="1" order="13.0" preferredLabel="http://www.xbrl.org/2003/role/periodEndLabel"/>
  </presentationLink>
</linkbase>
