<?xml version="1.0" encoding="UTF-8" standalone="yes"?>
<linkbase xmlns="http://www.xbrl.org/2003/linkbase" xmlns:link="http://www.xbrl.org/2003/linkbase" xmlns:xlink="http://www.w3.org/1999/xlink" xmlns:xsi="http://www.w3.org/2001/XMLSchema-instance" xsi:schemaLocation="http://www.xbrl.org/2003/linkbase http://www.xbrl.org/2003/xbrl-linkbase-2003-12-31.xsd">
   <link:roleRef roleURI="http://www.govtalk.gov.uk/uk/fr/tax/uk-hmrc-ct-roles/2013-07-21/role/R_SupportingStatements_mts" xlink:href="ct-roles-mts-2013-07-21.xsd#R_SupportingStatements_mts" xlink:type="simple"/>
   <link:presentationLink xlink:role="http://www.govtalk.gov.uk/uk/fr/tax/uk-hmrc-ct-roles/2013-07-21/role/R_SupportingStatements_mts" xlink:type="extended">
      <link:loc xlink:href="../full/ct-PL-2013-07-21.xsd#ct-PL_AnalysisOfProfitAndLossAccount" xlink:label="lbl_AnalysisOfProfitAndLossAccount" xlink:type="locator"/>
      <link:loc xlink:href="../full/ct-default-2013-07-21.xsd#ct-default_SupportingStatementsRSupportingStatements" xlink:label="lbl_SupportingStatementsRSupportingStatements" xlink:type="locator"/>
      <link:presentationArc order="1.0" xlink:arcrole="http://www.xbrl.org/2003/arcrole/parent-child" xlink:from="lbl_SupportingStatementsRSupportingStatements" xlink:to="lbl_AnalysisOfProfitAndLossAccount" xlink:type="arc"/>
      <link:loc xlink:href="../full/ct-PL-2013-07-21.xsd#ct-PL_AnalysisOfProfitAndLossAccountSalesReceiptsTurnover" xlink:label="lbl_AnalysisOfProfitAndLossAccountSalesReceiptsTurnover" xlink:type="locator"/>
      <link:presentationArc order="1.0" xlink:arcrole="http://www.xbrl.org/2003/arcrole/parent-child" xlink:from="lbl_AnalysisOfProfitAndLossAccount" xlink:to="lbl_AnalysisOfProfitAndLossAccountSalesReceiptsTurnover" xlink:type="arc"/>
      <link:loc xlink:href="../full/ct-PL-2013-07-21.xsd#ct-PL_AnalysisOfProfitAndLossAccountTurnoverContinuingOperations" xlink:label="lbl_AnalysisOfProfitAndLossAccountTurnoverContinuingOperations" xlink:type="locator"/>
      <link:presentationArc order="1.0" xlink:arcrole="http://www.xbrl.org/2003/arcrole/parent-child" xlink:from="lbl_AnalysisOfProfitAndLossAccountSalesReceiptsTurnover" xlink:to="lbl_AnalysisOfProfitAndLossAccountTurnoverContinuingOperations" xlink:type="arc"/>
      <link:loc xlink:href="../full/ct-PL-2013-07-21.xsd#ct-PL_AnalysisOfProfitAndLossAccountTurnoverAcquisitions" xlink:label="lbl_AnalysisOfProfitAndLossAccountTurnoverAcquisitions" xlink:type="locator"/>
      <link:presentationArc order="2.0" xlink:arcrole="http://www.xbrl.org/2003/arcrole/parent-child" xlink:from="lbl_AnalysisOfProfitAndLossAccountSalesReceiptsTurnover" xlink:to="lbl_AnalysisOfProfitAndLossAccountTurnoverAcquisitions" xlink:type="arc"/>
      <link:loc xlink:href="../full/ct-PL-2013-07-21.xsd#ct-PL_AnalysisOfProfitAndLossAccountTurnoverDiscontinuedOperations" xlink:label="lbl_AnalysisOfProfitAndLossAccountTurnoverDiscontinuedOperations" xlink:type="locator"/>
      <link:presentationArc order="3.0" xlink:arcrole="http://www.xbrl.org/2003/arcrole/parent-child" xlink:from="lbl_AnalysisOfProfitAndLossAccountSalesReceiptsTurnover" xlink:to="lbl_AnalysisOfProfitAndLossAccountTurnoverDiscontinuedOperations" xlink:type="arc"/>
      <link:loc xlink:href="../full/ct-PL-2013-07-21.xsd#ct-PL_AnalysisOfProfitAndLossAccountCostOfSales" xlink:label="lbl_AnalysisOfProfitAndLossAccountCostOfSales" xlink:type="locator"/>
      <link:presentationArc order="2.0" xlink:arcrole="http://www.xbrl.org/2003/arcrole/parent-child" xlink:from="lbl_AnalysisOfProfitAndLossAccount" xlink:to="lbl_AnalysisOfProfitAndLossAccountCostOfSales" xlink:type="arc"/>
      <link:loc xlink:href="../full/ct-PL-2013-07-21.xsd#ct-PL_AnalysisOfProfitAndLossAccountStockWIPOpening" xlink:label="lbl_AnalysisOfProfitAndLossAccountStockWIPOpening" xlink:type="locator"/>
      <link:presentationArc order="1.0" xlink:arcrole="http://www.xbrl.org/2003/arcrole/parent-child" xlink:from="lbl_AnalysisOfProfitAndLossAccountCostOfSales" xlink:to="lbl_AnalysisOfProfitAndLossAccountStockWIPOpening" xlink:type="arc"/>
      <link:loc xlink:href="../full/ct-PL-2013-07-21.xsd#ct-PL_AnalysisOfProfitAndLossAccountPurchases" xlink:label="lbl_AnalysisOfProfitAndLossAccountPurchases" xlink:type="locator"/>
      <link:presentationArc order="2.0" xlink:arcrole="http://www.xbrl.org/2003/arcrole/parent-child" xlink:from="lbl_AnalysisOfProfitAndLossAccountCostOfSales" xlink:to="lbl_AnalysisOfProfitAndLossAccountPurchases" xlink:type="arc"/>
      <link:loc xlink:href="../full/ct-PL-2013-07-21.xsd#ct-PL_AnalysisOfProfitAndLossAccountDirectOverheads" xlink:label="lbl_AnalysisOfProfitAndLossAccountDirectOverheads" xlink:type="locator"/>
      <link:presentationArc order="3.0" xlink:arcrole="http://www.xbrl.org/2003/arcrole/parent-child" xlink:from="lbl_AnalysisOfProfitAndLossAccountCostOfSales" xlink:to="lbl_AnalysisOfProfitAndLossAccountDirectOverheads" xlink:type="arc"/>
      <link:loc xlink:href="../full/ct-PL-2013-07-21.xsd#ct-PL_AnalysisOfProfitAndLossAccountStockWIPClosing" xlink:label="lbl_AnalysisOfProfitAndLossAccountStockWIPClosing" xlink:type="locator"/>
      <link:presentationArc order="4.0" xlink:arcrole="http://www.xbrl.org/2003/arcrole/parent-child" xlink:from="lbl_AnalysisOfProfitAndLossAccountCostOfSales" xlink:to="lbl_AnalysisOfProfitAndLossAccountStockWIPClosing" xlink:type="arc"/>
      <link:loc xlink:href="../full/ct-PL-2013-07-21.xsd#ct-PL_AnalysisOfProfitAndLossAccountGrossProfit" xlink:label="lbl_AnalysisOfProfitAndLossAccountGrossProfit" xlink:type="locator"/>
      <link:presentationArc order="3.0" xlink:arcrole="http://www.xbrl.org/2003/arcrole/parent-child" xlink:from="lbl_AnalysisOfProfitAndLossAccount" xlink:to="lbl_AnalysisOfProfitAndLossAccountGrossProfit" xlink:type="arc"/>
      <link:loc xlink:href="../full/ct-PL-2013-07-21.xsd#ct-PL_AnalysisOfProfitAndLossAccountOtherIncomeTotal" xlink:label="lbl_AnalysisOfProfitAndLossAccountOtherIncomeTotal" xlink:type="locator"/>
      <link:presentationArc order="4.0" xlink:arcrole="http://www.xbrl.org/2003/arcrole/parent-child" xlink:from="lbl_AnalysisOfProfitAndLossAccount" xlink:to="lbl_AnalysisOfProfitAndLossAccountOtherIncomeTotal" xlink:type="arc"/>
      <link:loc xlink:href="../full/ct-PL-2013-07-21.xsd#ct-PL_AnalysisOfProfitAndLossAccountGrantAndSimilarIncome" xlink:label="lbl_AnalysisOfProfitAndLossAccountGrantAndSimilarIncome" xlink:type="locator"/>
      <link:presentationArc order="1.0" xlink:arcrole="http://www.xbrl.org/2003/arcrole/parent-child" xlink:from="lbl_AnalysisOfProfitAndLossAccountOtherIncomeTotal" xlink:to="lbl_AnalysisOfProfitAndLossAccountGrantAndSimilarIncome" xlink:type="arc"/>
      <link:loc xlink:href="../full/ct-PL-2013-07-21.xsd#ct-PL_AnalysisOfProfitAndLossAccountPropertyIncome" xlink:label="lbl_AnalysisOfProfitAndLossAccountPropertyIncome" xlink:type="locator"/>
      <link:presentationArc order="2.0" xlink:arcrole="http://www.xbrl.org/2003/arcrole/parent-child" xlink:from="lbl_AnalysisOfProfitAndLossAccountOtherIncomeTotal" xlink:to="lbl_AnalysisOfProfitAndLossAccountPropertyIncome" xlink:type="arc"/>
      <link:loc xlink:href="../full/ct-PL-2013-07-21.xsd#ct-PL_AnalysisOfProfitAndLossAccountInterestAndSimilarIncome" xlink:label="lbl_AnalysisOfProfitAndLossAccountInterestAndSimilarIncome" xlink:type="locator"/>
      <link:presentationArc order="3.0" xlink:arcrole="http://www.xbrl.org/2003/arcrole/parent-child" xlink:from="lbl_AnalysisOfProfitAndLossAccountOtherIncomeTotal" xlink:to="lbl_AnalysisOfProfitAndLossAccountInterestAndSimilarIncome" xlink:type="arc"/>
      <link:loc xlink:href="../full/ct-PL-2013-07-21.xsd#ct-PL_AnalysisOfProfitAndLossAccountDividends" xlink:label="lbl_AnalysisOfProfitAndLossAccountDividends" xlink:type="locator"/>
      <link:presentationArc order="4.0" xlink:arcrole="http://www.xbrl.org/2003/arcrole/parent-child" xlink:from="lbl_AnalysisOfProfitAndLossAccountOtherIncomeTotal" xlink:to="lbl_AnalysisOfProfitAndLossAccountDividends" xlink:type="arc"/>
      <link:loc xlink:href="../full/ct-PL-2013-07-21.xsd#ct-PL_AnalysisOfProfitAndLossAccountOtherIncome" xlink:label="lbl_AnalysisOfProfitAndLossAccountOtherIncome" xlink:type="locator"/>
      <link:presentationArc order="5.0" xlink:arcrole="http://www.xbrl.org/2003/arcrole/parent-child" xlink:from="lbl_AnalysisOfProfitAndLossAccountOtherIncomeTotal" xlink:to="lbl_AnalysisOfProfitAndLossAccountOtherIncome" xlink:type="arc"/>
      <link:loc xlink:href="../full/ct-PL-2013-07-21.xsd#ct-PL_AnalysisOfProfitAndLossAccountTotalExpenses" xlink:label="lbl_AnalysisOfProfitAndLossAccountTotalExpenses" xlink:type="locator"/>
      <link:presentationArc order="5.0" xlink:arcrole="http://www.xbrl.org/2003/arcrole/parent-child" xlink:from="lbl_AnalysisOfProfitAndLossAccount" xlink:to="lbl_AnalysisOfProfitAndLossAccountTotalExpenses" xlink:type="arc"/>
      <link:loc xlink:href="../full/ct-PL-2013-07-21.xsd#ct-PL_AnalysisOfProfitAndLossAccountAccountingAdjustments" xlink:label="lbl_AnalysisOfProfitAndLossAccountAccountingAdjustments" xlink:type="locator"/>
      <link:presentationArc order="1.0" xlink:arcrole="http://www.xbrl.org/2003/arcrole/parent-child" xlink:from="lbl_AnalysisOfProfitAndLossAccountTotalExpenses" xlink:to="lbl_AnalysisOfProfitAndLossAccountAccountingAdjustments" xlink:type="arc"/>
      <link:loc xlink:href="../full/ct-PL-2013-07-21.xsd#ct-PL_AnalysisOfProfitAndLossAccountAdvertisingAndPromotions" xlink:label="lbl_AnalysisOfProfitAndLossAccountAdvertisingAndPromotions" xlink:type="locator"/>
      <link:presentationArc order="2.0" xlink:arcrole="http://www.xbrl.org/2003/arcrole/parent-child" xlink:from="lbl_AnalysisOfProfitAndLossAccountTotalExpenses" xlink:to="lbl_AnalysisOfProfitAndLossAccountAdvertisingAndPromotions" xlink:type="arc"/>
      <link:loc xlink:href="../full/ct-PL-2013-07-21.xsd#ct-PL_AnalysisOfProfitAndLossAccountConstructionIndustrySubContractors" xlink:label="lbl_AnalysisOfProfitAndLossAccountConstructionIndustrySubContractors" xlink:type="locator"/>
      <link:presentationArc order="3.0" xlink:arcrole="http://www.xbrl.org/2003/arcrole/parent-child" xlink:from="lbl_AnalysisOfProfitAndLossAccountTotalExpenses" xlink:to="lbl_AnalysisOfProfitAndLossAccountConstructionIndustrySubContractors" xlink:type="arc"/>
      <link:loc xlink:href="../full/ct-PL-2013-07-21.xsd#ct-PL_AnalysisOfProfitAndLossAccountAccountancyLegalAndProfessionalFees" xlink:label="lbl_AnalysisOfProfitAndLossAccountAccountancyLegalAndProfessionalFees" xlink:type="locator"/>
      <link:presentationArc order="4.0" xlink:arcrole="http://www.xbrl.org/2003/arcrole/parent-child" xlink:from="lbl_AnalysisOfProfitAndLossAccountTotalExpenses" xlink:to="lbl_AnalysisOfProfitAndLossAccountAccountancyLegalAndProfessionalFees" xlink:type="arc"/>
      <link:loc xlink:href="../full/ct-PL-2013-07-21.xsd#ct-PL_AnalysisOfProfitAndLossAccountDirectorsRemuneration" xlink:label="lbl_AnalysisOfProfitAndLossAccountDirectorsRemuneration" xlink:type="locator"/>
      <link:presentationArc order="5.0" xlink:arcrole="http://www.xbrl.org/2003/arcrole/parent-child" xlink:from="lbl_AnalysisOfProfitAndLossAccountTotalExpenses" xlink:to="lbl_AnalysisOfProfitAndLossAccountDirectorsRemuneration" xlink:type="arc"/>
      <link:loc xlink:href="../full/ct-PL-2013-07-21.xsd#ct-PL_AnalysisOfProfitAndLossAccountWagesSalariesAndOtherStaffCosts" xlink:label="lbl_AnalysisOfProfitAndLossAccountWagesSalariesAndOtherStaffCosts" xlink:type="locator"/>
      <link:presentationArc order="6.0" xlink:arcrole="http://www.xbrl.org/2003/arcrole/parent-child" xlink:from="lbl_AnalysisOfProfitAndLossAccountTotalExpenses" xlink:to="lbl_AnalysisOfProfitAndLossAccountWagesSalariesAndOtherStaffCosts" xlink:type="arc"/>
      <link:loc xlink:href="../full/ct-PL-2013-07-21.xsd#ct-PL_AnalysisOfProfitAndLossAccountMotorTravelAndSubsistence" xlink:label="lbl_AnalysisOfProfitAndLossAccountMotorTravelAndSubsistence" xlink:type="locator"/>
      <link:presentationArc order="7.0" xlink:arcrole="http://www.xbrl.org/2003/arcrole/parent-child" xlink:from="lbl_AnalysisOfProfitAndLossAccountTotalExpenses" xlink:to="lbl_AnalysisOfProfitAndLossAccountMotorTravelAndSubsistence" xlink:type="arc"/>
      <link:loc xlink:href="../full/ct-PL-2013-07-21.xsd#ct-PL_AnalysisOfProfitAndLossAccountReparirsAndRenewals" xlink:label="lbl_AnalysisOfProfitAndLossAccountReparirsAndRenewals" xlink:type="locator"/>
      <link:presentationArc order="8.0" xlink:arcrole="http://www.xbrl.org/2003/arcrole/parent-child" xlink:from="lbl_AnalysisOfProfitAndLossAccountTotalExpenses" xlink:to="lbl_AnalysisOfProfitAndLossAccountReparirsAndRenewals" xlink:type="arc"/>
      <link:loc xlink:href="../full/ct-PL-2013-07-21.xsd#ct-PL_AnalysisOfProfitAndLossAccountRentRatesPowerAndOtherPremisesCosts" xlink:label="lbl_AnalysisOfProfitAndLossAccountRentRatesPowerAndOtherPremisesCosts" xlink:type="locator"/>
      <link:presentationArc order="9.0" xlink:arcrole="http://www.xbrl.org/2003/arcrole/parent-child" xlink:from="lbl_AnalysisOfProfitAndLossAccountTotalExpenses" xlink:to="lbl_AnalysisOfProfitAndLossAccountRentRatesPowerAndOtherPremisesCosts" xlink:type="arc"/>
      <link:loc xlink:href="../full/ct-PL-2013-07-21.xsd#ct-PL_AnalysisOfProfitAndLossAccountTelephoneFaxStationeryAndOtherOfficeCosts" xlink:label="lbl_AnalysisOfProfitAndLossAccountTelephoneFaxStationeryAndOtherOfficeCosts" xlink:type="locator"/>
      <link:presentationArc order="10.0" xlink:arcrole="http://www.xbrl.org/2003/arcrole/parent-child" xlink:from="lbl_AnalysisOfProfitAndLossAccountTotalExpenses" xlink:to="lbl_AnalysisOfProfitAndLossAccountTelephoneFaxStationeryAndOtherOfficeCosts" xlink:type="arc"/>
      <link:loc xlink:href="../full/ct-PL-2013-07-21.xsd#ct-PL_AnalysisOfProfitAndLossAccountInterestAndOtherFinancialCharges" xlink:label="lbl_AnalysisOfProfitAndLossAccountInterestAndOtherFinancialCharges" xlink:type="locator"/>
      <link:presentationArc order="11.0" xlink:arcrole="http://www.xbrl.org/2003/arcrole/parent-child" xlink:from="lbl_AnalysisOfProfitAndLossAccountTotalExpenses" xlink:to="lbl_AnalysisOfProfitAndLossAccountInterestAndOtherFinancialCharges" xlink:type="arc"/>
      <link:loc xlink:href="../full/ct-PL-2013-07-21.xsd#ct-PL_AnalysisOfProfitAndLossAccountDepreciationAmortisationLossOrProfitOnSale" xlink:label="lbl_AnalysisOfProfitAndLossAccountDepreciationAmortisationLossOrProfitOnSale" xlink:type="locator"/>
      <link:presentationArc order="12.0" xlink:arcrole="http://www.xbrl.org/2003/arcrole/parent-child" xlink:from="lbl_AnalysisOfProfitAndLossAccountTotalExpenses" xlink:to="lbl_AnalysisOfProfitAndLossAccountDepreciationAmortisationLossOrProfitOnSale" xlink:type="arc"/>
      <link:loc xlink:href="../full/ct-PL-2013-07-21.xsd#ct-PL_AnalysisOfProfitAndLossAccountDepreciation" xlink:label="lbl_AnalysisOfProfitAndLossAccountDepreciation" xlink:type="locator"/>
      <link:presentationArc order="1.0" xlink:arcrole="http://www.xbrl.org/2003/arcrole/parent-child" xlink:from="lbl_AnalysisOfProfitAndLossAccountDepreciationAmortisationLossOrProfitOnSale" xlink:to="lbl_AnalysisOfProfitAndLossAccountDepreciation" xlink:type="arc"/>
      <link:loc xlink:href="../full/ct-PL-2013-07-21.xsd#ct-PL_AnalysisOfProfitAndLossAccountAmortisation" xlink:label="lbl_AnalysisOfProfitAndLossAccountAmortisation" xlink:type="locator"/>
      <link:presentationArc order="2.0" xlink:arcrole="http://www.xbrl.org/2003/arcrole/parent-child" xlink:from="lbl_AnalysisOfProfitAndLossAccountDepreciationAmortisationLossOrProfitOnSale" xlink:to="lbl_AnalysisOfProfitAndLossAccountAmortisation" xlink:type="arc"/>
      <link:loc xlink:href="../full/ct-PL-2013-07-21.xsd#ct-PL_AnalysisOfProfitAndLossAccountLossOrProfitOnSale" xlink:label="lbl_AnalysisOfProfitAndLossAccountLossOrProfitOnSale" xlink:type="locator"/>
      <link:presentationArc order="3.0" xlink:arcrole="http://www.xbrl.org/2003/arcrole/parent-child" xlink:from="lbl_AnalysisOfProfitAndLossAccountDepreciationAmortisationLossOrProfitOnSale" xlink:to="lbl_AnalysisOfProfitAndLossAccountLossOrProfitOnSale" xlink:type="arc"/>
      <link:loc xlink:href="../full/ct-PL-2013-07-21.xsd#ct-PL_AnalysisOfProfitAndLossAccountProvisionsAndBadDebts" xlink:label="lbl_AnalysisOfProfitAndLossAccountProvisionsAndBadDebts" xlink:type="locator"/>
      <link:presentationArc order="13.0" xlink:arcrole="http://www.xbrl.org/2003/arcrole/parent-child" xlink:from="lbl_AnalysisOfProfitAndLossAccountTotalExpenses" xlink:to="lbl_AnalysisOfProfitAndLossAccountProvisionsAndBadDebts" xlink:type="arc"/>
      <link:loc xlink:href="../full/ct-PL-2013-07-21.xsd#ct-PL_AnalysisOfProfitAndLossAccountTaxedProvisions" xlink:label="lbl_AnalysisOfProfitAndLossAccountTaxedProvisions" xlink:type="locator"/>
      <link:presentationArc order="1.0" xlink:arcrole="http://www.xbrl.org/2003/arcrole/parent-child" xlink:from="lbl_AnalysisOfProfitAndLossAccountProvisionsAndBadDebts" xlink:to="lbl_AnalysisOfProfitAndLossAccountTaxedProvisions" xlink:type="arc"/>
      <link:loc xlink:href="../full/ct-PL-2013-07-21.xsd#ct-PL_AnalysisOfProfitAndLossAccountUntaxedProvisions" xlink:label="lbl_AnalysisOfProfitAndLossAccountUntaxedProvisions" xlink:type="locator"/>
      <link:presentationArc order="2.0" xlink:arcrole="http://www.xbrl.org/2003/arcrole/parent-child" xlink:from="lbl_AnalysisOfProfitAndLossAccountProvisionsAndBadDebts" xlink:to="lbl_AnalysisOfProfitAndLossAccountUntaxedProvisions" xlink:type="arc"/>
      <link:loc xlink:href="../full/ct-PL-2013-07-21.xsd#ct-PL_AnalysisOfProfitAndLossAccountBadDebts" xlink:label="lbl_AnalysisOfProfitAndLossAccountBadDebts" xlink:type="locator"/>
      <link:presentationArc order="3.0" xlink:arcrole="http://www.xbrl.org/2003/arcrole/parent-child" xlink:from="lbl_AnalysisOfProfitAndLossAccountProvisionsAndBadDebts" xlink:to="lbl_AnalysisOfProfitAndLossAccountBadDebts" xlink:type="arc"/>
      <link:loc xlink:href="../full/ct-PL-2013-07-21.xsd#ct-PL_AnalysisOfProfitAndLossAccountOtherExpenses" xlink:label="lbl_AnalysisOfProfitAndLossAccountOtherExpenses" xlink:type="locator"/>
      <link:presentationArc order="14.0" xlink:arcrole="http://www.xbrl.org/2003/arcrole/parent-child" xlink:from="lbl_AnalysisOfProfitAndLossAccountTotalExpenses" xlink:to="lbl_AnalysisOfProfitAndLossAccountOtherExpenses" xlink:type="arc"/>
      <link:loc xlink:href="../full/ct-PL-2013-07-21.xsd#ct-PL_AnalysisOfProfitAndLossAccountNetProfit" xlink:label="lbl_AnalysisOfProfitAndLossAccountNetProfit" xlink:type="locator"/>
      <link:presentationArc order="6.0" xlink:arcrole="http://www.xbrl.org/2003/arcrole/parent-child" xlink:from="lbl_AnalysisOfProfitAndLossAccount" xlink:to="lbl_AnalysisOfProfitAndLossAccountNetProfit" xlink:type="arc"/>
   </link:presentationLink>
</linkbase>
