<?xml version="1.0" encoding="UTF-8" standalone="yes"?>
<linkbase xmlns="http://www.xbrl.org/2003/linkbase" xmlns:link="http://www.xbrl.org/2003/linkbase" xmlns:xlink="http://www.w3.org/1999/xlink" xmlns:xsi="http://www.w3.org/2001/XMLSchema-instance" xsi:schemaLocation="http://www.xbrl.org/2003/linkbase http://www.xbrl.org/2003/xbrl-linkbase-2003-12-31.xsd">
   <link:roleRef roleURI="http://www.govtalk.gov.uk/uk/fr/tax/uk-hmrc-ct-roles/2013-07-21/role/F_InvestmentIncomeAndReliefs_mts" xlink:href="ct-roles-mts-2013-07-21.xsd#F_InvestmentIncomeAndReliefs_mts" xlink:type="simple"/>
   <link:presentationLink xlink:role="http://www.govtalk.gov.uk/uk/fr/tax/uk-hmrc-ct-roles/2013-07-21/role/F_InvestmentIncomeAndReliefs_mts" xlink:type="extended">
      <link:loc xlink:href="../full/ct-default-2013-07-21.xsd#ct-default_InvestmentIncomeAndReliefsNonTradingLoanRelationships" xlink:label="lbl_InvestmentIncomeAndReliefsNonTradingLoanRelationships" xlink:type="locator"/>
      <link:loc xlink:href="../full/ct-default-2013-07-21.xsd#ct-default_InvestmentIncomeAndReliefs" xlink:label="lbl_InvestmentIncomeAndReliefs" xlink:type="locator"/>
      <link:presentationArc order="1.0" xlink:arcrole="http://www.xbrl.org/2003/arcrole/parent-child" xlink:from="lbl_InvestmentIncomeAndReliefs" xlink:to="lbl_InvestmentIncomeAndReliefsNonTradingLoanRelationships" xlink:type="arc"/>
      <link:loc xlink:href="../full/ct-default-2013-07-21.xsd#ct-default_InvestmentIncomeAndReliefsNonTradingLoanRelationshipsExchangeGains" xlink:label="lbl_InvestmentIncomeAndReliefsNonTradingLoanRelationshipsExchangeGains" xlink:type="locator"/>
      <link:presentationArc order="1.0" xlink:arcrole="http://www.xbrl.org/2003/arcrole/parent-child" xlink:from="lbl_InvestmentIncomeAndReliefsNonTradingLoanRelationships" xlink:to="lbl_InvestmentIncomeAndReliefsNonTradingLoanRelationshipsExchangeGains" xlink:type="arc"/>
      <link:loc xlink:href="../full/ct-default-2013-07-21.xsd#ct-default_InvestmentIncomeAndReliefsNonTradingLoanRelationshipsExchangeLosses" xlink:label="lbl_InvestmentIncomeAndReliefsNonTradingLoanRelationshipsExchangeLosses" xlink:type="locator"/>
      <link:presentationArc order="2.0" xlink:arcrole="http://www.xbrl.org/2003/arcrole/parent-child" xlink:from="lbl_InvestmentIncomeAndReliefsNonTradingLoanRelationships" xlink:to="lbl_InvestmentIncomeAndReliefsNonTradingLoanRelationshipsExchangeLosses" xlink:type="arc"/>
      <link:loc xlink:href="../full/ct-default-2013-07-21.xsd#ct-default_InvestmentIncomeAndReliefsNonTradingLoanRelationshipsOtherCredits" xlink:label="lbl_InvestmentIncomeAndReliefsNonTradingLoanRelationshipsOtherCredits" xlink:type="locator"/>
      <link:presentationArc order="3.0" xlink:arcrole="http://www.xbrl.org/2003/arcrole/parent-child" xlink:from="lbl_InvestmentIncomeAndReliefsNonTradingLoanRelationships" xlink:to="lbl_InvestmentIncomeAndReliefsNonTradingLoanRelationshipsOtherCredits" xlink:type="arc"/>
      <link:loc xlink:href="../full/ct-default-2013-07-21.xsd#ct-default_InvestmentIncomeAndReliefsNonTradingLoanRelationshipsOtherDebits" xlink:label="lbl_InvestmentIncomeAndReliefsNonTradingLoanRelationshipsOtherDebits" xlink:type="locator"/>
      <link:presentationArc order="4.0" xlink:arcrole="http://www.xbrl.org/2003/arcrole/parent-child" xlink:from="lbl_InvestmentIncomeAndReliefsNonTradingLoanRelationships" xlink:to="lbl_InvestmentIncomeAndReliefsNonTradingLoanRelationshipsOtherDebits" xlink:type="arc"/>
      <link:loc xlink:href="../full/ct-default-2013-07-21.xsd#ct-default_InvestmentIncomeAndReliefsNonTradingLoanRelationshipsCreditsTreatedAsTradeReceipts" xlink:label="lbl_InvestmentIncomeAndReliefsNonTradingLoanRelationshipsCreditsTreatedAsTradeReceipts" xlink:type="locator"/>
      <link:presentationArc order="5.0" xlink:arcrole="http://www.xbrl.org/2003/arcrole/parent-child" xlink:from="lbl_InvestmentIncomeAndReliefsNonTradingLoanRelationships" xlink:to="lbl_InvestmentIncomeAndReliefsNonTradingLoanRelationshipsCreditsTreatedAsTradeReceipts" xlink:type="arc"/>
      <link:loc xlink:href="../full/ct-default-2013-07-21.xsd#ct-default_InvestmentIncomeAndReliefsNonTradingLoanRelationshipsDebitsTreatedAsTradeExpenses" xlink:label="lbl_InvestmentIncomeAndReliefsNonTradingLoanRelationshipsDebitsTreatedAsTradeExpenses" xlink:type="locator"/>
      <link:presentationArc order="6.0" xlink:arcrole="http://www.xbrl.org/2003/arcrole/parent-child" xlink:from="lbl_InvestmentIncomeAndReliefsNonTradingLoanRelationships" xlink:to="lbl_InvestmentIncomeAndReliefsNonTradingLoanRelationshipsDebitsTreatedAsTradeExpenses" xlink:type="arc"/>
      <link:loc xlink:href="../full/ct-default-2013-07-21.xsd#ct-default_InvestmentIncomeAndReliefsNonTradingLoanRelationshipsProfitsAndGainsFromNTLR" xlink:label="lbl_InvestmentIncomeAndReliefsNonTradingLoanRelationshipsProfitsAndGainsFromNTLR" xlink:type="locator"/>
      <link:presentationArc order="7.0" xlink:arcrole="http://www.xbrl.org/2003/arcrole/parent-child" xlink:from="lbl_InvestmentIncomeAndReliefsNonTradingLoanRelationships" xlink:to="lbl_InvestmentIncomeAndReliefsNonTradingLoanRelationshipsProfitsAndGainsFromNTLR" xlink:type="arc"/>
      <link:loc xlink:href="../full/ct-default-2013-07-21.xsd#ct-default_InvestmentIncomeAndReliefsNonTradingLoanRelationshipsNonTradingDeficit" xlink:label="lbl_InvestmentIncomeAndReliefsNonTradingLoanRelationshipsNonTradingDeficit" xlink:type="locator"/>
      <link:presentationArc order="8.0" xlink:arcrole="http://www.xbrl.org/2003/arcrole/parent-child" xlink:from="lbl_InvestmentIncomeAndReliefsNonTradingLoanRelationships" xlink:to="lbl_InvestmentIncomeAndReliefsNonTradingLoanRelationshipsNonTradingDeficit" xlink:type="arc"/>
      <link:loc xlink:href="../full/ct-default-2013-07-21.xsd#ct-default_InvestmentIncomeAndReliefsNonTradingLoanRelationshipsNonTradeDeficitsBF" xlink:label="lbl_InvestmentIncomeAndReliefsNonTradingLoanRelationshipsNonTradeDeficitsBF" xlink:type="locator"/>
      <link:presentationArc order="9.0" xlink:arcrole="http://www.xbrl.org/2003/arcrole/parent-child" xlink:from="lbl_InvestmentIncomeAndReliefsNonTradingLoanRelationships" xlink:to="lbl_InvestmentIncomeAndReliefsNonTradingLoanRelationshipsNonTradeDeficitsBF" xlink:type="arc"/>
      <link:loc xlink:href="../full/ct-default-2013-07-21.xsd#ct-default_InvestmentIncomeAndReliefsNonTradingLoanRelationshipsDeficitBFAndUsed" xlink:label="lbl_InvestmentIncomeAndReliefsNonTradingLoanRelationshipsDeficitBFAndUsed" xlink:type="locator"/>
      <link:presentationArc order="10.0" xlink:arcrole="http://www.xbrl.org/2003/arcrole/parent-child" xlink:from="lbl_InvestmentIncomeAndReliefsNonTradingLoanRelationships" xlink:to="lbl_InvestmentIncomeAndReliefsNonTradingLoanRelationshipsDeficitBFAndUsed" xlink:type="arc"/>
      <link:loc xlink:href="../full/ct-default-2013-07-21.xsd#ct-default_InvestmentIncomeAndReliefsNonTradingLoanRelationshipsNonTradeDeficitBFAndCF" xlink:label="lbl_InvestmentIncomeAndReliefsNonTradingLoanRelationshipsNonTradeDeficitBFAndCF" xlink:type="locator"/>
      <link:presentationArc order="11.0" xlink:arcrole="http://www.xbrl.org/2003/arcrole/parent-child" xlink:from="lbl_InvestmentIncomeAndReliefsNonTradingLoanRelationships" xlink:to="lbl_InvestmentIncomeAndReliefsNonTradingLoanRelationshipsNonTradeDeficitBFAndCF" xlink:type="arc"/>
      <link:loc xlink:href="../full/ct-default-2013-07-21.xsd#ct-default_InvestmentIncomeAndReliefsNonTradingLoanRelationshipsDeficitBroughtBack" xlink:label="lbl_InvestmentIncomeAndReliefsNonTradingLoanRelationshipsDeficitBroughtBack" xlink:type="locator"/>
      <link:presentationArc order="12.0" xlink:arcrole="http://www.xbrl.org/2003/arcrole/parent-child" xlink:from="lbl_InvestmentIncomeAndReliefsNonTradingLoanRelationships" xlink:to="lbl_InvestmentIncomeAndReliefsNonTradingLoanRelationshipsDeficitBroughtBack" xlink:type="arc"/>
      <link:loc xlink:href="../full/ct-default-2013-07-21.xsd#ct-default_InvestmentIncomeAndReliefsNonTradingLoanRelationshipsDeficitOfThisOrLaterPeriodUsed" xlink:label="lbl_InvestmentIncomeAndReliefsNonTradingLoanRelationshipsDeficitOfThisOrLaterPeriodUsed" xlink:type="locator"/>
      <link:presentationArc order="13.0" xlink:arcrole="http://www.xbrl.org/2003/arcrole/parent-child" xlink:from="lbl_InvestmentIncomeAndReliefsNonTradingLoanRelationships" xlink:to="lbl_InvestmentIncomeAndReliefsNonTradingLoanRelationshipsDeficitOfThisOrLaterPeriodUsed" xlink:type="arc"/>
      <link:loc xlink:href="../full/ct-default-2013-07-21.xsd#ct-default_InvestmentIncomeAndReliefsNonTradingLoanRelationshipsNonTradeDeficitsCarriedBack" xlink:label="lbl_InvestmentIncomeAndReliefsNonTradingLoanRelationshipsNonTradeDeficitsCarriedBack" xlink:type="locator"/>
      <link:presentationArc order="14.0" xlink:arcrole="http://www.xbrl.org/2003/arcrole/parent-child" xlink:from="lbl_InvestmentIncomeAndReliefsNonTradingLoanRelationships" xlink:to="lbl_InvestmentIncomeAndReliefsNonTradingLoanRelationshipsNonTradeDeficitsCarriedBack" xlink:type="arc"/>
      <link:loc xlink:href="../full/ct-default-2013-07-21.xsd#ct-default_InvestmentIncomeAndReliefsNonTradingLoanRelationshipsNonTradeDeficitsSurrenderedAsGroupRelief" xlink:label="lbl_InvestmentIncomeAndReliefsNonTradingLoanRelationshipsNonTradeDeficitsSurrenderedAsGroupRelief" xlink:type="locator"/>
      <link:presentationArc order="15.0" xlink:arcrole="http://www.xbrl.org/2003/arcrole/parent-child" xlink:from="lbl_InvestmentIncomeAndReliefsNonTradingLoanRelationships" xlink:to="lbl_InvestmentIncomeAndReliefsNonTradingLoanRelationshipsNonTradeDeficitsSurrenderedAsGroupRelief" xlink:type="arc"/>
      <link:loc xlink:href="../full/ct-default-2013-07-21.xsd#ct-default_InvestmentIncomeAndReliefsNonTradingLoanRelationshipsNonTradeDeficitsCF" xlink:label="lbl_InvestmentIncomeAndReliefsNonTradingLoanRelationshipsNonTradeDeficitsCF" xlink:type="locator"/>
      <link:presentationArc order="16.0" xlink:arcrole="http://www.xbrl.org/2003/arcrole/parent-child" xlink:from="lbl_InvestmentIncomeAndReliefsNonTradingLoanRelationships" xlink:to="lbl_InvestmentIncomeAndReliefsNonTradingLoanRelationshipsNonTradeDeficitsCF" xlink:type="arc"/>
      <link:loc xlink:href="../full/ct-default-2013-07-21.xsd#ct-default_InvestmentIncomeAndReliefsNonTradingLoanRelationshipsNonTradeDeficitsTotalCF" xlink:label="lbl_InvestmentIncomeAndReliefsNonTradingLoanRelationshipsNonTradeDeficitsTotalCF" xlink:type="locator"/>
      <link:presentationArc order="17.0" xlink:arcrole="http://www.xbrl.org/2003/arcrole/parent-child" xlink:from="lbl_InvestmentIncomeAndReliefsNonTradingLoanRelationships" xlink:to="lbl_InvestmentIncomeAndReliefsNonTradingLoanRelationshipsNonTradeDeficitsTotalCF" xlink:type="arc"/>
      <link:loc xlink:href="../full/ct-default-2013-07-21.xsd#ct-default_InvestmentIncomeAndReliefsNonTradingLoanRelationshipsTransferPricingAdjustments" xlink:label="lbl_InvestmentIncomeAndReliefsNonTradingLoanRelationshipsTransferPricingAdjustments" xlink:type="locator"/>
      <link:presentationArc order="18.0" xlink:arcrole="http://www.xbrl.org/2003/arcrole/parent-child" xlink:from="lbl_InvestmentIncomeAndReliefsNonTradingLoanRelationships" xlink:to="lbl_InvestmentIncomeAndReliefsNonTradingLoanRelationshipsTransferPricingAdjustments" xlink:type="arc"/>
      <link:loc xlink:href="../full/ct-default-2013-07-21.xsd#ct-default_InvestmentIncomeAndReliefsNonTradingLoanRelationshipsTransferPricingInterestDisallowance" xlink:label="lbl_InvestmentIncomeAndReliefsNonTradingLoanRelationshipsTransferPricingInterestDisallowance" xlink:type="locator"/>
      <link:presentationArc order="19.0" xlink:arcrole="http://www.xbrl.org/2003/arcrole/parent-child" xlink:from="lbl_InvestmentIncomeAndReliefsNonTradingLoanRelationships" xlink:to="lbl_InvestmentIncomeAndReliefsNonTradingLoanRelationshipsTransferPricingInterestDisallowance" xlink:type="arc"/>
      <link:loc xlink:href="../full/ct-default-2013-07-21.xsd#ct-default_InvestmentIncomeAndReliefsNonTradingLoanRelationshipsTransferPricingCompensatingAdjustments" xlink:label="lbl_InvestmentIncomeAndReliefsNonTradingLoanRelationshipsTransferPricingCompensatingAdjustments" xlink:type="locator"/>
      <link:presentationArc order="20.0" xlink:arcrole="http://www.xbrl.org/2003/arcrole/parent-child" xlink:from="lbl_InvestmentIncomeAndReliefsNonTradingLoanRelationships" xlink:to="lbl_InvestmentIncomeAndReliefsNonTradingLoanRelationshipsTransferPricingCompensatingAdjustments" xlink:type="arc"/>
      <link:loc xlink:href="../full/ct-default-2013-07-21.xsd#ct-default_InvestmentIncomeAndReliefsNonTradingLoanRelationshipsTransferPricingInterestDeemedToBePaidAsGuarantor" xlink:label="lbl_InvestmentIncomeAndReliefsNonTradingLoanRelationshipsTransferPricingInterestDeemedToBePaidAsGuarantor" xlink:type="locator"/>
      <link:presentationArc order="21.0" xlink:arcrole="http://www.xbrl.org/2003/arcrole/parent-child" xlink:from="lbl_InvestmentIncomeAndReliefsNonTradingLoanRelationships" xlink:to="lbl_InvestmentIncomeAndReliefsNonTradingLoanRelationshipsTransferPricingInterestDeemedToBePaidAsGuarantor" xlink:type="arc"/>
      <link:loc xlink:href="../full/ct-default-2013-07-21.xsd#ct-default_InvestmentIncomeAndReliefsNonTradingLoanRelationshipsTransferPricingBalancingPaymentsReceived" xlink:label="lbl_InvestmentIncomeAndReliefsNonTradingLoanRelationshipsTransferPricingBalancingPaymentsReceived" xlink:type="locator"/>
      <link:presentationArc order="22.0" xlink:arcrole="http://www.xbrl.org/2003/arcrole/parent-child" xlink:from="lbl_InvestmentIncomeAndReliefsNonTradingLoanRelationships" xlink:to="lbl_InvestmentIncomeAndReliefsNonTradingLoanRelationshipsTransferPricingBalancingPaymentsReceived" xlink:type="arc"/>
      <link:loc xlink:href="../full/ct-default-2013-07-21.xsd#ct-default_InvestmentIncomeAndReliefsNonTradingLoanRelationshipsTransferPricingBalancingPaymentsMade" xlink:label="lbl_InvestmentIncomeAndReliefsNonTradingLoanRelationshipsTransferPricingBalancingPaymentsMade" xlink:type="locator"/>
      <link:presentationArc order="23.0" xlink:arcrole="http://www.xbrl.org/2003/arcrole/parent-child" xlink:from="lbl_InvestmentIncomeAndReliefsNonTradingLoanRelationships" xlink:to="lbl_InvestmentIncomeAndReliefsNonTradingLoanRelationshipsTransferPricingBalancingPaymentsMade" xlink:type="arc"/>
      <link:loc xlink:href="../full/ct-default-2013-07-21.xsd#ct-default_InvestmentIncomeAndReliefsNonTradingLoanRelationshipsInterestReceivablePerAccounts" xlink:label="lbl_InvestmentIncomeAndReliefsNonTradingLoanRelationshipsInterestReceivablePerAccounts" xlink:type="locator"/>
      <link:presentationArc order="24.0" xlink:arcrole="http://www.xbrl.org/2003/arcrole/parent-child" xlink:from="lbl_InvestmentIncomeAndReliefsNonTradingLoanRelationships" xlink:to="lbl_InvestmentIncomeAndReliefsNonTradingLoanRelationshipsInterestReceivablePerAccounts" xlink:type="arc"/>
      <link:loc xlink:href="../full/ct-default-2013-07-21.xsd#ct-default_InvestmentIncomeAndReliefsNonTradingLoanRelationshipsInterestPayablePerAccounts" xlink:label="lbl_InvestmentIncomeAndReliefsNonTradingLoanRelationshipsInterestPayablePerAccounts" xlink:type="locator"/>
      <link:presentationArc order="25.0" xlink:arcrole="http://www.xbrl.org/2003/arcrole/parent-child" xlink:from="lbl_InvestmentIncomeAndReliefsNonTradingLoanRelationships" xlink:to="lbl_InvestmentIncomeAndReliefsNonTradingLoanRelationshipsInterestPayablePerAccounts" xlink:type="arc"/>
      <link:loc xlink:href="../full/ct-default-2013-07-21.xsd#ct-default_InvestmentIncomeAndReliefsNonTradingLoanRelationshipsFinancingCostsAndIncomeTaxTreatment" xlink:label="lbl_InvestmentIncomeAndReliefsNonTradingLoanRelationshipsFinancingCostsAndIncomeTaxTreatment" xlink:type="locator"/>
      <link:presentationArc order="2.0" xlink:arcrole="http://www.xbrl.org/2003/arcrole/parent-child" xlink:from="lbl_InvestmentIncomeAndReliefs" xlink:to="lbl_InvestmentIncomeAndReliefsNonTradingLoanRelationshipsFinancingCostsAndIncomeTaxTreatment" xlink:type="arc"/>
      <link:loc xlink:href="../full/ct-default-2013-07-21.xsd#ct-default_InvestmentIncomeAndReliefsNonTradingLoanRelationshipsDisallowedAAmount" xlink:label="lbl_InvestmentIncomeAndReliefsNonTradingLoanRelationshipsDisallowedAAmount" xlink:type="locator"/>
      <link:presentationArc order="1.0" xlink:arcrole="http://www.xbrl.org/2003/arcrole/parent-child" xlink:from="lbl_InvestmentIncomeAndReliefsNonTradingLoanRelationshipsFinancingCostsAndIncomeTaxTreatment" xlink:to="lbl_InvestmentIncomeAndReliefsNonTradingLoanRelationshipsDisallowedAAmount" xlink:type="arc"/>
      <link:loc xlink:href="../full/ct-default-2013-07-21.xsd#ct-default_InvestmentIncomeAndReliefsNonTradingLoanRelationshipsDisallowedBAmount" xlink:label="lbl_InvestmentIncomeAndReliefsNonTradingLoanRelationshipsDisallowedBAmount" xlink:type="locator"/>
      <link:presentationArc order="2.0" xlink:arcrole="http://www.xbrl.org/2003/arcrole/parent-child" xlink:from="lbl_InvestmentIncomeAndReliefsNonTradingLoanRelationshipsFinancingCostsAndIncomeTaxTreatment" xlink:to="lbl_InvestmentIncomeAndReliefsNonTradingLoanRelationshipsDisallowedBAmount" xlink:type="arc"/>
      <link:loc xlink:href="../full/ct-default-2013-07-21.xsd#ct-default_InvestmentIncomeAndReliefsNonTradingLoanRelationshipsDisallowedCAmount" xlink:label="lbl_InvestmentIncomeAndReliefsNonTradingLoanRelationshipsDisallowedCAmount" xlink:type="locator"/>
      <link:presentationArc order="3.0" xlink:arcrole="http://www.xbrl.org/2003/arcrole/parent-child" xlink:from="lbl_InvestmentIncomeAndReliefsNonTradingLoanRelationshipsFinancingCostsAndIncomeTaxTreatment" xlink:to="lbl_InvestmentIncomeAndReliefsNonTradingLoanRelationshipsDisallowedCAmount" xlink:type="arc"/>
      <link:loc xlink:href="../full/ct-default-2013-07-21.xsd#ct-default_InvestmentIncomeAndReliefsNonTradingLoanRelationshipsDisallowedAmountTotal" xlink:label="lbl_InvestmentIncomeAndReliefsNonTradingLoanRelationshipsDisallowedAmountTotal" xlink:type="locator"/>
      <link:presentationArc order="4.0" xlink:arcrole="http://www.xbrl.org/2003/arcrole/parent-child" xlink:from="lbl_InvestmentIncomeAndReliefsNonTradingLoanRelationshipsFinancingCostsAndIncomeTaxTreatment" xlink:to="lbl_InvestmentIncomeAndReliefsNonTradingLoanRelationshipsDisallowedAmountTotal" xlink:type="arc"/>
      <link:loc xlink:href="../full/ct-default-2013-07-21.xsd#ct-default_InvestmentIncomeAndReliefsNonTradingLoanRelationshipsExemptNonUKIntraGroupFinancingIncome" xlink:label="lbl_InvestmentIncomeAndReliefsNonTradingLoanRelationshipsExemptNonUKIntraGroupFinancingIncome" xlink:type="locator"/>
      <link:presentationArc order="5.0" xlink:arcrole="http://www.xbrl.org/2003/arcrole/parent-child" xlink:from="lbl_InvestmentIncomeAndReliefsNonTradingLoanRelationshipsFinancingCostsAndIncomeTaxTreatment" xlink:to="lbl_InvestmentIncomeAndReliefsNonTradingLoanRelationshipsExemptNonUKIntraGroupFinancingIncome" xlink:type="arc"/>
      <link:loc xlink:href="../full/ct-default-2013-07-21.xsd#ct-default_InvestmentIncomeAndReliefsNonTradingLoanRelationshipsExemptedAAmount" xlink:label="lbl_InvestmentIncomeAndReliefsNonTradingLoanRelationshipsExemptedAAmount" xlink:type="locator"/>
      <link:presentationArc order="6.0" xlink:arcrole="http://www.xbrl.org/2003/arcrole/parent-child" xlink:from="lbl_InvestmentIncomeAndReliefsNonTradingLoanRelationshipsFinancingCostsAndIncomeTaxTreatment" xlink:to="lbl_InvestmentIncomeAndReliefsNonTradingLoanRelationshipsExemptedAAmount" xlink:type="arc"/>
      <link:loc xlink:href="../full/ct-default-2013-07-21.xsd#ct-default_InvestmentIncomeAndReliefsNonTradingLoanRelationshipsExemptedBAmount" xlink:label="lbl_InvestmentIncomeAndReliefsNonTradingLoanRelationshipsExemptedBAmount" xlink:type="locator"/>
      <link:presentationArc order="7.0" xlink:arcrole="http://www.xbrl.org/2003/arcrole/parent-child" xlink:from="lbl_InvestmentIncomeAndReliefsNonTradingLoanRelationshipsFinancingCostsAndIncomeTaxTreatment" xlink:to="lbl_InvestmentIncomeAndReliefsNonTradingLoanRelationshipsExemptedBAmount" xlink:type="arc"/>
      <link:loc xlink:href="../full/ct-default-2013-07-21.xsd#ct-default_InvestmentIncomeAndReliefsNonTradingLoanRelationshipsExemptedCAmount" xlink:label="lbl_InvestmentIncomeAndReliefsNonTradingLoanRelationshipsExemptedCAmount" xlink:type="locator"/>
      <link:presentationArc order="8.0" xlink:arcrole="http://www.xbrl.org/2003/arcrole/parent-child" xlink:from="lbl_InvestmentIncomeAndReliefsNonTradingLoanRelationshipsFinancingCostsAndIncomeTaxTreatment" xlink:to="lbl_InvestmentIncomeAndReliefsNonTradingLoanRelationshipsExemptedCAmount" xlink:type="arc"/>
      <link:loc xlink:href="../full/ct-default-2013-07-21.xsd#ct-default_InvestmentIncomeAndReliefsNonTradingLoanRelationshipsExemptedAmountTotal" xlink:label="lbl_InvestmentIncomeAndReliefsNonTradingLoanRelationshipsExemptedAmountTotal" xlink:type="locator"/>
      <link:presentationArc order="9.0" xlink:arcrole="http://www.xbrl.org/2003/arcrole/parent-child" xlink:from="lbl_InvestmentIncomeAndReliefsNonTradingLoanRelationshipsFinancingCostsAndIncomeTaxTreatment" xlink:to="lbl_InvestmentIncomeAndReliefsNonTradingLoanRelationshipsExemptedAmountTotal" xlink:type="arc"/>
      <link:loc xlink:href="../full/ct-default-2013-07-21.xsd#ct-default_InvestmentIncomeAndReliefsNonTradingLoanRelationshipsAvailableAmount" xlink:label="lbl_InvestmentIncomeAndReliefsNonTradingLoanRelationshipsAvailableAmount" xlink:type="locator"/>
      <link:presentationArc order="10.0" xlink:arcrole="http://www.xbrl.org/2003/arcrole/parent-child" xlink:from="lbl_InvestmentIncomeAndReliefsNonTradingLoanRelationshipsFinancingCostsAndIncomeTaxTreatment" xlink:to="lbl_InvestmentIncomeAndReliefsNonTradingLoanRelationshipsAvailableAmount" xlink:type="arc"/>
      <link:loc xlink:href="../full/ct-default-2013-07-21.xsd#ct-default_InvestmentIncomeAndReliefsNonTradingLoanRelationshipsTestedAmount" xlink:label="lbl_InvestmentIncomeAndReliefsNonTradingLoanRelationshipsTestedAmount" xlink:type="locator"/>
      <link:presentationArc order="11.0" xlink:arcrole="http://www.xbrl.org/2003/arcrole/parent-child" xlink:from="lbl_InvestmentIncomeAndReliefsNonTradingLoanRelationshipsFinancingCostsAndIncomeTaxTreatment" xlink:to="lbl_InvestmentIncomeAndReliefsNonTradingLoanRelationshipsTestedAmount" xlink:type="arc"/>
      <link:loc xlink:href="../full/ct-default-2013-07-21.xsd#ct-default_InvestmentIncomeAndReliefsCorporateVenturingAndUnlistedShareLossRelief" xlink:label="lbl_InvestmentIncomeAndReliefsCorporateVenturingAndUnlistedShareLossRelief" xlink:type="locator"/>
      <link:presentationArc order="3.0" xlink:arcrole="http://www.xbrl.org/2003/arcrole/parent-child" xlink:from="lbl_InvestmentIncomeAndReliefs" xlink:to="lbl_InvestmentIncomeAndReliefsCorporateVenturingAndUnlistedShareLossRelief" xlink:type="arc"/>
      <link:loc xlink:href="../full/ct-default-2013-07-21.xsd#ct-default_InvestmentIncomeAndReliefsCorporateVenturingAndUnlistedShareLossReliefCVSLossRelief" xlink:label="lbl_InvestmentIncomeAndReliefsCorporateVenturingAndUnlistedShareLossReliefCVSLossRelief" xlink:type="locator"/>
      <link:presentationArc order="1.0" xlink:arcrole="http://www.xbrl.org/2003/arcrole/parent-child" xlink:from="lbl_InvestmentIncomeAndReliefsCorporateVenturingAndUnlistedShareLossRelief" xlink:to="lbl_InvestmentIncomeAndReliefsCorporateVenturingAndUnlistedShareLossReliefCVSLossRelief" xlink:type="arc"/>
      <link:loc xlink:href="../full/ct-default-2013-07-21.xsd#ct-default_InvestmentIncomeAndReliefsCorporateVenturingAndUnlistedShareLossReliefUnlistedShareLossRelief" xlink:label="lbl_InvestmentIncomeAndReliefsCorporateVenturingAndUnlistedShareLossReliefUnlistedShareLossRelief" xlink:type="locator"/>
      <link:presentationArc order="2.0" xlink:arcrole="http://www.xbrl.org/2003/arcrole/parent-child" xlink:from="lbl_InvestmentIncomeAndReliefsCorporateVenturingAndUnlistedShareLossRelief" xlink:to="lbl_InvestmentIncomeAndReliefsCorporateVenturingAndUnlistedShareLossReliefUnlistedShareLossRelief" xlink:type="arc"/>
      <link:loc xlink:href="../full/ct-default-2013-07-21.xsd#ct-default_InvestmentIncomeAndReliefsNonExemptDistributions" xlink:label="lbl_InvestmentIncomeAndReliefsNonExemptDistributions" xlink:type="locator"/>
      <link:presentationArc order="4.0" xlink:arcrole="http://www.xbrl.org/2003/arcrole/parent-child" xlink:from="lbl_InvestmentIncomeAndReliefs" xlink:to="lbl_InvestmentIncomeAndReliefsNonExemptDistributions" xlink:type="arc"/>
      <link:loc xlink:href="../full/ct-default-2013-07-21.xsd#ct-default_InvestmentIncomeAndReliefsNonExemptDistributionsTotal" xlink:label="lbl_InvestmentIncomeAndReliefsNonExemptDistributionsTotal" xlink:type="locator"/>
      <link:presentationArc order="1.0" xlink:arcrole="http://www.xbrl.org/2003/arcrole/parent-child" xlink:from="lbl_InvestmentIncomeAndReliefsNonExemptDistributions" xlink:to="lbl_InvestmentIncomeAndReliefsNonExemptDistributionsTotal" xlink:type="arc"/>
      <link:loc xlink:href="../full/ct-default-2013-07-21.xsd#ct-default_InvestmentIncomeAndReliefsIntangibleFixedAssetsGainsAndLosses" xlink:label="lbl_InvestmentIncomeAndReliefsIntangibleFixedAssetsGainsAndLosses" xlink:type="locator"/>
      <link:presentationArc order="5.0" xlink:arcrole="http://www.xbrl.org/2003/arcrole/parent-child" xlink:from="lbl_InvestmentIncomeAndReliefs" xlink:to="lbl_InvestmentIncomeAndReliefsIntangibleFixedAssetsGainsAndLosses" xlink:type="arc"/>
      <link:loc xlink:href="../full/ct-default-2013-07-21.xsd#ct-default_InvestmentIncomeAndReliefsIntangibleFixedAssetsDebitsAccountingBasis" xlink:label="lbl_InvestmentIncomeAndReliefsIntangibleFixedAssetsDebitsAccountingBasis" xlink:type="locator"/>
      <link:presentationArc order="1.0" xlink:arcrole="http://www.xbrl.org/2003/arcrole/parent-child" xlink:from="lbl_InvestmentIncomeAndReliefsIntangibleFixedAssetsGainsAndLosses" xlink:to="lbl_InvestmentIncomeAndReliefsIntangibleFixedAssetsDebitsAccountingBasis" xlink:type="arc"/>
      <link:loc xlink:href="../full/ct-default-2013-07-21.xsd#ct-default_InvestmentIncomeAndReliefsIntangibleFixedAssetsDebitsFixedRateBasis" xlink:label="lbl_InvestmentIncomeAndReliefsIntangibleFixedAssetsDebitsFixedRateBasis" xlink:type="locator"/>
      <link:presentationArc order="2.0" xlink:arcrole="http://www.xbrl.org/2003/arcrole/parent-child" xlink:from="lbl_InvestmentIncomeAndReliefsIntangibleFixedAssetsGainsAndLosses" xlink:to="lbl_InvestmentIncomeAndReliefsIntangibleFixedAssetsDebitsFixedRateBasis" xlink:type="arc"/>
      <link:loc xlink:href="../full/ct-default-2013-07-21.xsd#ct-default_InvestmentIncomeAndReliefsIntangibleFixedAssetsAcquiredOrCreated" xlink:label="lbl_InvestmentIncomeAndReliefsIntangibleFixedAssetsAcquiredOrCreated" xlink:type="locator"/>
      <link:presentationArc order="3.0" xlink:arcrole="http://www.xbrl.org/2003/arcrole/parent-child" xlink:from="lbl_InvestmentIncomeAndReliefsIntangibleFixedAssetsGainsAndLosses" xlink:to="lbl_InvestmentIncomeAndReliefsIntangibleFixedAssetsAcquiredOrCreated" xlink:type="arc"/>
      <link:loc xlink:href="../full/ct-default-2013-07-21.xsd#ct-default_InvestmentIncomeAndReliefsIntangibleFixedAssetsRealisationProceeds" xlink:label="lbl_InvestmentIncomeAndReliefsIntangibleFixedAssetsRealisationProceeds" xlink:type="locator"/>
      <link:presentationArc order="4.0" xlink:arcrole="http://www.xbrl.org/2003/arcrole/parent-child" xlink:from="lbl_InvestmentIncomeAndReliefsIntangibleFixedAssetsGainsAndLosses" xlink:to="lbl_InvestmentIncomeAndReliefsIntangibleFixedAssetsRealisationProceeds" xlink:type="arc"/>
      <link:loc xlink:href="../full/ct-default-2013-07-21.xsd#ct-default_InvestmentIncomeAndReliefsCharges" xlink:label="lbl_InvestmentIncomeAndReliefsCharges" xlink:type="locator"/>
      <link:presentationArc order="6.0" xlink:arcrole="http://www.xbrl.org/2003/arcrole/parent-child" xlink:from="lbl_InvestmentIncomeAndReliefs" xlink:to="lbl_InvestmentIncomeAndReliefsCharges" xlink:type="arc"/>
      <link:loc xlink:href="../full/ct-default-2013-07-21.xsd#ct-default_InvestmentIncomeAndReliefsChargesUsedAgainstProfitsOfThePeriod" xlink:label="lbl_InvestmentIncomeAndReliefsChargesUsedAgainstProfitsOfThePeriod" xlink:type="locator"/>
      <link:presentationArc order="1.0" xlink:arcrole="http://www.xbrl.org/2003/arcrole/parent-child" xlink:from="lbl_InvestmentIncomeAndReliefsCharges" xlink:to="lbl_InvestmentIncomeAndReliefsChargesUsedAgainstProfitsOfThePeriod" xlink:type="arc"/>
      <link:loc xlink:href="../full/ct-default-2013-07-21.xsd#ct-default_InvestmentIncomeAndReliefsQualifyingCharitableDonationsUK" xlink:label="lbl_InvestmentIncomeAndReliefsQualifyingCharitableDonationsUK" xlink:type="locator"/>
      <link:presentationArc order="1.0" xlink:arcrole="http://www.xbrl.org/2003/arcrole/parent-child" xlink:from="lbl_InvestmentIncomeAndReliefsChargesUsedAgainstProfitsOfThePeriod" xlink:to="lbl_InvestmentIncomeAndReliefsQualifyingCharitableDonationsUK" xlink:type="arc"/>
      <link:loc xlink:href="../full/ct-default-2013-07-21.xsd#ct-default_InvestmentIncomeAndReliefsQualifyingCharitableDonationsEEA" xlink:label="lbl_InvestmentIncomeAndReliefsQualifyingCharitableDonationsEEA" xlink:type="locator"/>
      <link:presentationArc order="2.0" xlink:arcrole="http://www.xbrl.org/2003/arcrole/parent-child" xlink:from="lbl_InvestmentIncomeAndReliefsChargesUsedAgainstProfitsOfThePeriod" xlink:to="lbl_InvestmentIncomeAndReliefsQualifyingCharitableDonationsEEA" xlink:type="arc"/>
      <link:loc xlink:href="../full/ct-default-2013-07-21.xsd#ct-default_InvestmentIncomeAndReliefsNonQualifyingCharitableDonations" xlink:label="lbl_InvestmentIncomeAndReliefsNonQualifyingCharitableDonations" xlink:type="locator"/>
      <link:presentationArc order="3.0" xlink:arcrole="http://www.xbrl.org/2003/arcrole/parent-child" xlink:from="lbl_InvestmentIncomeAndReliefsChargesUsedAgainstProfitsOfThePeriod" xlink:to="lbl_InvestmentIncomeAndReliefsNonQualifyingCharitableDonations" xlink:type="arc"/>
   </link:presentationLink>
</linkbase>
