<?xml version="1.0" encoding="UTF-8" standalone="yes"?>
<linkbase xmlns="http://www.xbrl.org/2003/linkbase" xmlns:link="http://www.xbrl.org/2003/linkbase" xmlns:xlink="http://www.w3.org/1999/xlink" xmlns:xsi="http://www.w3.org/2001/XMLSchema-instance" xsi:schemaLocation="http://www.xbrl.org/2003/linkbase http://www.xbrl.org/2003/xbrl-linkbase-2003-12-31.xsd">
   <link:roleRef roleURI="http://www.govtalk.gov.uk/uk/fr/tax/uk-hmrc-ct-roles/2013-07-21/role/L_ManagementExpenses_mts" xlink:href="ct-roles-mts-2013-07-21.xsd#L_ManagementExpenses_mts" xlink:type="simple"/>
   <link:presentationLink xlink:role="http://www.govtalk.gov.uk/uk/fr/tax/uk-hmrc-ct-roles/2013-07-21/role/L_ManagementExpenses_mts" xlink:type="extended">
      <link:loc xlink:href="../full/ct-DR-2013-07-21.xsd#ct-DR_ManagementExpensesSummary" xlink:label="lbl_ManagementExpensesSummary" xlink:type="locator"/>
      <link:loc xlink:href="../full/ct-DR-2013-07-21.xsd#ct-DR_ManagementExpenses" xlink:label="lbl_ManagementExpenses" xlink:type="locator"/>
      <link:presentationArc order="1.0" xlink:arcrole="http://www.xbrl.org/2003/arcrole/parent-child" xlink:from="lbl_ManagementExpenses" xlink:to="lbl_ManagementExpensesSummary" xlink:type="arc"/>
      <link:loc xlink:href="../full/ct-DR-2013-07-21.xsd#ct-DR_ManagementExpensesBF" xlink:label="lbl_ManagementExpensesBF" xlink:type="locator"/>
      <link:presentationArc order="1.0" xlink:arcrole="http://www.xbrl.org/2003/arcrole/parent-child" xlink:from="lbl_ManagementExpensesSummary" xlink:to="lbl_ManagementExpensesBF" xlink:type="arc"/>
      <link:loc xlink:href="../full/ct-DR-2013-07-21.xsd#ct-DR_ManagementExpensesDisbursedForFirstNewPeriodTreatedAsBF" xlink:label="lbl_ManagementExpensesDisbursedForFirstNewPeriodTreatedAsBF" xlink:type="locator"/>
      <link:presentationArc order="2.0" xlink:arcrole="http://www.xbrl.org/2003/arcrole/parent-child" xlink:from="lbl_ManagementExpensesSummary" xlink:to="lbl_ManagementExpensesDisbursedForFirstNewPeriodTreatedAsBF" xlink:type="arc"/>
      <link:loc xlink:href="../full/ct-DR-2013-07-21.xsd#ct-DR_ManagementExpensesReversalAmount" xlink:label="lbl_ManagementExpensesReversalAmount" xlink:type="locator"/>
      <link:presentationArc order="3.0" xlink:arcrole="http://www.xbrl.org/2003/arcrole/parent-child" xlink:from="lbl_ManagementExpensesSummary" xlink:to="lbl_ManagementExpensesReversalAmount" xlink:type="arc"/>
      <link:loc xlink:href="../full/ct-DR-2013-07-21.xsd#ct-DR_ManagementExpensesArisingThisPeriod" xlink:label="lbl_ManagementExpensesArisingThisPeriod" xlink:type="locator"/>
      <link:presentationArc order="4.0" xlink:arcrole="http://www.xbrl.org/2003/arcrole/parent-child" xlink:from="lbl_ManagementExpensesSummary" xlink:to="lbl_ManagementExpensesArisingThisPeriod" xlink:type="arc"/>
      <link:loc xlink:href="../full/ct-DR-2013-07-21.xsd#ct-DR_ManagementExpensesSummaryTotalAvailableForRelief" xlink:label="lbl_ManagementExpensesSummaryTotalAvailableForRelief" xlink:type="locator"/>
      <link:presentationArc order="5.0" xlink:arcrole="http://www.xbrl.org/2003/arcrole/parent-child" xlink:from="lbl_ManagementExpensesSummary" xlink:to="lbl_ManagementExpensesSummaryTotalAvailableForRelief" xlink:type="arc"/>
      <link:loc xlink:href="../full/ct-DR-2013-07-21.xsd#ct-DR_ManagementExpensesRelief" xlink:label="lbl_ManagementExpensesRelief" xlink:type="locator"/>
      <link:presentationArc order="6.0" xlink:arcrole="http://www.xbrl.org/2003/arcrole/parent-child" xlink:from="lbl_ManagementExpensesSummary" xlink:to="lbl_ManagementExpensesRelief" xlink:type="arc"/>
      <link:loc xlink:href="../full/ct-DR-2013-07-21.xsd#ct-DR_CTFYATaxCreditManagementExpensesSurrendered" xlink:label="lbl_CTFYATaxCreditManagementExpensesSurrendered" xlink:type="locator"/>
      <link:presentationArc order="7.0" xlink:arcrole="http://www.xbrl.org/2003/arcrole/parent-child" xlink:from="lbl_ManagementExpensesSummary" xlink:to="lbl_CTFYATaxCreditManagementExpensesSurrendered" xlink:type="arc"/>
      <link:loc xlink:href="../full/ct-DR-2013-07-21.xsd#ct-DR_CTFYATaxCreditManagementExpensesRestored" xlink:label="lbl_CTFYATaxCreditManagementExpensesRestored" xlink:type="locator"/>
      <link:presentationArc order="8.0" xlink:arcrole="http://www.xbrl.org/2003/arcrole/parent-child" xlink:from="lbl_ManagementExpensesSummary" xlink:to="lbl_CTFYATaxCreditManagementExpensesRestored" xlink:type="arc"/>
      <link:loc xlink:href="../full/ct-DR-2013-07-21.xsd#ct-DR_ManagementExpensesExcess" xlink:label="lbl_ManagementExpensesExcess" xlink:type="locator"/>
      <link:presentationArc order="9.0" xlink:arcrole="http://www.xbrl.org/2003/arcrole/parent-child" xlink:from="lbl_ManagementExpensesSummary" xlink:to="lbl_ManagementExpensesExcess" xlink:type="arc"/>
      <link:loc xlink:href="../full/ct-DR-2013-07-21.xsd#ct-DR_ManagementExpensesSurrenderedAsGroupRelief" xlink:label="lbl_ManagementExpensesSurrenderedAsGroupRelief" xlink:type="locator"/>
      <link:presentationArc order="10.0" xlink:arcrole="http://www.xbrl.org/2003/arcrole/parent-child" xlink:from="lbl_ManagementExpensesSummary" xlink:to="lbl_ManagementExpensesSurrenderedAsGroupRelief" xlink:type="arc"/>
      <link:loc xlink:href="../full/ct-DR-2013-07-21.xsd#ct-DR_ManagementExpensesCF" xlink:label="lbl_ManagementExpensesCF" xlink:type="locator"/>
      <link:presentationArc order="11.0" xlink:arcrole="http://www.xbrl.org/2003/arcrole/parent-child" xlink:from="lbl_ManagementExpensesSummary" xlink:to="lbl_ManagementExpensesCF" xlink:type="arc"/>
      <link:loc xlink:href="../full/ct-DR-2013-07-21.xsd#ct-DR_ManagementExpensesExpensesOfPeriod" xlink:label="lbl_ManagementExpensesExpensesOfPeriod" xlink:type="locator"/>
      <link:presentationArc order="2.0" xlink:arcrole="http://www.xbrl.org/2003/arcrole/parent-child" xlink:from="lbl_ManagementExpenses" xlink:to="lbl_ManagementExpensesExpensesOfPeriod" xlink:type="arc"/>
      <link:loc xlink:href="../full/ct-DR-2013-07-21.xsd#ct-DR_ManagementExpensesExpensesOfPeriodManagementExpensesAdvertisingAndPromotions" xlink:label="lbl_ManagementExpensesExpensesOfPeriodManagementExpensesAdvertisingAndPromotions" xlink:type="locator"/>
      <link:presentationArc order="1.0" xlink:arcrole="http://www.xbrl.org/2003/arcrole/parent-child" xlink:from="lbl_ManagementExpensesExpensesOfPeriod" xlink:to="lbl_ManagementExpensesExpensesOfPeriodManagementExpensesAdvertisingAndPromotions" xlink:type="arc"/>
      <link:loc xlink:href="../full/ct-DR-2013-07-21.xsd#ct-DR_ManagementExpensesExpensesOfPeriodManagementExpensesAdvertisingAndPromotionsDisallowed" xlink:label="lbl_ManagementExpensesExpensesOfPeriodManagementExpensesAdvertisingAndPromotionsDisallowed" xlink:type="locator"/>
      <link:presentationArc order="2.0" xlink:arcrole="http://www.xbrl.org/2003/arcrole/parent-child" xlink:from="lbl_ManagementExpensesExpensesOfPeriod" xlink:to="lbl_ManagementExpensesExpensesOfPeriodManagementExpensesAdvertisingAndPromotionsDisallowed" xlink:type="arc"/>
      <link:loc xlink:href="../full/ct-DR-2013-07-21.xsd#ct-DR_ManagementExpensesExpensesOfPeriodManagementExpensesAudit" xlink:label="lbl_ManagementExpensesExpensesOfPeriodManagementExpensesAudit" xlink:type="locator"/>
      <link:presentationArc order="3.0" xlink:arcrole="http://www.xbrl.org/2003/arcrole/parent-child" xlink:from="lbl_ManagementExpensesExpensesOfPeriod" xlink:to="lbl_ManagementExpensesExpensesOfPeriodManagementExpensesAudit" xlink:type="arc"/>
      <link:loc xlink:href="../full/ct-DR-2013-07-21.xsd#ct-DR_ManagementExpensesExpensesOfPeriodManagementExpensesAuditDisallowed" xlink:label="lbl_ManagementExpensesExpensesOfPeriodManagementExpensesAuditDisallowed" xlink:type="locator"/>
      <link:presentationArc order="4.0" xlink:arcrole="http://www.xbrl.org/2003/arcrole/parent-child" xlink:from="lbl_ManagementExpensesExpensesOfPeriod" xlink:to="lbl_ManagementExpensesExpensesOfPeriodManagementExpensesAuditDisallowed" xlink:type="arc"/>
      <link:loc xlink:href="../full/ct-DR-2013-07-21.xsd#ct-DR_ManagementExpensesExpensesOfPeriodManagementExpensesBankCharges" xlink:label="lbl_ManagementExpensesExpensesOfPeriodManagementExpensesBankCharges" xlink:type="locator"/>
      <link:presentationArc order="5.0" xlink:arcrole="http://www.xbrl.org/2003/arcrole/parent-child" xlink:from="lbl_ManagementExpensesExpensesOfPeriod" xlink:to="lbl_ManagementExpensesExpensesOfPeriodManagementExpensesBankCharges" xlink:type="arc"/>
      <link:loc xlink:href="../full/ct-DR-2013-07-21.xsd#ct-DR_ManagementExpensesExpensesOfPeriodManagementExpensesBankChargesDisallowed" xlink:label="lbl_ManagementExpensesExpensesOfPeriodManagementExpensesBankChargesDisallowed" xlink:type="locator"/>
      <link:presentationArc order="6.0" xlink:arcrole="http://www.xbrl.org/2003/arcrole/parent-child" xlink:from="lbl_ManagementExpensesExpensesOfPeriod" xlink:to="lbl_ManagementExpensesExpensesOfPeriodManagementExpensesBankChargesDisallowed" xlink:type="arc"/>
      <link:loc xlink:href="../full/ct-DR-2013-07-21.xsd#ct-DR_ManagementExpensesExpensesOfPeriodManagementExpensesComputerCosts" xlink:label="lbl_ManagementExpensesExpensesOfPeriodManagementExpensesComputerCosts" xlink:type="locator"/>
      <link:presentationArc order="7.0" xlink:arcrole="http://www.xbrl.org/2003/arcrole/parent-child" xlink:from="lbl_ManagementExpensesExpensesOfPeriod" xlink:to="lbl_ManagementExpensesExpensesOfPeriodManagementExpensesComputerCosts" xlink:type="arc"/>
      <link:loc xlink:href="../full/ct-DR-2013-07-21.xsd#ct-DR_ManagementExpensesExpensesOfPeriodManagementExpensesComputerCostsDisallowed" xlink:label="lbl_ManagementExpensesExpensesOfPeriodManagementExpensesComputerCostsDisallowed" xlink:type="locator"/>
      <link:presentationArc order="8.0" xlink:arcrole="http://www.xbrl.org/2003/arcrole/parent-child" xlink:from="lbl_ManagementExpensesExpensesOfPeriod" xlink:to="lbl_ManagementExpensesExpensesOfPeriodManagementExpensesComputerCostsDisallowed" xlink:type="arc"/>
      <link:loc xlink:href="../full/ct-DR-2013-07-21.xsd#ct-DR_ManagementExpensesExpensesOfPeriodManagementExpensesDepreciation" xlink:label="lbl_ManagementExpensesExpensesOfPeriodManagementExpensesDepreciation" xlink:type="locator"/>
      <link:presentationArc order="9.0" xlink:arcrole="http://www.xbrl.org/2003/arcrole/parent-child" xlink:from="lbl_ManagementExpensesExpensesOfPeriod" xlink:to="lbl_ManagementExpensesExpensesOfPeriodManagementExpensesDepreciation" xlink:type="arc"/>
      <link:loc xlink:href="../full/ct-DR-2013-07-21.xsd#ct-DR_ManagementExpensesExpensesOfPeriodManagementExpensesDepreciationDisallowed" xlink:label="lbl_ManagementExpensesExpensesOfPeriodManagementExpensesDepreciationDisallowed" xlink:type="locator"/>
      <link:presentationArc order="10.0" xlink:arcrole="http://www.xbrl.org/2003/arcrole/parent-child" xlink:from="lbl_ManagementExpensesExpensesOfPeriod" xlink:to="lbl_ManagementExpensesExpensesOfPeriodManagementExpensesDepreciationDisallowed" xlink:type="arc"/>
      <link:loc xlink:href="../full/ct-DR-2013-07-21.xsd#ct-DR_ManagementExpensesExpensesOfPeriodManagementExpensesEmploymentCosts" xlink:label="lbl_ManagementExpensesExpensesOfPeriodManagementExpensesEmploymentCosts" xlink:type="locator"/>
      <link:presentationArc order="11.0" xlink:arcrole="http://www.xbrl.org/2003/arcrole/parent-child" xlink:from="lbl_ManagementExpensesExpensesOfPeriod" xlink:to="lbl_ManagementExpensesExpensesOfPeriodManagementExpensesEmploymentCosts" xlink:type="arc"/>
      <link:loc xlink:href="../full/ct-DR-2013-07-21.xsd#ct-DR_ManagementExpensesExpensesOfPeriodManagementExpensesEmploymentCostsDisallowed" xlink:label="lbl_ManagementExpensesExpensesOfPeriodManagementExpensesEmploymentCostsDisallowed" xlink:type="locator"/>
      <link:presentationArc order="12.0" xlink:arcrole="http://www.xbrl.org/2003/arcrole/parent-child" xlink:from="lbl_ManagementExpensesExpensesOfPeriod" xlink:to="lbl_ManagementExpensesExpensesOfPeriodManagementExpensesEmploymentCostsDisallowed" xlink:type="arc"/>
      <link:loc xlink:href="../full/ct-DR-2013-07-21.xsd#ct-DR_ManagementExpensesExpensesOfPeriodManagementExpensesIncentivePlansShareSchemes" xlink:label="lbl_ManagementExpensesExpensesOfPeriodManagementExpensesIncentivePlansShareSchemes" xlink:type="locator"/>
      <link:presentationArc order="13.0" xlink:arcrole="http://www.xbrl.org/2003/arcrole/parent-child" xlink:from="lbl_ManagementExpensesExpensesOfPeriod" xlink:to="lbl_ManagementExpensesExpensesOfPeriodManagementExpensesIncentivePlansShareSchemes" xlink:type="arc"/>
      <link:loc xlink:href="../full/ct-DR-2013-07-21.xsd#ct-DR_ManagementExpensesExpensesOfPeriodManagementExpensesIncentivePlansShareSchemesDisallowed" xlink:label="lbl_ManagementExpensesExpensesOfPeriodManagementExpensesIncentivePlansShareSchemesDisallowed" xlink:type="locator"/>
      <link:presentationArc order="14.0" xlink:arcrole="http://www.xbrl.org/2003/arcrole/parent-child" xlink:from="lbl_ManagementExpensesExpensesOfPeriod" xlink:to="lbl_ManagementExpensesExpensesOfPeriodManagementExpensesIncentivePlansShareSchemesDisallowed" xlink:type="arc"/>
      <link:loc xlink:href="../full/ct-DR-2013-07-21.xsd#ct-DR_ManagementExpensesExpensesOfPeriodManagementExpensesInsurance" xlink:label="lbl_ManagementExpensesExpensesOfPeriodManagementExpensesInsurance" xlink:type="locator"/>
      <link:presentationArc order="15.0" xlink:arcrole="http://www.xbrl.org/2003/arcrole/parent-child" xlink:from="lbl_ManagementExpensesExpensesOfPeriod" xlink:to="lbl_ManagementExpensesExpensesOfPeriodManagementExpensesInsurance" xlink:type="arc"/>
      <link:loc xlink:href="../full/ct-DR-2013-07-21.xsd#ct-DR_ManagementExpensesExpensesOfPeriodManagementExpensesInsuranceDisallowed" xlink:label="lbl_ManagementExpensesExpensesOfPeriodManagementExpensesInsuranceDisallowed" xlink:type="locator"/>
      <link:presentationArc order="16.0" xlink:arcrole="http://www.xbrl.org/2003/arcrole/parent-child" xlink:from="lbl_ManagementExpensesExpensesOfPeriod" xlink:to="lbl_ManagementExpensesExpensesOfPeriodManagementExpensesInsuranceDisallowed" xlink:type="arc"/>
      <link:loc xlink:href="../full/ct-DR-2013-07-21.xsd#ct-DR_ManagementExpensesExpensesOfPeriodManagementExpensesIrrecoverableVAT" xlink:label="lbl_ManagementExpensesExpensesOfPeriodManagementExpensesIrrecoverableVAT" xlink:type="locator"/>
      <link:presentationArc order="17.0" xlink:arcrole="http://www.xbrl.org/2003/arcrole/parent-child" xlink:from="lbl_ManagementExpensesExpensesOfPeriod" xlink:to="lbl_ManagementExpensesExpensesOfPeriodManagementExpensesIrrecoverableVAT" xlink:type="arc"/>
      <link:loc xlink:href="../full/ct-DR-2013-07-21.xsd#ct-DR_ManagementExpensesExpensesOfPeriodManagementExpensesIrrecoverableVATDisallowed" xlink:label="lbl_ManagementExpensesExpensesOfPeriodManagementExpensesIrrecoverableVATDisallowed" xlink:type="locator"/>
      <link:presentationArc order="18.0" xlink:arcrole="http://www.xbrl.org/2003/arcrole/parent-child" xlink:from="lbl_ManagementExpensesExpensesOfPeriod" xlink:to="lbl_ManagementExpensesExpensesOfPeriodManagementExpensesIrrecoverableVATDisallowed" xlink:type="arc"/>
      <link:loc xlink:href="../full/ct-DR-2013-07-21.xsd#ct-DR_ManagementExpensesExpensesOfPeriodManagementExpensesLeasingCharges" xlink:label="lbl_ManagementExpensesExpensesOfPeriodManagementExpensesLeasingCharges" xlink:type="locator"/>
      <link:presentationArc order="19.0" xlink:arcrole="http://www.xbrl.org/2003/arcrole/parent-child" xlink:from="lbl_ManagementExpensesExpensesOfPeriod" xlink:to="lbl_ManagementExpensesExpensesOfPeriodManagementExpensesLeasingCharges" xlink:type="arc"/>
      <link:loc xlink:href="../full/ct-DR-2013-07-21.xsd#ct-DR_ManagementExpensesExpensesOfPeriodManagementExpensesLeasingChargesDisallowed" xlink:label="lbl_ManagementExpensesExpensesOfPeriodManagementExpensesLeasingChargesDisallowed" xlink:type="locator"/>
      <link:presentationArc order="20.0" xlink:arcrole="http://www.xbrl.org/2003/arcrole/parent-child" xlink:from="lbl_ManagementExpensesExpensesOfPeriod" xlink:to="lbl_ManagementExpensesExpensesOfPeriodManagementExpensesLeasingChargesDisallowed" xlink:type="arc"/>
      <link:loc xlink:href="../full/ct-DR-2013-07-21.xsd#ct-DR_ManagementExpensesExpensesOfPeriodManagementExpensesLegalAndProfessional" xlink:label="lbl_ManagementExpensesExpensesOfPeriodManagementExpensesLegalAndProfessional" xlink:type="locator"/>
      <link:presentationArc order="21.0" xlink:arcrole="http://www.xbrl.org/2003/arcrole/parent-child" xlink:from="lbl_ManagementExpensesExpensesOfPeriod" xlink:to="lbl_ManagementExpensesExpensesOfPeriodManagementExpensesLegalAndProfessional" xlink:type="arc"/>
      <link:loc xlink:href="../full/ct-DR-2013-07-21.xsd#ct-DR_ManagementExpensesExpensesOfPeriodManagementExpensesLegalAndProfessionalDisallowed" xlink:label="lbl_ManagementExpensesExpensesOfPeriodManagementExpensesLegalAndProfessionalDisallowed" xlink:type="locator"/>
      <link:presentationArc order="22.0" xlink:arcrole="http://www.xbrl.org/2003/arcrole/parent-child" xlink:from="lbl_ManagementExpensesExpensesOfPeriod" xlink:to="lbl_ManagementExpensesExpensesOfPeriodManagementExpensesLegalAndProfessionalDisallowed" xlink:type="arc"/>
      <link:loc xlink:href="../full/ct-DR-2013-07-21.xsd#ct-DR_ManagementExpensesExpensesOfPeriodManagementExpensesManagementFees" xlink:label="lbl_ManagementExpensesExpensesOfPeriodManagementExpensesManagementFees" xlink:type="locator"/>
      <link:presentationArc order="23.0" xlink:arcrole="http://www.xbrl.org/2003/arcrole/parent-child" xlink:from="lbl_ManagementExpensesExpensesOfPeriod" xlink:to="lbl_ManagementExpensesExpensesOfPeriodManagementExpensesManagementFees" xlink:type="arc"/>
      <link:loc xlink:href="../full/ct-DR-2013-07-21.xsd#ct-DR_ManagementExpensesExpensesOfPeriodManagementExpensesManagementFeesNotTaxable" xlink:label="lbl_ManagementExpensesExpensesOfPeriodManagementExpensesManagementFeesNotTaxable" xlink:type="locator"/>
      <link:presentationArc order="24.0" xlink:arcrole="http://www.xbrl.org/2003/arcrole/parent-child" xlink:from="lbl_ManagementExpensesExpensesOfPeriod" xlink:to="lbl_ManagementExpensesExpensesOfPeriodManagementExpensesManagementFeesNotTaxable" xlink:type="arc"/>
      <link:loc xlink:href="../full/ct-DR-2013-07-21.xsd#ct-DR_ManagementExpensesExpensesOfPeriodManagementExpensesMiscellaneousIncome" xlink:label="lbl_ManagementExpensesExpensesOfPeriodManagementExpensesMiscellaneousIncome" xlink:type="locator"/>
      <link:presentationArc order="25.0" xlink:arcrole="http://www.xbrl.org/2003/arcrole/parent-child" xlink:from="lbl_ManagementExpensesExpensesOfPeriod" xlink:to="lbl_ManagementExpensesExpensesOfPeriodManagementExpensesMiscellaneousIncome" xlink:type="arc"/>
      <link:loc xlink:href="../full/ct-DR-2013-07-21.xsd#ct-DR_ManagementExpensesExpensesOfPeriodManagementExpensesMiscellaneousIncomeNotTaxable" xlink:label="lbl_ManagementExpensesExpensesOfPeriodManagementExpensesMiscellaneousIncomeNotTaxable" xlink:type="locator"/>
      <link:presentationArc order="26.0" xlink:arcrole="http://www.xbrl.org/2003/arcrole/parent-child" xlink:from="lbl_ManagementExpensesExpensesOfPeriod" xlink:to="lbl_ManagementExpensesExpensesOfPeriodManagementExpensesMiscellaneousIncomeNotTaxable" xlink:type="arc"/>
      <link:loc xlink:href="../full/ct-DR-2013-07-21.xsd#ct-DR_ManagementExpensesExpensesOfPeriodManagementExpensesOtherExpenses" xlink:label="lbl_ManagementExpensesExpensesOfPeriodManagementExpensesOtherExpenses" xlink:type="locator"/>
      <link:presentationArc order="27.0" xlink:arcrole="http://www.xbrl.org/2003/arcrole/parent-child" xlink:from="lbl_ManagementExpensesExpensesOfPeriod" xlink:to="lbl_ManagementExpensesExpensesOfPeriodManagementExpensesOtherExpenses" xlink:type="arc"/>
      <link:loc xlink:href="../full/ct-DR-2013-07-21.xsd#ct-DR_ManagementExpensesExpensesOfPeriodManagementExpensesOtherExpensesDisallowed" xlink:label="lbl_ManagementExpensesExpensesOfPeriodManagementExpensesOtherExpensesDisallowed" xlink:type="locator"/>
      <link:presentationArc order="28.0" xlink:arcrole="http://www.xbrl.org/2003/arcrole/parent-child" xlink:from="lbl_ManagementExpensesExpensesOfPeriod" xlink:to="lbl_ManagementExpensesExpensesOfPeriodManagementExpensesOtherExpensesDisallowed" xlink:type="arc"/>
      <link:loc xlink:href="../full/ct-DR-2013-07-21.xsd#ct-DR_ManagementExpensesExpensesOfPeriodManagementExpensesPensionCosts" xlink:label="lbl_ManagementExpensesExpensesOfPeriodManagementExpensesPensionCosts" xlink:type="locator"/>
      <link:presentationArc order="29.0" xlink:arcrole="http://www.xbrl.org/2003/arcrole/parent-child" xlink:from="lbl_ManagementExpensesExpensesOfPeriod" xlink:to="lbl_ManagementExpensesExpensesOfPeriodManagementExpensesPensionCosts" xlink:type="arc"/>
      <link:loc xlink:href="../full/ct-DR-2013-07-21.xsd#ct-DR_ManagementExpensesExpensesOfPeriodManagementExpensesPensionCostsDisallowed" xlink:label="lbl_ManagementExpensesExpensesOfPeriodManagementExpensesPensionCostsDisallowed" xlink:type="locator"/>
      <link:presentationArc order="30.0" xlink:arcrole="http://www.xbrl.org/2003/arcrole/parent-child" xlink:from="lbl_ManagementExpensesExpensesOfPeriod" xlink:to="lbl_ManagementExpensesExpensesOfPeriodManagementExpensesPensionCostsDisallowed" xlink:type="arc"/>
      <link:loc xlink:href="../full/ct-DR-2013-07-21.xsd#ct-DR_ManagementExpensesExpensesOfPeriodManagementExpensesPropertyCosts" xlink:label="lbl_ManagementExpensesExpensesOfPeriodManagementExpensesPropertyCosts" xlink:type="locator"/>
      <link:presentationArc order="31.0" xlink:arcrole="http://www.xbrl.org/2003/arcrole/parent-child" xlink:from="lbl_ManagementExpensesExpensesOfPeriod" xlink:to="lbl_ManagementExpensesExpensesOfPeriodManagementExpensesPropertyCosts" xlink:type="arc"/>
      <link:loc xlink:href="../full/ct-DR-2013-07-21.xsd#ct-DR_ManagementExpensesExpensesOfPeriodManagementExpensesPropertyCostsDisallowed" xlink:label="lbl_ManagementExpensesExpensesOfPeriodManagementExpensesPropertyCostsDisallowed" xlink:type="locator"/>
      <link:presentationArc order="32.0" xlink:arcrole="http://www.xbrl.org/2003/arcrole/parent-child" xlink:from="lbl_ManagementExpensesExpensesOfPeriod" xlink:to="lbl_ManagementExpensesExpensesOfPeriodManagementExpensesPropertyCostsDisallowed" xlink:type="arc"/>
      <link:loc xlink:href="../full/ct-DR-2013-07-21.xsd#ct-DR_ManagementExpensesExpensesOfPeriodManagementExpensesProvisions" xlink:label="lbl_ManagementExpensesExpensesOfPeriodManagementExpensesProvisions" xlink:type="locator"/>
      <link:presentationArc order="33.0" xlink:arcrole="http://www.xbrl.org/2003/arcrole/parent-child" xlink:from="lbl_ManagementExpensesExpensesOfPeriod" xlink:to="lbl_ManagementExpensesExpensesOfPeriodManagementExpensesProvisions" xlink:type="arc"/>
      <link:loc xlink:href="../full/ct-DR-2013-07-21.xsd#ct-DR_ManagementExpensesExpensesOfPeriodManagementExpensesProvisionsDisallowed" xlink:label="lbl_ManagementExpensesExpensesOfPeriodManagementExpensesProvisionsDisallowed" xlink:type="locator"/>
      <link:presentationArc order="34.0" xlink:arcrole="http://www.xbrl.org/2003/arcrole/parent-child" xlink:from="lbl_ManagementExpensesExpensesOfPeriod" xlink:to="lbl_ManagementExpensesExpensesOfPeriodManagementExpensesProvisionsDisallowed" xlink:type="arc"/>
      <link:loc xlink:href="../full/ct-DR-2013-07-21.xsd#ct-DR_ManagementExpensesExpensesOfPeriodManagementExpensesRecharges" xlink:label="lbl_ManagementExpensesExpensesOfPeriodManagementExpensesRecharges" xlink:type="locator"/>
      <link:presentationArc order="35.0" xlink:arcrole="http://www.xbrl.org/2003/arcrole/parent-child" xlink:from="lbl_ManagementExpensesExpensesOfPeriod" xlink:to="lbl_ManagementExpensesExpensesOfPeriodManagementExpensesRecharges" xlink:type="arc"/>
      <link:loc xlink:href="../full/ct-DR-2013-07-21.xsd#ct-DR_ManagementExpensesExpensesOfPeriodManagementExpensesRechargesNotTaxable" xlink:label="lbl_ManagementExpensesExpensesOfPeriodManagementExpensesRechargesNotTaxable" xlink:type="locator"/>
      <link:presentationArc order="36.0" xlink:arcrole="http://www.xbrl.org/2003/arcrole/parent-child" xlink:from="lbl_ManagementExpensesExpensesOfPeriod" xlink:to="lbl_ManagementExpensesExpensesOfPeriodManagementExpensesRechargesNotTaxable" xlink:type="arc"/>
      <link:loc xlink:href="../full/ct-DR-2013-07-21.xsd#ct-DR_ManagementExpensesExpensesOfPeriodManagementExpensesRecruitmentAndTemporaryStaff" xlink:label="lbl_ManagementExpensesExpensesOfPeriodManagementExpensesRecruitmentAndTemporaryStaff" xlink:type="locator"/>
      <link:presentationArc order="37.0" xlink:arcrole="http://www.xbrl.org/2003/arcrole/parent-child" xlink:from="lbl_ManagementExpensesExpensesOfPeriod" xlink:to="lbl_ManagementExpensesExpensesOfPeriodManagementExpensesRecruitmentAndTemporaryStaff" xlink:type="arc"/>
      <link:loc xlink:href="../full/ct-DR-2013-07-21.xsd#ct-DR_ManagementExpensesExpensesOfPeriodManagementExpensesRecruitmentAndTemporaryStaffDisallowed" xlink:label="lbl_ManagementExpensesExpensesOfPeriodManagementExpensesRecruitmentAndTemporaryStaffDisallowed" xlink:type="locator"/>
      <link:presentationArc order="38.0" xlink:arcrole="http://www.xbrl.org/2003/arcrole/parent-child" xlink:from="lbl_ManagementExpensesExpensesOfPeriod" xlink:to="lbl_ManagementExpensesExpensesOfPeriodManagementExpensesRecruitmentAndTemporaryStaffDisallowed" xlink:type="arc"/>
      <link:loc xlink:href="../full/ct-DR-2013-07-21.xsd#ct-DR_ManagementExpensesExpensesOfPeriodManagementExpensesRecruitmentFees" xlink:label="lbl_ManagementExpensesExpensesOfPeriodManagementExpensesRecruitmentFees" xlink:type="locator"/>
      <link:presentationArc order="39.0" xlink:arcrole="http://www.xbrl.org/2003/arcrole/parent-child" xlink:from="lbl_ManagementExpensesExpensesOfPeriod" xlink:to="lbl_ManagementExpensesExpensesOfPeriodManagementExpensesRecruitmentFees" xlink:type="arc"/>
      <link:loc xlink:href="../full/ct-DR-2013-07-21.xsd#ct-DR_ManagementExpensesExpensesOfPeriodManagementExpensesRecruitmentFeesDisallowed" xlink:label="lbl_ManagementExpensesExpensesOfPeriodManagementExpensesRecruitmentFeesDisallowed" xlink:type="locator"/>
      <link:presentationArc order="40.0" xlink:arcrole="http://www.xbrl.org/2003/arcrole/parent-child" xlink:from="lbl_ManagementExpensesExpensesOfPeriod" xlink:to="lbl_ManagementExpensesExpensesOfPeriodManagementExpensesRecruitmentFeesDisallowed" xlink:type="arc"/>
      <link:loc xlink:href="../full/ct-DR-2013-07-21.xsd#ct-DR_ManagementExpensesExpensesOfPeriodManagementExpensesRentRatesHeatLight" xlink:label="lbl_ManagementExpensesExpensesOfPeriodManagementExpensesRentRatesHeatLight" xlink:type="locator"/>
      <link:presentationArc order="41.0" xlink:arcrole="http://www.xbrl.org/2003/arcrole/parent-child" xlink:from="lbl_ManagementExpensesExpensesOfPeriod" xlink:to="lbl_ManagementExpensesExpensesOfPeriodManagementExpensesRentRatesHeatLight" xlink:type="arc"/>
      <link:loc xlink:href="../full/ct-DR-2013-07-21.xsd#ct-DR_ManagementExpensesExpensesOfPeriodManagementExpensesRentRatesHeatLightDisallowed" xlink:label="lbl_ManagementExpensesExpensesOfPeriodManagementExpensesRentRatesHeatLightDisallowed" xlink:type="locator"/>
      <link:presentationArc order="42.0" xlink:arcrole="http://www.xbrl.org/2003/arcrole/parent-child" xlink:from="lbl_ManagementExpensesExpensesOfPeriod" xlink:to="lbl_ManagementExpensesExpensesOfPeriodManagementExpensesRentRatesHeatLightDisallowed" xlink:type="arc"/>
      <link:loc xlink:href="../full/ct-DR-2013-07-21.xsd#ct-DR_ManagementExpensesExpensesOfPeriodManagementExpensesReorganisationCosts" xlink:label="lbl_ManagementExpensesExpensesOfPeriodManagementExpensesReorganisationCosts" xlink:type="locator"/>
      <link:presentationArc order="43.0" xlink:arcrole="http://www.xbrl.org/2003/arcrole/parent-child" xlink:from="lbl_ManagementExpensesExpensesOfPeriod" xlink:to="lbl_ManagementExpensesExpensesOfPeriodManagementExpensesReorganisationCosts" xlink:type="arc"/>
      <link:loc xlink:href="../full/ct-DR-2013-07-21.xsd#ct-DR_ManagementExpensesExpensesOfPeriodManagementExpensesReorganisationCostsDisallowed" xlink:label="lbl_ManagementExpensesExpensesOfPeriodManagementExpensesReorganisationCostsDisallowed" xlink:type="locator"/>
      <link:presentationArc order="44.0" xlink:arcrole="http://www.xbrl.org/2003/arcrole/parent-child" xlink:from="lbl_ManagementExpensesExpensesOfPeriod" xlink:to="lbl_ManagementExpensesExpensesOfPeriodManagementExpensesReorganisationCostsDisallowed" xlink:type="arc"/>
      <link:loc xlink:href="../full/ct-DR-2013-07-21.xsd#ct-DR_ManagementExpensesExpensesOfPeriodManagementExpensesRepairsAndMaintenance" xlink:label="lbl_ManagementExpensesExpensesOfPeriodManagementExpensesRepairsAndMaintenance" xlink:type="locator"/>
      <link:presentationArc order="45.0" xlink:arcrole="http://www.xbrl.org/2003/arcrole/parent-child" xlink:from="lbl_ManagementExpensesExpensesOfPeriod" xlink:to="lbl_ManagementExpensesExpensesOfPeriodManagementExpensesRepairsAndMaintenance" xlink:type="arc"/>
      <link:loc xlink:href="../full/ct-DR-2013-07-21.xsd#ct-DR_ManagementExpensesExpensesOfPeriodManagementExpensesRepairsAndMaintenanceDisallowed" xlink:label="lbl_ManagementExpensesExpensesOfPeriodManagementExpensesRepairsAndMaintenanceDisallowed" xlink:type="locator"/>
      <link:presentationArc order="46.0" xlink:arcrole="http://www.xbrl.org/2003/arcrole/parent-child" xlink:from="lbl_ManagementExpensesExpensesOfPeriod" xlink:to="lbl_ManagementExpensesExpensesOfPeriodManagementExpensesRepairsAndMaintenanceDisallowed" xlink:type="arc"/>
      <link:loc xlink:href="../full/ct-DR-2013-07-21.xsd#ct-DR_ManagementExpensesExpensesOfPeriodManagementExpensesRepairsAndRenewals" xlink:label="lbl_ManagementExpensesExpensesOfPeriodManagementExpensesRepairsAndRenewals" xlink:type="locator"/>
      <link:presentationArc order="47.0" xlink:arcrole="http://www.xbrl.org/2003/arcrole/parent-child" xlink:from="lbl_ManagementExpensesExpensesOfPeriod" xlink:to="lbl_ManagementExpensesExpensesOfPeriodManagementExpensesRepairsAndRenewals" xlink:type="arc"/>
      <link:loc xlink:href="../full/ct-DR-2013-07-21.xsd#ct-DR_ManagementExpensesExpensesOfPeriodManagementExpensesRepairsAndRenewalsDisallowed" xlink:label="lbl_ManagementExpensesExpensesOfPeriodManagementExpensesRepairsAndRenewalsDisallowed" xlink:type="locator"/>
      <link:presentationArc order="48.0" xlink:arcrole="http://www.xbrl.org/2003/arcrole/parent-child" xlink:from="lbl_ManagementExpensesExpensesOfPeriod" xlink:to="lbl_ManagementExpensesExpensesOfPeriodManagementExpensesRepairsAndRenewalsDisallowed" xlink:type="arc"/>
      <link:loc xlink:href="../full/ct-DR-2013-07-21.xsd#ct-DR_ManagementExpensesExpensesOfPeriodManagementExpensesStationeryPostTelephone" xlink:label="lbl_ManagementExpensesExpensesOfPeriodManagementExpensesStationeryPostTelephone" xlink:type="locator"/>
      <link:presentationArc order="49.0" xlink:arcrole="http://www.xbrl.org/2003/arcrole/parent-child" xlink:from="lbl_ManagementExpensesExpensesOfPeriod" xlink:to="lbl_ManagementExpensesExpensesOfPeriodManagementExpensesStationeryPostTelephone" xlink:type="arc"/>
      <link:loc xlink:href="../full/ct-DR-2013-07-21.xsd#ct-DR_ManagementExpensesExpensesOfPeriodManagementExpensesStationeryPostTelephoneDisallowed" xlink:label="lbl_ManagementExpensesExpensesOfPeriodManagementExpensesStationeryPostTelephoneDisallowed" xlink:type="locator"/>
      <link:presentationArc order="50.0" xlink:arcrole="http://www.xbrl.org/2003/arcrole/parent-child" xlink:from="lbl_ManagementExpensesExpensesOfPeriod" xlink:to="lbl_ManagementExpensesExpensesOfPeriodManagementExpensesStationeryPostTelephoneDisallowed" xlink:type="arc"/>
      <link:loc xlink:href="../full/ct-DR-2013-07-21.xsd#ct-DR_ManagementExpensesExpensesOfPeriodManagementExpensesStockExchangeAndListingCosts" xlink:label="lbl_ManagementExpensesExpensesOfPeriodManagementExpensesStockExchangeAndListingCosts" xlink:type="locator"/>
      <link:presentationArc order="51.0" xlink:arcrole="http://www.xbrl.org/2003/arcrole/parent-child" xlink:from="lbl_ManagementExpensesExpensesOfPeriod" xlink:to="lbl_ManagementExpensesExpensesOfPeriodManagementExpensesStockExchangeAndListingCosts" xlink:type="arc"/>
      <link:loc xlink:href="../full/ct-DR-2013-07-21.xsd#ct-DR_ManagementExpensesExpensesOfPeriodManagementExpensesStockExchangeAndListingCostsDisallowed" xlink:label="lbl_ManagementExpensesExpensesOfPeriodManagementExpensesStockExchangeAndListingCostsDisallowed" xlink:type="locator"/>
      <link:presentationArc order="52.0" xlink:arcrole="http://www.xbrl.org/2003/arcrole/parent-child" xlink:from="lbl_ManagementExpensesExpensesOfPeriod" xlink:to="lbl_ManagementExpensesExpensesOfPeriodManagementExpensesStockExchangeAndListingCostsDisallowed" xlink:type="arc"/>
      <link:loc xlink:href="../full/ct-DR-2013-07-21.xsd#ct-DR_ManagementExpensesExpensesOfPeriodManagementExpensesSundries" xlink:label="lbl_ManagementExpensesExpensesOfPeriodManagementExpensesSundries" xlink:type="locator"/>
      <link:presentationArc order="53.0" xlink:arcrole="http://www.xbrl.org/2003/arcrole/parent-child" xlink:from="lbl_ManagementExpensesExpensesOfPeriod" xlink:to="lbl_ManagementExpensesExpensesOfPeriodManagementExpensesSundries" xlink:type="arc"/>
      <link:loc xlink:href="../full/ct-DR-2013-07-21.xsd#ct-DR_ManagementExpensesExpensesOfPeriodManagementExpensesSundriesDisallowed" xlink:label="lbl_ManagementExpensesExpensesOfPeriodManagementExpensesSundriesDisallowed" xlink:type="locator"/>
      <link:presentationArc order="54.0" xlink:arcrole="http://www.xbrl.org/2003/arcrole/parent-child" xlink:from="lbl_ManagementExpensesExpensesOfPeriod" xlink:to="lbl_ManagementExpensesExpensesOfPeriodManagementExpensesSundriesDisallowed" xlink:type="arc"/>
      <link:loc xlink:href="../full/ct-DR-2013-07-21.xsd#ct-DR_ManagementExpensesExpensesOfPeriodManagementExpensesTrainingCosts" xlink:label="lbl_ManagementExpensesExpensesOfPeriodManagementExpensesTrainingCosts" xlink:type="locator"/>
      <link:presentationArc order="55.0" xlink:arcrole="http://www.xbrl.org/2003/arcrole/parent-child" xlink:from="lbl_ManagementExpensesExpensesOfPeriod" xlink:to="lbl_ManagementExpensesExpensesOfPeriodManagementExpensesTrainingCosts" xlink:type="arc"/>
      <link:loc xlink:href="../full/ct-DR-2013-07-21.xsd#ct-DR_ManagementExpensesExpensesOfPeriodManagementExpensesTrainingCostsDisallowed" xlink:label="lbl_ManagementExpensesExpensesOfPeriodManagementExpensesTrainingCostsDisallowed" xlink:type="locator"/>
      <link:presentationArc order="56.0" xlink:arcrole="http://www.xbrl.org/2003/arcrole/parent-child" xlink:from="lbl_ManagementExpensesExpensesOfPeriod" xlink:to="lbl_ManagementExpensesExpensesOfPeriodManagementExpensesTrainingCostsDisallowed" xlink:type="arc"/>
      <link:loc xlink:href="../full/ct-DR-2013-07-21.xsd#ct-DR_ManagementExpensesExpensesOfPeriodManagementExpensesTravelAndSubsistence" xlink:label="lbl_ManagementExpensesExpensesOfPeriodManagementExpensesTravelAndSubsistence" xlink:type="locator"/>
      <link:presentationArc order="57.0" xlink:arcrole="http://www.xbrl.org/2003/arcrole/parent-child" xlink:from="lbl_ManagementExpensesExpensesOfPeriod" xlink:to="lbl_ManagementExpensesExpensesOfPeriodManagementExpensesTravelAndSubsistence" xlink:type="arc"/>
      <link:loc xlink:href="../full/ct-DR-2013-07-21.xsd#ct-DR_ManagementExpensesExpensesOfPeriodManagementExpensesTravelAndSubsistenceDisallowed" xlink:label="lbl_ManagementExpensesExpensesOfPeriodManagementExpensesTravelAndSubsistenceDisallowed" xlink:type="locator"/>
      <link:presentationArc order="58.0" xlink:arcrole="http://www.xbrl.org/2003/arcrole/parent-child" xlink:from="lbl_ManagementExpensesExpensesOfPeriod" xlink:to="lbl_ManagementExpensesExpensesOfPeriodManagementExpensesTravelAndSubsistenceDisallowed" xlink:type="arc"/>
      <link:loc xlink:href="../full/ct-DR-2013-07-21.xsd#ct-DR_ManagementExpensesExpensesOfPeriodManagementExpensesChangeOfBasisandOtherAccountingAdjustment" xlink:label="lbl_ManagementExpensesExpensesOfPeriodManagementExpensesChangeOfBasisandOtherAccountingAdjustment" xlink:type="locator"/>
      <link:presentationArc order="59.0" xlink:arcrole="http://www.xbrl.org/2003/arcrole/parent-child" xlink:from="lbl_ManagementExpensesExpensesOfPeriod" xlink:to="lbl_ManagementExpensesExpensesOfPeriodManagementExpensesChangeOfBasisandOtherAccountingAdjustment" xlink:type="arc"/>
      <link:loc xlink:href="../full/ct-DR-2013-07-21.xsd#ct-DR_ManagementExpensesExpensesOfPeriodManagementExpensesTransferPricingAdjustment" xlink:label="lbl_ManagementExpensesExpensesOfPeriodManagementExpensesTransferPricingAdjustment" xlink:type="locator"/>
      <link:presentationArc order="60.0" xlink:arcrole="http://www.xbrl.org/2003/arcrole/parent-child" xlink:from="lbl_ManagementExpensesExpensesOfPeriod" xlink:to="lbl_ManagementExpensesExpensesOfPeriodManagementExpensesTransferPricingAdjustment" xlink:type="arc"/>
      <link:loc xlink:href="../full/ct-DR-2013-07-21.xsd#ct-DR_ManagementExpensesExpensesOfPeriodManagementExpensesTotal" xlink:label="lbl_ManagementExpensesExpensesOfPeriodManagementExpensesTotal" xlink:type="locator"/>
      <link:presentationArc order="61.0" xlink:arcrole="http://www.xbrl.org/2003/arcrole/parent-child" xlink:from="lbl_ManagementExpensesExpensesOfPeriod" xlink:to="lbl_ManagementExpensesExpensesOfPeriodManagementExpensesTotal" xlink:type="arc"/>
      <link:loc xlink:href="../full/ct-DR-2013-07-21.xsd#ct-DR_ManagementExpensesExpensesOfPeriodManagementExpensesTotalDisallowed" xlink:label="lbl_ManagementExpensesExpensesOfPeriodManagementExpensesTotalDisallowed" xlink:type="locator"/>
      <link:presentationArc order="62.0" xlink:arcrole="http://www.xbrl.org/2003/arcrole/parent-child" xlink:from="lbl_ManagementExpensesExpensesOfPeriod" xlink:to="lbl_ManagementExpensesExpensesOfPeriodManagementExpensesTotalDisallowed" xlink:type="arc"/>
      <link:loc xlink:href="../full/ct-DR-2013-07-21.xsd#ct-DR_ManagementExpensesExpensesOfPeriodManagementExpenses" xlink:label="lbl_ManagementExpensesExpensesOfPeriodManagementExpenses" xlink:type="locator"/>
      <link:presentationArc order="63.0" xlink:arcrole="http://www.xbrl.org/2003/arcrole/parent-child" xlink:from="lbl_ManagementExpensesExpensesOfPeriod" xlink:to="lbl_ManagementExpensesExpensesOfPeriodManagementExpenses" xlink:type="arc"/>
      <link:loc xlink:href="../full/ct-DR-2013-07-21.xsd#ct-DR_ManagementExpensesCapitalAllowancesSummaryNetAllowancesOrCharges" xlink:label="lbl_ManagementExpensesCapitalAllowancesSummaryNetAllowancesOrCharges" xlink:type="locator"/>
      <link:presentationArc order="64.0" xlink:arcrole="http://www.xbrl.org/2003/arcrole/parent-child" xlink:from="lbl_ManagementExpensesExpensesOfPeriod" xlink:to="lbl_ManagementExpensesCapitalAllowancesSummaryNetAllowancesOrCharges" xlink:type="arc"/>
      <link:loc xlink:href="../full/ct-DR-2013-07-21.xsd#ct-DR_ManagementExpensesExpensesOfPeriodTotalExpenses" xlink:label="lbl_ManagementExpensesExpensesOfPeriodTotalExpenses" xlink:type="locator"/>
      <link:presentationArc order="65.0" xlink:arcrole="http://www.xbrl.org/2003/arcrole/parent-child" xlink:from="lbl_ManagementExpensesExpensesOfPeriod" xlink:to="lbl_ManagementExpensesExpensesOfPeriodTotalExpenses" xlink:type="arc"/>
      <link:loc xlink:href="../full/ct-DR-2013-07-21.xsd#ct-DR_ManagementExpensesExpensesOfPeriodExpensiveLeasedCarDisallowance" xlink:label="lbl_ManagementExpensesExpensesOfPeriodExpensiveLeasedCarDisallowance" xlink:type="locator"/>
      <link:presentationArc order="66.0" xlink:arcrole="http://www.xbrl.org/2003/arcrole/parent-child" xlink:from="lbl_ManagementExpensesExpensesOfPeriod" xlink:to="lbl_ManagementExpensesExpensesOfPeriodExpensiveLeasedCarDisallowance" xlink:type="arc"/>
      <link:loc xlink:href="../full/ct-DR-2013-07-21.xsd#ct-DR_ManagementExpensesExpensesOfPeriodRestriction" xlink:label="lbl_ManagementExpensesExpensesOfPeriodRestriction" xlink:type="locator"/>
      <link:presentationArc order="67.0" xlink:arcrole="http://www.xbrl.org/2003/arcrole/parent-child" xlink:from="lbl_ManagementExpensesExpensesOfPeriod" xlink:to="lbl_ManagementExpensesExpensesOfPeriodRestriction" xlink:type="arc"/>
      <link:presentationArc order="68.0" xlink:arcrole="http://www.xbrl.org/2003/arcrole/parent-child" xlink:from="lbl_ManagementExpensesExpensesOfPeriod" xlink:to="lbl_ManagementExpensesArisingThisPeriod" xlink:type="arc"/>
      <link:loc xlink:href="../full/ct-DR-2013-07-21.xsd#ct-DR_ManagementExpensesCapitalAllowancesSummary" xlink:label="lbl_ManagementExpensesCapitalAllowancesSummary" xlink:type="locator"/>
      <link:presentationArc order="3.0" xlink:arcrole="http://www.xbrl.org/2003/arcrole/parent-child" xlink:from="lbl_ManagementExpenses" xlink:to="lbl_ManagementExpensesCapitalAllowancesSummary" xlink:type="arc"/>
      <link:loc xlink:href="../full/ct-DR-2013-07-21.xsd#ct-DR_ManagementExpensesCapitalAllowancesSummaryCharges" xlink:label="lbl_ManagementExpensesCapitalAllowancesSummaryCharges" xlink:type="locator"/>
      <link:presentationArc order="1.0" xlink:arcrole="http://www.xbrl.org/2003/arcrole/parent-child" xlink:from="lbl_ManagementExpensesCapitalAllowancesSummary" xlink:to="lbl_ManagementExpensesCapitalAllowancesSummaryCharges" xlink:type="arc"/>
      <link:loc xlink:href="../full/ct-DR-2013-07-21.xsd#ct-DR_ManagementExpensesCapitalAllowancesSummaryTotalBalancingCharges" xlink:label="lbl_ManagementExpensesCapitalAllowancesSummaryTotalBalancingCharges" xlink:type="locator"/>
      <link:presentationArc order="1.0" xlink:arcrole="http://www.xbrl.org/2003/arcrole/parent-child" xlink:from="lbl_ManagementExpensesCapitalAllowancesSummaryCharges" xlink:to="lbl_ManagementExpensesCapitalAllowancesSummaryTotalBalancingCharges" xlink:type="arc"/>
      <link:loc xlink:href="../full/ct-DR-2013-07-21.xsd#ct-DR_ManagementExpensesCapitalAllowancesSummaryAllowances" xlink:label="lbl_ManagementExpensesCapitalAllowancesSummaryAllowances" xlink:type="locator"/>
      <link:presentationArc order="2.0" xlink:arcrole="http://www.xbrl.org/2003/arcrole/parent-child" xlink:from="lbl_ManagementExpensesCapitalAllowancesSummary" xlink:to="lbl_ManagementExpensesCapitalAllowancesSummaryAllowances" xlink:type="arc"/>
      <link:presentationArc order="1.0" xlink:arcrole="http://www.xbrl.org/2003/arcrole/parent-child" xlink:from="lbl_ManagementExpensesCapitalAllowancesSummaryAllowances" xlink:to="lbl_ManagementExpensesCapitalAllowancesSummaryTotalBalancingCharges" xlink:type="arc"/>
      <link:presentationArc order="2.0" xlink:arcrole="http://www.xbrl.org/2003/arcrole/parent-child" xlink:from="lbl_ManagementExpensesCapitalAllowancesSummaryAllowances" xlink:to="lbl_ManagementExpensesCapitalAllowancesSummaryNetAllowancesOrCharges" xlink:type="arc"/>
      <link:loc xlink:href="../full/ct-DR-2013-07-21.xsd#ct-DR_ManagementExpensesPMAGeneralPool" xlink:label="lbl_ManagementExpensesPMAGeneralPool" xlink:type="locator"/>
      <link:presentationArc order="4.0" xlink:arcrole="http://www.xbrl.org/2003/arcrole/parent-child" xlink:from="lbl_ManagementExpenses" xlink:to="lbl_ManagementExpensesPMAGeneralPool" xlink:type="arc"/>
      <link:loc xlink:href="../full/ct-DR-2013-07-21.xsd#ct-DR_ManagementExpensesPMAGeneralPoolWDVBF" xlink:label="lbl_ManagementExpensesPMAGeneralPoolWDVBF" xlink:type="locator"/>
      <link:presentationArc order="1.0" xlink:arcrole="http://www.xbrl.org/2003/arcrole/parent-child" xlink:from="lbl_ManagementExpensesPMAGeneralPool" xlink:to="lbl_ManagementExpensesPMAGeneralPoolWDVBF" xlink:type="arc"/>
      <link:loc xlink:href="../full/ct-DR-2013-07-21.xsd#ct-DR_ManagementExpensesPMAGeneralPoolRelevantFirstYearExpenditure" xlink:label="lbl_ManagementExpensesPMAGeneralPoolRelevantFirstYearExpenditure" xlink:type="locator"/>
      <link:presentationArc order="2.0" xlink:arcrole="http://www.xbrl.org/2003/arcrole/parent-child" xlink:from="lbl_ManagementExpensesPMAGeneralPool" xlink:to="lbl_ManagementExpensesPMAGeneralPoolRelevantFirstYearExpenditure" xlink:type="arc"/>
      <link:loc xlink:href="../full/ct-DR-2013-07-21.xsd#ct-DR_ManagementExpensesPMAGeneralPoolOtherExpenditureQualifyingForFYA" xlink:label="lbl_ManagementExpensesPMAGeneralPoolOtherExpenditureQualifyingForFYA" xlink:type="locator"/>
      <link:presentationArc order="3.0" xlink:arcrole="http://www.xbrl.org/2003/arcrole/parent-child" xlink:from="lbl_ManagementExpensesPMAGeneralPool" xlink:to="lbl_ManagementExpensesPMAGeneralPoolOtherExpenditureQualifyingForFYA" xlink:type="arc"/>
      <link:loc xlink:href="../full/ct-DR-2013-07-21.xsd#ct-DR_ManagementExpensesPMAGeneralPoolTotalExpenditureQualifyingForFYA" xlink:label="lbl_ManagementExpensesPMAGeneralPoolTotalExpenditureQualifyingForFYA" xlink:type="locator"/>
      <link:presentationArc order="4.0" xlink:arcrole="http://www.xbrl.org/2003/arcrole/parent-child" xlink:from="lbl_ManagementExpensesPMAGeneralPool" xlink:to="lbl_ManagementExpensesPMAGeneralPoolTotalExpenditureQualifyingForFYA" xlink:type="arc"/>
      <link:loc xlink:href="../full/ct-DR-2013-07-21.xsd#ct-DR_ManagementExpensesPMAGeneralPoolExpenditureQualifyingForWDA" xlink:label="lbl_ManagementExpensesPMAGeneralPoolExpenditureQualifyingForWDA" xlink:type="locator"/>
      <link:presentationArc order="5.0" xlink:arcrole="http://www.xbrl.org/2003/arcrole/parent-child" xlink:from="lbl_ManagementExpensesPMAGeneralPool" xlink:to="lbl_ManagementExpensesPMAGeneralPoolExpenditureQualifyingForWDA" xlink:type="arc"/>
      <link:loc xlink:href="../full/ct-DR-2013-07-21.xsd#ct-DR_ManagementExpensesPMAGeneralPoolExpenditureQualifyingTotal" xlink:label="lbl_ManagementExpensesPMAGeneralPoolExpenditureQualifyingTotal" xlink:type="locator"/>
      <link:presentationArc order="6.0" xlink:arcrole="http://www.xbrl.org/2003/arcrole/parent-child" xlink:from="lbl_ManagementExpensesPMAGeneralPool" xlink:to="lbl_ManagementExpensesPMAGeneralPoolExpenditureQualifyingTotal" xlink:type="arc"/>
      <link:loc xlink:href="../full/ct-DR-2013-07-21.xsd#ct-DR_ManagementExpensesPMAGeneralPoolExpenditureQualifyingForAIA" xlink:label="lbl_ManagementExpensesPMAGeneralPoolExpenditureQualifyingForAIA" xlink:type="locator"/>
      <link:presentationArc order="7.0" xlink:arcrole="http://www.xbrl.org/2003/arcrole/parent-child" xlink:from="lbl_ManagementExpensesPMAGeneralPool" xlink:to="lbl_ManagementExpensesPMAGeneralPoolExpenditureQualifyingForAIA" xlink:type="arc"/>
      <link:loc xlink:href="../full/ct-DR-2013-07-21.xsd#ct-DR_ManagementExpensesPMAGeneralPoolTotalDisposalReceipts" xlink:label="lbl_ManagementExpensesPMAGeneralPoolTotalDisposalReceipts" xlink:type="locator"/>
      <link:presentationArc order="8.0" xlink:arcrole="http://www.xbrl.org/2003/arcrole/parent-child" xlink:from="lbl_ManagementExpensesPMAGeneralPool" xlink:to="lbl_ManagementExpensesPMAGeneralPoolTotalDisposalReceipts" xlink:type="arc"/>
      <link:loc xlink:href="../full/ct-DR-2013-07-21.xsd#ct-DR_ManagementExpensesPMAGeneralPoolBalancingCharge" xlink:label="lbl_ManagementExpensesPMAGeneralPoolBalancingCharge" xlink:type="locator"/>
      <link:presentationArc order="9.0" xlink:arcrole="http://www.xbrl.org/2003/arcrole/parent-child" xlink:from="lbl_ManagementExpensesPMAGeneralPool" xlink:to="lbl_ManagementExpensesPMAGeneralPoolBalancingCharge" xlink:type="arc"/>
      <link:loc xlink:href="../full/ct-DR-2013-07-21.xsd#ct-DR_ManagementExpensesPMAGeneralPoolFYAInRespectOfRelevantFYAExpenditure" xlink:label="lbl_ManagementExpensesPMAGeneralPoolFYAInRespectOfRelevantFYAExpenditure" xlink:type="locator"/>
      <link:presentationArc order="10.0" xlink:arcrole="http://www.xbrl.org/2003/arcrole/parent-child" xlink:from="lbl_ManagementExpensesPMAGeneralPool" xlink:to="lbl_ManagementExpensesPMAGeneralPoolFYAInRespectOfRelevantFYAExpenditure" xlink:type="arc"/>
      <link:loc xlink:href="../full/ct-DR-2013-07-21.xsd#ct-DR_ManagementExpensesPMAGeneralPoolOtherFirstYearAllowances" xlink:label="lbl_ManagementExpensesPMAGeneralPoolOtherFirstYearAllowances" xlink:type="locator"/>
      <link:presentationArc order="11.0" xlink:arcrole="http://www.xbrl.org/2003/arcrole/parent-child" xlink:from="lbl_ManagementExpensesPMAGeneralPool" xlink:to="lbl_ManagementExpensesPMAGeneralPoolOtherFirstYearAllowances" xlink:type="arc"/>
      <link:loc xlink:href="../full/ct-DR-2013-07-21.xsd#ct-DR_ManagementExpensesPMAGeneralPoolTotalFirstYearAllowances" xlink:label="lbl_ManagementExpensesPMAGeneralPoolTotalFirstYearAllowances" xlink:type="locator"/>
      <link:presentationArc order="12.0" xlink:arcrole="http://www.xbrl.org/2003/arcrole/parent-child" xlink:from="lbl_ManagementExpensesPMAGeneralPool" xlink:to="lbl_ManagementExpensesPMAGeneralPoolTotalFirstYearAllowances" xlink:type="arc"/>
      <link:loc xlink:href="../full/ct-DR-2013-07-21.xsd#ct-DR_ManagementExpensesPMAGeneralPoolAnnualInvestmentAllowance" xlink:label="lbl_ManagementExpensesPMAGeneralPoolAnnualInvestmentAllowance" xlink:type="locator"/>
      <link:presentationArc order="13.0" xlink:arcrole="http://www.xbrl.org/2003/arcrole/parent-child" xlink:from="lbl_ManagementExpensesPMAGeneralPool" xlink:to="lbl_ManagementExpensesPMAGeneralPoolAnnualInvestmentAllowance" xlink:type="arc"/>
      <link:loc xlink:href="../full/ct-DR-2013-07-21.xsd#ct-DR_ManagementExpensesPMAGeneralPoolWritingDownAllowances" xlink:label="lbl_ManagementExpensesPMAGeneralPoolWritingDownAllowances" xlink:type="locator"/>
      <link:presentationArc order="14.0" xlink:arcrole="http://www.xbrl.org/2003/arcrole/parent-child" xlink:from="lbl_ManagementExpensesPMAGeneralPool" xlink:to="lbl_ManagementExpensesPMAGeneralPoolWritingDownAllowances" xlink:type="arc"/>
      <link:loc xlink:href="../full/ct-DR-2013-07-21.xsd#ct-DR_ManagementExpensesPMAGeneralPoolBalancingAllowances" xlink:label="lbl_ManagementExpensesPMAGeneralPoolBalancingAllowances" xlink:type="locator"/>
      <link:presentationArc order="15.0" xlink:arcrole="http://www.xbrl.org/2003/arcrole/parent-child" xlink:from="lbl_ManagementExpensesPMAGeneralPool" xlink:to="lbl_ManagementExpensesPMAGeneralPoolBalancingAllowances" xlink:type="arc"/>
      <link:loc xlink:href="../full/ct-DR-2013-07-21.xsd#ct-DR_ManagementExpensesPMAGeneralPoolTotalFYAAndWDA" xlink:label="lbl_ManagementExpensesPMAGeneralPoolTotalFYAAndWDA" xlink:type="locator"/>
      <link:presentationArc order="16.0" xlink:arcrole="http://www.xbrl.org/2003/arcrole/parent-child" xlink:from="lbl_ManagementExpensesPMAGeneralPool" xlink:to="lbl_ManagementExpensesPMAGeneralPoolTotalFYAAndWDA" xlink:type="arc"/>
      <link:loc xlink:href="../full/ct-DR-2013-07-21.xsd#ct-DR_ManagementExpensesPMAGeneralPoolTotalAllowances" xlink:label="lbl_ManagementExpensesPMAGeneralPoolTotalAllowances" xlink:type="locator"/>
      <link:presentationArc order="17.0" xlink:arcrole="http://www.xbrl.org/2003/arcrole/parent-child" xlink:from="lbl_ManagementExpensesPMAGeneralPool" xlink:to="lbl_ManagementExpensesPMAGeneralPoolTotalAllowances" xlink:type="arc"/>
      <link:loc xlink:href="../full/ct-DR-2013-07-21.xsd#ct-DR_ManagementExpensesPMAGeneralPoolWDVCF" xlink:label="lbl_ManagementExpensesPMAGeneralPoolWDVCF" xlink:type="locator"/>
      <link:presentationArc order="18.0" xlink:arcrole="http://www.xbrl.org/2003/arcrole/parent-child" xlink:from="lbl_ManagementExpensesPMAGeneralPool" xlink:to="lbl_ManagementExpensesPMAGeneralPoolWDVCF" xlink:type="arc"/>
      <link:loc xlink:href="../full/ct-DR-2013-07-21.xsd#ct-DR_ManagementExpensesPMAExpensiveCars" xlink:label="lbl_ManagementExpensesPMAExpensiveCars" xlink:type="locator"/>
      <link:presentationArc order="5.0" xlink:arcrole="http://www.xbrl.org/2003/arcrole/parent-child" xlink:from="lbl_ManagementExpenses" xlink:to="lbl_ManagementExpensesPMAExpensiveCars" xlink:type="arc"/>
      <link:loc xlink:href="../full/ct-DR-2013-07-21.xsd#ct-DR_ManagementExpensesExpensiveCarsTotal" xlink:label="lbl_ManagementExpensesExpensiveCarsTotal" xlink:type="locator"/>
      <link:presentationArc order="1.0" xlink:arcrole="http://www.xbrl.org/2003/arcrole/parent-child" xlink:from="lbl_ManagementExpensesPMAExpensiveCars" xlink:to="lbl_ManagementExpensesExpensiveCarsTotal" xlink:type="arc"/>
      <link:loc xlink:href="../full/ct-DR-2013-07-21.xsd#ct-DR_ManagementExpensesPMAExpensiveCarsNumberOfSingleAssetPools" xlink:label="lbl_ManagementExpensesPMAExpensiveCarsNumberOfSingleAssetPools" xlink:type="locator"/>
      <link:presentationArc order="1.0" xlink:arcrole="http://www.xbrl.org/2003/arcrole/parent-child" xlink:from="lbl_ManagementExpensesExpensiveCarsTotal" xlink:to="lbl_ManagementExpensesPMAExpensiveCarsNumberOfSingleAssetPools" xlink:type="arc"/>
      <link:loc xlink:href="../full/ct-DR-2013-07-21.xsd#ct-DR_ManagementExpensesPMAExpensiveCarsSummaryWDVBFTotal" xlink:label="lbl_ManagementExpensesPMAExpensiveCarsSummaryWDVBFTotal" xlink:type="locator"/>
      <link:presentationArc order="2.0" xlink:arcrole="http://www.xbrl.org/2003/arcrole/parent-child" xlink:from="lbl_ManagementExpensesExpensiveCarsTotal" xlink:to="lbl_ManagementExpensesPMAExpensiveCarsSummaryWDVBFTotal" xlink:type="arc"/>
      <link:loc xlink:href="../full/ct-DR-2013-07-21.xsd#ct-DR_ManagementExpensesPMAExpensiveCarsExpenditureQualifyingForWDATotal" xlink:label="lbl_ManagementExpensesPMAExpensiveCarsExpenditureQualifyingForWDATotal" xlink:type="locator"/>
      <link:presentationArc order="3.0" xlink:arcrole="http://www.xbrl.org/2003/arcrole/parent-child" xlink:from="lbl_ManagementExpensesExpensiveCarsTotal" xlink:to="lbl_ManagementExpensesPMAExpensiveCarsExpenditureQualifyingForWDATotal" xlink:type="arc"/>
      <link:loc xlink:href="../full/ct-DR-2013-07-21.xsd#ct-DR_ManagementExpensesPMAExpensiveCarsTotalDisposalReceiptsTotal" xlink:label="lbl_ManagementExpensesPMAExpensiveCarsTotalDisposalReceiptsTotal" xlink:type="locator"/>
      <link:presentationArc order="4.0" xlink:arcrole="http://www.xbrl.org/2003/arcrole/parent-child" xlink:from="lbl_ManagementExpensesExpensiveCarsTotal" xlink:to="lbl_ManagementExpensesPMAExpensiveCarsTotalDisposalReceiptsTotal" xlink:type="arc"/>
      <link:loc xlink:href="../full/ct-DR-2013-07-21.xsd#ct-DR_ManagementExpensesPMAExpensiveCarsWritingDownAllowancesTotal" xlink:label="lbl_ManagementExpensesPMAExpensiveCarsWritingDownAllowancesTotal" xlink:type="locator"/>
      <link:presentationArc order="5.0" xlink:arcrole="http://www.xbrl.org/2003/arcrole/parent-child" xlink:from="lbl_ManagementExpensesExpensiveCarsTotal" xlink:to="lbl_ManagementExpensesPMAExpensiveCarsWritingDownAllowancesTotal" xlink:type="arc"/>
      <link:loc xlink:href="../full/ct-DR-2013-07-21.xsd#ct-DR_ManagementExpensesPMAExpensiveCarsBalancingAllowancesTotal" xlink:label="lbl_ManagementExpensesPMAExpensiveCarsBalancingAllowancesTotal" xlink:type="locator"/>
      <link:presentationArc order="6.0" xlink:arcrole="http://www.xbrl.org/2003/arcrole/parent-child" xlink:from="lbl_ManagementExpensesExpensiveCarsTotal" xlink:to="lbl_ManagementExpensesPMAExpensiveCarsBalancingAllowancesTotal" xlink:type="arc"/>
      <link:loc xlink:href="../full/ct-DR-2013-07-21.xsd#ct-DR_ManagementExpensesPMAExpensiveCarsSummaryTotalAllowancesTotal" xlink:label="lbl_ManagementExpensesPMAExpensiveCarsSummaryTotalAllowancesTotal" xlink:type="locator"/>
      <link:presentationArc order="7.0" xlink:arcrole="http://www.xbrl.org/2003/arcrole/parent-child" xlink:from="lbl_ManagementExpensesExpensiveCarsTotal" xlink:to="lbl_ManagementExpensesPMAExpensiveCarsSummaryTotalAllowancesTotal" xlink:type="arc"/>
      <link:loc xlink:href="../full/ct-DR-2013-07-21.xsd#ct-DR_ManagementExpensesPMAExpensiveCarsSummaryBalancingChargeTotal" xlink:label="lbl_ManagementExpensesPMAExpensiveCarsSummaryBalancingChargeTotal" xlink:type="locator"/>
      <link:presentationArc order="8.0" xlink:arcrole="http://www.xbrl.org/2003/arcrole/parent-child" xlink:from="lbl_ManagementExpensesExpensiveCarsTotal" xlink:to="lbl_ManagementExpensesPMAExpensiveCarsSummaryBalancingChargeTotal" xlink:type="arc"/>
      <link:loc xlink:href="../full/ct-DR-2013-07-21.xsd#ct-DR_ManagementExpensesPMAExpensiveCarsSummaryWDVCFTotal" xlink:label="lbl_ManagementExpensesPMAExpensiveCarsSummaryWDVCFTotal" xlink:type="locator"/>
      <link:presentationArc order="9.0" xlink:arcrole="http://www.xbrl.org/2003/arcrole/parent-child" xlink:from="lbl_ManagementExpensesExpensiveCarsTotal" xlink:to="lbl_ManagementExpensesPMAExpensiveCarsSummaryWDVCFTotal" xlink:type="arc"/>
      <link:loc xlink:href="../full/ct-DR-2013-07-21.xsd#ct-DR_ManagementExpensesPMALongLifeAssets" xlink:label="lbl_ManagementExpensesPMALongLifeAssets" xlink:type="locator"/>
      <link:presentationArc order="6.0" xlink:arcrole="http://www.xbrl.org/2003/arcrole/parent-child" xlink:from="lbl_ManagementExpenses" xlink:to="lbl_ManagementExpensesPMALongLifeAssets" xlink:type="arc"/>
      <link:loc xlink:href="../full/ct-DR-2013-07-21.xsd#ct-DR_ManagementExpensesPMALongLifeAssetsWDVBF" xlink:label="lbl_ManagementExpensesPMALongLifeAssetsWDVBF" xlink:type="locator"/>
      <link:presentationArc order="1.0" xlink:arcrole="http://www.xbrl.org/2003/arcrole/parent-child" xlink:from="lbl_ManagementExpensesPMALongLifeAssets" xlink:to="lbl_ManagementExpensesPMALongLifeAssetsWDVBF" xlink:type="arc"/>
      <link:loc xlink:href="../full/ct-DR-2013-07-21.xsd#ct-DR_ManagementExpensesPMALongLifeAssetsExpenditureQualifyingForWDA" xlink:label="lbl_ManagementExpensesPMALongLifeAssetsExpenditureQualifyingForWDA" xlink:type="locator"/>
      <link:presentationArc order="2.0" xlink:arcrole="http://www.xbrl.org/2003/arcrole/parent-child" xlink:from="lbl_ManagementExpensesPMALongLifeAssets" xlink:to="lbl_ManagementExpensesPMALongLifeAssetsExpenditureQualifyingForWDA" xlink:type="arc"/>
      <link:loc xlink:href="../full/ct-DR-2013-07-21.xsd#ct-DR_ManagementExpensesPMALongLifeAssetsTotalDisposalReceipts" xlink:label="lbl_ManagementExpensesPMALongLifeAssetsTotalDisposalReceipts" xlink:type="locator"/>
      <link:presentationArc order="3.0" xlink:arcrole="http://www.xbrl.org/2003/arcrole/parent-child" xlink:from="lbl_ManagementExpensesPMALongLifeAssets" xlink:to="lbl_ManagementExpensesPMALongLifeAssetsTotalDisposalReceipts" xlink:type="arc"/>
      <link:loc xlink:href="../full/ct-DR-2013-07-21.xsd#ct-DR_ManagementExpensesPMALongLifeAssetsWritingDownAllowances" xlink:label="lbl_ManagementExpensesPMALongLifeAssetsWritingDownAllowances" xlink:type="locator"/>
      <link:presentationArc order="4.0" xlink:arcrole="http://www.xbrl.org/2003/arcrole/parent-child" xlink:from="lbl_ManagementExpensesPMALongLifeAssets" xlink:to="lbl_ManagementExpensesPMALongLifeAssetsWritingDownAllowances" xlink:type="arc"/>
      <link:loc xlink:href="../full/ct-DR-2013-07-21.xsd#ct-DR_ManagementExpensesPMALongLifeAssetsAllowancesBalancingAllowance" xlink:label="lbl_ManagementExpensesPMALongLifeAssetsAllowancesBalancingAllowance" xlink:type="locator"/>
      <link:presentationArc order="5.0" xlink:arcrole="http://www.xbrl.org/2003/arcrole/parent-child" xlink:from="lbl_ManagementExpensesPMALongLifeAssets" xlink:to="lbl_ManagementExpensesPMALongLifeAssetsAllowancesBalancingAllowance" xlink:type="arc"/>
      <link:loc xlink:href="../full/ct-DR-2013-07-21.xsd#ct-DR_ManagementExpensesPMALongLifeAssetsTotalAllowances" xlink:label="lbl_ManagementExpensesPMALongLifeAssetsTotalAllowances" xlink:type="locator"/>
      <link:presentationArc order="6.0" xlink:arcrole="http://www.xbrl.org/2003/arcrole/parent-child" xlink:from="lbl_ManagementExpensesPMALongLifeAssets" xlink:to="lbl_ManagementExpensesPMALongLifeAssetsTotalAllowances" xlink:type="arc"/>
      <link:loc xlink:href="../full/ct-DR-2013-07-21.xsd#ct-DR_ManagementExpensesPMALongLifeAssetsBalancingCharge" xlink:label="lbl_ManagementExpensesPMALongLifeAssetsBalancingCharge" xlink:type="locator"/>
      <link:presentationArc order="7.0" xlink:arcrole="http://www.xbrl.org/2003/arcrole/parent-child" xlink:from="lbl_ManagementExpensesPMALongLifeAssets" xlink:to="lbl_ManagementExpensesPMALongLifeAssetsBalancingCharge" xlink:type="arc"/>
      <link:loc xlink:href="../full/ct-DR-2013-07-21.xsd#ct-DR_ManagementExpensesPMALongLifeAssetsWDVCF" xlink:label="lbl_ManagementExpensesPMALongLifeAssetsWDVCF" xlink:type="locator"/>
      <link:presentationArc order="8.0" xlink:arcrole="http://www.xbrl.org/2003/arcrole/parent-child" xlink:from="lbl_ManagementExpensesPMALongLifeAssets" xlink:to="lbl_ManagementExpensesPMALongLifeAssetsWDVCF" xlink:type="arc"/>
      <link:loc xlink:href="../full/ct-DR-2013-07-21.xsd#ct-DR_ManagementExpensesPMAShortLifeAssets" xlink:label="lbl_ManagementExpensesPMAShortLifeAssets" xlink:type="locator"/>
      <link:presentationArc order="7.0" xlink:arcrole="http://www.xbrl.org/2003/arcrole/parent-child" xlink:from="lbl_ManagementExpenses" xlink:to="lbl_ManagementExpensesPMAShortLifeAssets" xlink:type="arc"/>
      <link:loc xlink:href="../full/ct-DR-2013-07-21.xsd#ct-DR_ManagementExpensesShortLifeAssetsTotal" xlink:label="lbl_ManagementExpensesShortLifeAssetsTotal" xlink:type="locator"/>
      <link:presentationArc order="1.0" xlink:arcrole="http://www.xbrl.org/2003/arcrole/parent-child" xlink:from="lbl_ManagementExpensesPMAShortLifeAssets" xlink:to="lbl_ManagementExpensesShortLifeAssetsTotal" xlink:type="arc"/>
      <link:loc xlink:href="../full/ct-DR-2013-07-21.xsd#ct-DR_ManagementExpensesPMAShortLifeAssetsSummaryNumberOfSingleAssetPools" xlink:label="lbl_ManagementExpensesPMAShortLifeAssetsSummaryNumberOfSingleAssetPools" xlink:type="locator"/>
      <link:presentationArc order="1.0" xlink:arcrole="http://www.xbrl.org/2003/arcrole/parent-child" xlink:from="lbl_ManagementExpensesShortLifeAssetsTotal" xlink:to="lbl_ManagementExpensesPMAShortLifeAssetsSummaryNumberOfSingleAssetPools" xlink:type="arc"/>
      <link:loc xlink:href="../full/ct-DR-2013-07-21.xsd#ct-DR_ManagementExpensesPMAShortLifeAssetsSummaryWDVBFTotal" xlink:label="lbl_ManagementExpensesPMAShortLifeAssetsSummaryWDVBFTotal" xlink:type="locator"/>
      <link:presentationArc order="2.0" xlink:arcrole="http://www.xbrl.org/2003/arcrole/parent-child" xlink:from="lbl_ManagementExpensesShortLifeAssetsTotal" xlink:to="lbl_ManagementExpensesPMAShortLifeAssetsSummaryWDVBFTotal" xlink:type="arc"/>
      <link:loc xlink:href="../full/ct-DR-2013-07-21.xsd#ct-DR_ManagementExpensesPMAShortLifeAssetsSummaryRelevantFirstYearExpenditureTotal" xlink:label="lbl_ManagementExpensesPMAShortLifeAssetsSummaryRelevantFirstYearExpenditureTotal" xlink:type="locator"/>
      <link:presentationArc order="3.0" xlink:arcrole="http://www.xbrl.org/2003/arcrole/parent-child" xlink:from="lbl_ManagementExpensesShortLifeAssetsTotal" xlink:to="lbl_ManagementExpensesPMAShortLifeAssetsSummaryRelevantFirstYearExpenditureTotal" xlink:type="arc"/>
      <link:loc xlink:href="../full/ct-DR-2013-07-21.xsd#ct-DR_ManagementExpensesPMAShortLifeAssetsSummaryOtherExpenditureQualifyingForFYATotal" xlink:label="lbl_ManagementExpensesPMAShortLifeAssetsSummaryOtherExpenditureQualifyingForFYATotal" xlink:type="locator"/>
      <link:presentationArc order="4.0" xlink:arcrole="http://www.xbrl.org/2003/arcrole/parent-child" xlink:from="lbl_ManagementExpensesShortLifeAssetsTotal" xlink:to="lbl_ManagementExpensesPMAShortLifeAssetsSummaryOtherExpenditureQualifyingForFYATotal" xlink:type="arc"/>
      <link:loc xlink:href="../full/ct-DR-2013-07-21.xsd#ct-DR_ManagementExpensesPMAShortLifeAssetsSummaryTotalExpenditureQualifyingForFYATotal" xlink:label="lbl_ManagementExpensesPMAShortLifeAssetsSummaryTotalExpenditureQualifyingForFYATotal" xlink:type="locator"/>
      <link:presentationArc order="5.0" xlink:arcrole="http://www.xbrl.org/2003/arcrole/parent-child" xlink:from="lbl_ManagementExpensesShortLifeAssetsTotal" xlink:to="lbl_ManagementExpensesPMAShortLifeAssetsSummaryTotalExpenditureQualifyingForFYATotal" xlink:type="arc"/>
      <link:loc xlink:href="../full/ct-DR-2013-07-21.xsd#ct-DR_ManagementExpensesPMAShortLifeAssetsSummaryExpenditueQualifyingForWDATotal" xlink:label="lbl_ManagementExpensesPMAShortLifeAssetsSummaryExpenditueQualifyingForWDATotal" xlink:type="locator"/>
      <link:presentationArc order="6.0" xlink:arcrole="http://www.xbrl.org/2003/arcrole/parent-child" xlink:from="lbl_ManagementExpensesShortLifeAssetsTotal" xlink:to="lbl_ManagementExpensesPMAShortLifeAssetsSummaryExpenditueQualifyingForWDATotal" xlink:type="arc"/>
      <link:loc xlink:href="../full/ct-DR-2013-07-21.xsd#ct-DR_ManagementExpensesPMAShortLifeAssetsSummaryExpenditueQualifyingForAIATotal" xlink:label="lbl_ManagementExpensesPMAShortLifeAssetsSummaryExpenditueQualifyingForAIATotal" xlink:type="locator"/>
      <link:presentationArc order="7.0" xlink:arcrole="http://www.xbrl.org/2003/arcrole/parent-child" xlink:from="lbl_ManagementExpensesShortLifeAssetsTotal" xlink:to="lbl_ManagementExpensesPMAShortLifeAssetsSummaryExpenditueQualifyingForAIATotal" xlink:type="arc"/>
      <link:loc xlink:href="../full/ct-DR-2013-07-21.xsd#ct-DR_ManagementExpensesPMAShortLifeAssetsSummaryTotalDisposalReceiptsTotal" xlink:label="lbl_ManagementExpensesPMAShortLifeAssetsSummaryTotalDisposalReceiptsTotal" xlink:type="locator"/>
      <link:presentationArc order="8.0" xlink:arcrole="http://www.xbrl.org/2003/arcrole/parent-child" xlink:from="lbl_ManagementExpensesShortLifeAssetsTotal" xlink:to="lbl_ManagementExpensesPMAShortLifeAssetsSummaryTotalDisposalReceiptsTotal" xlink:type="arc"/>
      <link:loc xlink:href="../full/ct-DR-2013-07-21.xsd#ct-DR_ManagementExpensesPMAShortLifeAssetsSummaryFYAInRespectOfRelevantFYAExpenditureTotal" xlink:label="lbl_ManagementExpensesPMAShortLifeAssetsSummaryFYAInRespectOfRelevantFYAExpenditureTotal" xlink:type="locator"/>
      <link:presentationArc order="9.0" xlink:arcrole="http://www.xbrl.org/2003/arcrole/parent-child" xlink:from="lbl_ManagementExpensesShortLifeAssetsTotal" xlink:to="lbl_ManagementExpensesPMAShortLifeAssetsSummaryFYAInRespectOfRelevantFYAExpenditureTotal" xlink:type="arc"/>
      <link:loc xlink:href="../full/ct-DR-2013-07-21.xsd#ct-DR_ManagementExpensesPMAShortLifeAssetsSummaryOtherFirstYearAllowancesTotal" xlink:label="lbl_ManagementExpensesPMAShortLifeAssetsSummaryOtherFirstYearAllowancesTotal" xlink:type="locator"/>
      <link:presentationArc order="10.0" xlink:arcrole="http://www.xbrl.org/2003/arcrole/parent-child" xlink:from="lbl_ManagementExpensesShortLifeAssetsTotal" xlink:to="lbl_ManagementExpensesPMAShortLifeAssetsSummaryOtherFirstYearAllowancesTotal" xlink:type="arc"/>
      <link:loc xlink:href="../full/ct-DR-2013-07-21.xsd#ct-DR_ManagementExpensesPMAShortLifeAssetsSummaryTotalFirstYearAllowancesTotal" xlink:label="lbl_ManagementExpensesPMAShortLifeAssetsSummaryTotalFirstYearAllowancesTotal" xlink:type="locator"/>
      <link:presentationArc order="11.0" xlink:arcrole="http://www.xbrl.org/2003/arcrole/parent-child" xlink:from="lbl_ManagementExpensesShortLifeAssetsTotal" xlink:to="lbl_ManagementExpensesPMAShortLifeAssetsSummaryTotalFirstYearAllowancesTotal" xlink:type="arc"/>
      <link:loc xlink:href="../full/ct-DR-2013-07-21.xsd#ct-DR_ManagementExpensesPMAShortLifeAssetsSummaryAnnualInvestmentAllowanceTotal" xlink:label="lbl_ManagementExpensesPMAShortLifeAssetsSummaryAnnualInvestmentAllowanceTotal" xlink:type="locator"/>
      <link:presentationArc order="12.0" xlink:arcrole="http://www.xbrl.org/2003/arcrole/parent-child" xlink:from="lbl_ManagementExpensesShortLifeAssetsTotal" xlink:to="lbl_ManagementExpensesPMAShortLifeAssetsSummaryAnnualInvestmentAllowanceTotal" xlink:type="arc"/>
      <link:loc xlink:href="../full/ct-DR-2013-07-21.xsd#ct-DR_ManagementExpensesPMAShortLifeAssetsSummaryWritingDownaAllowancesTotal" xlink:label="lbl_ManagementExpensesPMAShortLifeAssetsSummaryWritingDownaAllowancesTotal" xlink:type="locator"/>
      <link:presentationArc order="13.0" xlink:arcrole="http://www.xbrl.org/2003/arcrole/parent-child" xlink:from="lbl_ManagementExpensesShortLifeAssetsTotal" xlink:to="lbl_ManagementExpensesPMAShortLifeAssetsSummaryWritingDownaAllowancesTotal" xlink:type="arc"/>
      <link:loc xlink:href="../full/ct-DR-2013-07-21.xsd#ct-DR_ManagementExpensesPMAShortLifeAssetsSummaryBalancingAllowancesTotal" xlink:label="lbl_ManagementExpensesPMAShortLifeAssetsSummaryBalancingAllowancesTotal" xlink:type="locator"/>
      <link:presentationArc order="14.0" xlink:arcrole="http://www.xbrl.org/2003/arcrole/parent-child" xlink:from="lbl_ManagementExpensesShortLifeAssetsTotal" xlink:to="lbl_ManagementExpensesPMAShortLifeAssetsSummaryBalancingAllowancesTotal" xlink:type="arc"/>
      <link:loc xlink:href="../full/ct-DR-2013-07-21.xsd#ct-DR_ManagementExpensesPMAShortLifeAssetsSummaryTotalAllowancesTotal" xlink:label="lbl_ManagementExpensesPMAShortLifeAssetsSummaryTotalAllowancesTotal" xlink:type="locator"/>
      <link:presentationArc order="15.0" xlink:arcrole="http://www.xbrl.org/2003/arcrole/parent-child" xlink:from="lbl_ManagementExpensesShortLifeAssetsTotal" xlink:to="lbl_ManagementExpensesPMAShortLifeAssetsSummaryTotalAllowancesTotal" xlink:type="arc"/>
      <link:loc xlink:href="../full/ct-DR-2013-07-21.xsd#ct-DR_ManagementExpensesPMAShortLifeAssetsSummaryBalancingChargesTotal" xlink:label="lbl_ManagementExpensesPMAShortLifeAssetsSummaryBalancingChargesTotal" xlink:type="locator"/>
      <link:presentationArc order="16.0" xlink:arcrole="http://www.xbrl.org/2003/arcrole/parent-child" xlink:from="lbl_ManagementExpensesShortLifeAssetsTotal" xlink:to="lbl_ManagementExpensesPMAShortLifeAssetsSummaryBalancingChargesTotal" xlink:type="arc"/>
      <link:loc xlink:href="../full/ct-DR-2013-07-21.xsd#ct-DR_ManagementExpensesPMAShortLifeAssetsSummaryWDVCFTotal" xlink:label="lbl_ManagementExpensesPMAShortLifeAssetsSummaryWDVCFTotal" xlink:type="locator"/>
      <link:presentationArc order="17.0" xlink:arcrole="http://www.xbrl.org/2003/arcrole/parent-child" xlink:from="lbl_ManagementExpensesShortLifeAssetsTotal" xlink:to="lbl_ManagementExpensesPMAShortLifeAssetsSummaryWDVCFTotal" xlink:type="arc"/>
      <link:loc xlink:href="../full/ct-DR-2013-07-21.xsd#ct-DR_ManagementExpensesSpecialRatePool" xlink:label="lbl_ManagementExpensesSpecialRatePool" xlink:type="locator"/>
      <link:presentationArc order="8.0" xlink:arcrole="http://www.xbrl.org/2003/arcrole/parent-child" xlink:from="lbl_ManagementExpenses" xlink:to="lbl_ManagementExpensesSpecialRatePool" xlink:type="arc"/>
      <link:loc xlink:href="../full/ct-DR-2013-07-21.xsd#ct-DR_ManagementExpensesSpecialRatePoolWDVBF" xlink:label="lbl_ManagementExpensesSpecialRatePoolWDVBF" xlink:type="locator"/>
      <link:presentationArc order="1.0" xlink:arcrole="http://www.xbrl.org/2003/arcrole/parent-child" xlink:from="lbl_ManagementExpensesSpecialRatePool" xlink:to="lbl_ManagementExpensesSpecialRatePoolWDVBF" xlink:type="arc"/>
      <link:loc xlink:href="../full/ct-DR-2013-07-21.xsd#ct-DR_ManagementExpensesSpecialRatePoolThermalInsulationExpenditure" xlink:label="lbl_ManagementExpensesSpecialRatePoolThermalInsulationExpenditure" xlink:type="locator"/>
      <link:presentationArc order="2.0" xlink:arcrole="http://www.xbrl.org/2003/arcrole/parent-child" xlink:from="lbl_ManagementExpensesSpecialRatePool" xlink:to="lbl_ManagementExpensesSpecialRatePoolThermalInsulationExpenditure" xlink:type="arc"/>
      <link:loc xlink:href="../full/ct-DR-2013-07-21.xsd#ct-DR_ManagementExpensesSpecialRatePoolIntegralFeaturesExpenditure" xlink:label="lbl_ManagementExpensesSpecialRatePoolIntegralFeaturesExpenditure" xlink:type="locator"/>
      <link:presentationArc order="3.0" xlink:arcrole="http://www.xbrl.org/2003/arcrole/parent-child" xlink:from="lbl_ManagementExpensesSpecialRatePool" xlink:to="lbl_ManagementExpensesSpecialRatePoolIntegralFeaturesExpenditure" xlink:type="arc"/>
      <link:loc xlink:href="../full/ct-DR-2013-07-21.xsd#ct-DR_ManagementExpensesSpecialRatePoolLongLifeAssetExpenditure" xlink:label="lbl_ManagementExpensesSpecialRatePoolLongLifeAssetExpenditure" xlink:type="locator"/>
      <link:presentationArc order="4.0" xlink:arcrole="http://www.xbrl.org/2003/arcrole/parent-child" xlink:from="lbl_ManagementExpensesSpecialRatePool" xlink:to="lbl_ManagementExpensesSpecialRatePoolLongLifeAssetExpenditure" xlink:type="arc"/>
      <link:loc xlink:href="../full/ct-DR-2013-07-21.xsd#ct-DR_ManagementExpensesSpecialRatePoolLLAExpenditureBeforeRelevantDate" xlink:label="lbl_ManagementExpensesSpecialRatePoolLLAExpenditureBeforeRelevantDate" xlink:type="locator"/>
      <link:presentationArc order="5.0" xlink:arcrole="http://www.xbrl.org/2003/arcrole/parent-child" xlink:from="lbl_ManagementExpensesSpecialRatePool" xlink:to="lbl_ManagementExpensesSpecialRatePoolLLAExpenditureBeforeRelevantDate" xlink:type="arc"/>
      <link:loc xlink:href="../full/ct-DR-2013-07-21.xsd#ct-DR_ManagementExpensesSpecialRatePoolNonMainRateCarExpenditure" xlink:label="lbl_ManagementExpensesSpecialRatePoolNonMainRateCarExpenditure" xlink:type="locator"/>
      <link:presentationArc order="6.0" xlink:arcrole="http://www.xbrl.org/2003/arcrole/parent-child" xlink:from="lbl_ManagementExpensesSpecialRatePool" xlink:to="lbl_ManagementExpensesSpecialRatePoolNonMainRateCarExpenditure" xlink:type="arc"/>
      <link:loc xlink:href="../full/ct-DR-2013-07-21.xsd#ct-DR_ManagementExpensesSpecialRatePoolCushionGasExpenditure" xlink:label="lbl_ManagementExpensesSpecialRatePoolCushionGasExpenditure" xlink:type="locator"/>
      <link:presentationArc order="7.0" xlink:arcrole="http://www.xbrl.org/2003/arcrole/parent-child" xlink:from="lbl_ManagementExpensesSpecialRatePool" xlink:to="lbl_ManagementExpensesSpecialRatePoolCushionGasExpenditure" xlink:type="arc"/>
      <link:loc xlink:href="../full/ct-DR-2013-07-21.xsd#ct-DR_ManagementExpensesSpecialRatePoolTotalSpecialRateExpenditure" xlink:label="lbl_ManagementExpensesSpecialRatePoolTotalSpecialRateExpenditure" xlink:type="locator"/>
      <link:presentationArc order="8.0" xlink:arcrole="http://www.xbrl.org/2003/arcrole/parent-child" xlink:from="lbl_ManagementExpensesSpecialRatePool" xlink:to="lbl_ManagementExpensesSpecialRatePoolTotalSpecialRateExpenditure" xlink:type="arc"/>
      <link:loc xlink:href="../full/ct-DR-2013-07-21.xsd#ct-DR_ManagementExpensesSpecialRatePoolExpenditureQualifyingForAIA" xlink:label="lbl_ManagementExpensesSpecialRatePoolExpenditureQualifyingForAIA" xlink:type="locator"/>
      <link:presentationArc order="9.0" xlink:arcrole="http://www.xbrl.org/2003/arcrole/parent-child" xlink:from="lbl_ManagementExpensesSpecialRatePool" xlink:to="lbl_ManagementExpensesSpecialRatePoolExpenditureQualifyingForAIA" xlink:type="arc"/>
      <link:loc xlink:href="../full/ct-DR-2013-07-21.xsd#ct-DR_ManagementExpensesSpecialRatePoolTotalDisposalReceipts" xlink:label="lbl_ManagementExpensesSpecialRatePoolTotalDisposalReceipts" xlink:type="locator"/>
      <link:presentationArc order="10.0" xlink:arcrole="http://www.xbrl.org/2003/arcrole/parent-child" xlink:from="lbl_ManagementExpensesSpecialRatePool" xlink:to="lbl_ManagementExpensesSpecialRatePoolTotalDisposalReceipts" xlink:type="arc"/>
      <link:loc xlink:href="../full/ct-DR-2013-07-21.xsd#ct-DR_ManagementExpensesSpecialRatePoolAnnualInvestmentAllowance" xlink:label="lbl_ManagementExpensesSpecialRatePoolAnnualInvestmentAllowance" xlink:type="locator"/>
      <link:presentationArc order="11.0" xlink:arcrole="http://www.xbrl.org/2003/arcrole/parent-child" xlink:from="lbl_ManagementExpensesSpecialRatePool" xlink:to="lbl_ManagementExpensesSpecialRatePoolAnnualInvestmentAllowance" xlink:type="arc"/>
      <link:loc xlink:href="../full/ct-DR-2013-07-21.xsd#ct-DR_ManagementExpensesSpecialRatePoolWritingDownAllowance" xlink:label="lbl_ManagementExpensesSpecialRatePoolWritingDownAllowance" xlink:type="locator"/>
      <link:presentationArc order="12.0" xlink:arcrole="http://www.xbrl.org/2003/arcrole/parent-child" xlink:from="lbl_ManagementExpensesSpecialRatePool" xlink:to="lbl_ManagementExpensesSpecialRatePoolWritingDownAllowance" xlink:type="arc"/>
      <link:loc xlink:href="../full/ct-DR-2013-07-21.xsd#ct-DR_ManagementExpensesSpecialRatePoolBalancingAllowance" xlink:label="lbl_ManagementExpensesSpecialRatePoolBalancingAllowance" xlink:type="locator"/>
      <link:presentationArc order="13.0" xlink:arcrole="http://www.xbrl.org/2003/arcrole/parent-child" xlink:from="lbl_ManagementExpensesSpecialRatePool" xlink:to="lbl_ManagementExpensesSpecialRatePoolBalancingAllowance" xlink:type="arc"/>
      <link:loc xlink:href="../full/ct-DR-2013-07-21.xsd#ct-DR_ManagementExpensesSpecialRatePoolTotalAllowances" xlink:label="lbl_ManagementExpensesSpecialRatePoolTotalAllowances" xlink:type="locator"/>
      <link:presentationArc order="14.0" xlink:arcrole="http://www.xbrl.org/2003/arcrole/parent-child" xlink:from="lbl_ManagementExpensesSpecialRatePool" xlink:to="lbl_ManagementExpensesSpecialRatePoolTotalAllowances" xlink:type="arc"/>
      <link:loc xlink:href="../full/ct-DR-2013-07-21.xsd#ct-DR_ManagementExpensesSpecialRatePoolBalancingCharge" xlink:label="lbl_ManagementExpensesSpecialRatePoolBalancingCharge" xlink:type="locator"/>
      <link:presentationArc order="15.0" xlink:arcrole="http://www.xbrl.org/2003/arcrole/parent-child" xlink:from="lbl_ManagementExpensesSpecialRatePool" xlink:to="lbl_ManagementExpensesSpecialRatePoolBalancingCharge" xlink:type="arc"/>
      <link:loc xlink:href="../full/ct-DR-2013-07-21.xsd#ct-DR_ManagementExpensesSpecialRatePoolWDVCF" xlink:label="lbl_ManagementExpensesSpecialRatePoolWDVCF" xlink:type="locator"/>
      <link:presentationArc order="16.0" xlink:arcrole="http://www.xbrl.org/2003/arcrole/parent-child" xlink:from="lbl_ManagementExpensesSpecialRatePool" xlink:to="lbl_ManagementExpensesSpecialRatePoolWDVCF" xlink:type="arc"/>
      <link:loc xlink:href="../full/ct-DR-2013-07-21.xsd#ct-DR_ManagementExpensesOtherCapitalAllowances" xlink:label="lbl_ManagementExpensesOtherCapitalAllowances" xlink:type="locator"/>
      <link:presentationArc order="9.0" xlink:arcrole="http://www.xbrl.org/2003/arcrole/parent-child" xlink:from="lbl_ManagementExpenses" xlink:to="lbl_ManagementExpensesOtherCapitalAllowances" xlink:type="arc"/>
      <link:loc xlink:href="../full/ct-DR-2013-07-21.xsd#ct-DR_ManagementExpensesOtherCapitalAllowancesWDVBFTotal" xlink:label="lbl_ManagementExpensesOtherCapitalAllowancesWDVBFTotal" xlink:type="locator"/>
      <link:presentationArc order="1.0" xlink:arcrole="http://www.xbrl.org/2003/arcrole/parent-child" xlink:from="lbl_ManagementExpensesOtherCapitalAllowances" xlink:to="lbl_ManagementExpensesOtherCapitalAllowancesWDVBFTotal" xlink:type="arc"/>
      <link:loc xlink:href="../full/ct-DR-2013-07-21.xsd#ct-DR_ManagementExpensesOtherCapitalAllowancesAdditionsTotal" xlink:label="lbl_ManagementExpensesOtherCapitalAllowancesAdditionsTotal" xlink:type="locator"/>
      <link:presentationArc order="2.0" xlink:arcrole="http://www.xbrl.org/2003/arcrole/parent-child" xlink:from="lbl_ManagementExpensesOtherCapitalAllowances" xlink:to="lbl_ManagementExpensesOtherCapitalAllowancesAdditionsTotal" xlink:type="arc"/>
      <link:loc xlink:href="../full/ct-DR-2013-07-21.xsd#ct-DR_ManagementExpensesOtherCapitalAllowancesDisposalsTotal" xlink:label="lbl_ManagementExpensesOtherCapitalAllowancesDisposalsTotal" xlink:type="locator"/>
      <link:presentationArc order="3.0" xlink:arcrole="http://www.xbrl.org/2003/arcrole/parent-child" xlink:from="lbl_ManagementExpensesOtherCapitalAllowances" xlink:to="lbl_ManagementExpensesOtherCapitalAllowancesDisposalsTotal" xlink:type="arc"/>
      <link:loc xlink:href="../full/ct-DR-2013-07-21.xsd#ct-DR_ManagementExpensesOtherCapitalAllowancesAllowancesTotal" xlink:label="lbl_ManagementExpensesOtherCapitalAllowancesAllowancesTotal" xlink:type="locator"/>
      <link:presentationArc order="4.0" xlink:arcrole="http://www.xbrl.org/2003/arcrole/parent-child" xlink:from="lbl_ManagementExpensesOtherCapitalAllowances" xlink:to="lbl_ManagementExpensesOtherCapitalAllowancesAllowancesTotal" xlink:type="arc"/>
      <link:loc xlink:href="../full/ct-DR-2013-07-21.xsd#ct-DR_ManagementExpensesOtherCapitalAllowancesBalancingChargesTotal" xlink:label="lbl_ManagementExpensesOtherCapitalAllowancesBalancingChargesTotal" xlink:type="locator"/>
      <link:presentationArc order="5.0" xlink:arcrole="http://www.xbrl.org/2003/arcrole/parent-child" xlink:from="lbl_ManagementExpensesOtherCapitalAllowances" xlink:to="lbl_ManagementExpensesOtherCapitalAllowancesBalancingChargesTotal" xlink:type="arc"/>
      <link:loc xlink:href="../full/ct-DR-2013-07-21.xsd#ct-DR_ManagementExpensesOtherCapitalAllowancesWDVCFTotal" xlink:label="lbl_ManagementExpensesOtherCapitalAllowancesWDVCFTotal" xlink:type="locator"/>
      <link:presentationArc order="6.0" xlink:arcrole="http://www.xbrl.org/2003/arcrole/parent-child" xlink:from="lbl_ManagementExpensesOtherCapitalAllowances" xlink:to="lbl_ManagementExpensesOtherCapitalAllowancesWDVCFTotal" xlink:type="arc"/>
   </link:presentationLink>
</linkbase>
