<?xml version="1.0" encoding="UTF-8" standalone="yes"?>
<linkbase xmlns="http://www.xbrl.org/2003/linkbase" xmlns:link="http://www.xbrl.org/2003/linkbase" xmlns:xlink="http://www.w3.org/1999/xlink" xmlns:xsi="http://www.w3.org/2001/XMLSchema-instance" xsi:schemaLocation="http://www.xbrl.org/2003/linkbase http://www.xbrl.org/2003/xbrl-linkbase-2003-12-31.xsd">
   <link:roleRef roleURI="http://www.govtalk.gov.uk/uk/fr/tax/uk-hmrc-ct-roles/2013-07-21/role/J_OtherIncomeAndReliefs_mts" xlink:href="ct-roles-mts-2013-07-21.xsd#J_OtherIncomeAndReliefs_mts" xlink:type="simple"/>
   <link:presentationLink xlink:role="http://www.govtalk.gov.uk/uk/fr/tax/uk-hmrc-ct-roles/2013-07-21/role/J_OtherIncomeAndReliefs_mts" xlink:type="extended">
      <link:loc xlink:href="../full/ct-OtherInc-2013-07-21.xsd#ct-OtherInc_OtherIncomeAndReliefsLossesAvailableForSurrender" xlink:label="lbl_OtherIncomeAndReliefsLossesAvailableForSurrender" xlink:type="locator"/>
      <link:loc xlink:href="../full/ct-OtherInc-2013-07-21.xsd#ct-OtherInc_OtherIncomeAndReliefs" xlink:label="lbl_OtherIncomeAndReliefs" xlink:type="locator"/>
      <link:presentationArc order="1.0" xlink:arcrole="http://www.xbrl.org/2003/arcrole/parent-child" xlink:from="lbl_OtherIncomeAndReliefs" xlink:to="lbl_OtherIncomeAndReliefsLossesAvailableForSurrender" xlink:type="arc"/>
      <link:loc xlink:href="../full/ct-OtherInc-2013-07-21.xsd#ct-OtherInc_OtherIncomeAndReliefsLossesAvailableForSurrenderMaximumAvailable" xlink:label="lbl_OtherIncomeAndReliefsLossesAvailableForSurrenderMaximumAvailable" xlink:type="locator"/>
      <link:presentationArc order="1.0" xlink:arcrole="http://www.xbrl.org/2003/arcrole/parent-child" xlink:from="lbl_OtherIncomeAndReliefsLossesAvailableForSurrender" xlink:to="lbl_OtherIncomeAndReliefsLossesAvailableForSurrenderMaximumAvailable" xlink:type="arc"/>
      <link:loc xlink:href="../full/ct-OtherInc-2013-07-21.xsd#ct-OtherInc_OtherIncomeAndReliefsLossesAvailableForSurrenderTradingLossesMaximumAvailable" xlink:label="lbl_OtherIncomeAndReliefsLossesAvailableForSurrenderTradingLossesMaximumAvailable" xlink:type="locator"/>
      <link:presentationArc order="1.0" xlink:arcrole="http://www.xbrl.org/2003/arcrole/parent-child" xlink:from="lbl_OtherIncomeAndReliefsLossesAvailableForSurrenderMaximumAvailable" xlink:to="lbl_OtherIncomeAndReliefsLossesAvailableForSurrenderTradingLossesMaximumAvailable" xlink:type="arc"/>
      <link:loc xlink:href="../full/ct-OtherInc-2013-07-21.xsd#ct-OtherInc_OtherIncomeAndReliefsLossesAvailableForSurrenderExcessOfNonTradeCapAllowMaximumAvailable" xlink:label="lbl_OtherIncomeAndReliefsLossesAvailableForSurrenderExcessOfNonTradeCapAllowMaximumAvailable" xlink:type="locator"/>
      <link:presentationArc order="2.0" xlink:arcrole="http://www.xbrl.org/2003/arcrole/parent-child" xlink:from="lbl_OtherIncomeAndReliefsLossesAvailableForSurrenderMaximumAvailable" xlink:to="lbl_OtherIncomeAndReliefsLossesAvailableForSurrenderExcessOfNonTradeCapAllowMaximumAvailable" xlink:type="arc"/>
      <link:loc xlink:href="../full/ct-OtherInc-2013-07-21.xsd#ct-OtherInc_OtherIncomeAndReliefsLossesAvailableForSurrenderNonTradingLossesOnIntangibleFixedAssetsMaximumAvailable" xlink:label="lbl_OtherIncomeAndReliefsLossesAvailableForSurrenderNonTradingLossesOnIntangibleFixedAssetsMaximumAvailable" xlink:type="locator"/>
      <link:presentationArc order="3.0" xlink:arcrole="http://www.xbrl.org/2003/arcrole/parent-child" xlink:from="lbl_OtherIncomeAndReliefsLossesAvailableForSurrenderMaximumAvailable" xlink:to="lbl_OtherIncomeAndReliefsLossesAvailableForSurrenderNonTradingLossesOnIntangibleFixedAssetsMaximumAvailable" xlink:type="arc"/>
      <link:loc xlink:href="../full/ct-OtherInc-2013-07-21.xsd#ct-OtherInc_OtherIncomeAndReliefsLossesAvailableForSurrenderExcessOfManagementExpensesMaximumAvailable" xlink:label="lbl_OtherIncomeAndReliefsLossesAvailableForSurrenderExcessOfManagementExpensesMaximumAvailable" xlink:type="locator"/>
      <link:presentationArc order="4.0" xlink:arcrole="http://www.xbrl.org/2003/arcrole/parent-child" xlink:from="lbl_OtherIncomeAndReliefsLossesAvailableForSurrenderMaximumAvailable" xlink:to="lbl_OtherIncomeAndReliefsLossesAvailableForSurrenderExcessOfManagementExpensesMaximumAvailable" xlink:type="arc"/>
      <link:loc xlink:href="../full/ct-OtherInc-2013-07-21.xsd#ct-OtherInc_OtherIncomeAndReliefsLossesAvailableForSurrenderExcessScheduleALossesMaximumAvailable" xlink:label="lbl_OtherIncomeAndReliefsLossesAvailableForSurrenderExcessScheduleALossesMaximumAvailable" xlink:type="locator"/>
      <link:presentationArc order="5.0" xlink:arcrole="http://www.xbrl.org/2003/arcrole/parent-child" xlink:from="lbl_OtherIncomeAndReliefsLossesAvailableForSurrenderMaximumAvailable" xlink:to="lbl_OtherIncomeAndReliefsLossesAvailableForSurrenderExcessScheduleALossesMaximumAvailable" xlink:type="arc"/>
      <link:loc xlink:href="../full/ct-default-2013-07-21.xsd#ct-default_InvestmentIncomeAndReliefsChargesExcess" xlink:label="lbl_InvestmentIncomeAndReliefsChargesExcess" xlink:type="locator"/>
      <link:presentationArc order="6.0" xlink:arcrole="http://www.xbrl.org/2003/arcrole/parent-child" xlink:from="lbl_OtherIncomeAndReliefsLossesAvailableForSurrenderMaximumAvailable" xlink:to="lbl_InvestmentIncomeAndReliefsChargesExcess" xlink:type="arc"/>
      <link:loc xlink:href="../full/ct-OtherInc-2013-07-21.xsd#ct-OtherInc_OtherIncomeAndReliefsLossesAvailableForSurrenderNonTradingDeficitMaximumAvailable" xlink:label="lbl_OtherIncomeAndReliefsLossesAvailableForSurrenderNonTradingDeficitMaximumAvailable" xlink:type="locator"/>
      <link:presentationArc order="7.0" xlink:arcrole="http://www.xbrl.org/2003/arcrole/parent-child" xlink:from="lbl_OtherIncomeAndReliefsLossesAvailableForSurrenderMaximumAvailable" xlink:to="lbl_OtherIncomeAndReliefsLossesAvailableForSurrenderNonTradingDeficitMaximumAvailable" xlink:type="arc"/>
      <link:loc xlink:href="../full/ct-OtherInc-2013-07-21.xsd#ct-OtherInc_OtherIncomeAndReliefsLossesAvailableForSurrenderSurrendered" xlink:label="lbl_OtherIncomeAndReliefsLossesAvailableForSurrenderSurrendered" xlink:type="locator"/>
      <link:presentationArc order="2.0" xlink:arcrole="http://www.xbrl.org/2003/arcrole/parent-child" xlink:from="lbl_OtherIncomeAndReliefsLossesAvailableForSurrender" xlink:to="lbl_OtherIncomeAndReliefsLossesAvailableForSurrenderSurrendered" xlink:type="arc"/>
      <link:loc xlink:href="../full/ct-OtherInc-2013-07-21.xsd#ct-OtherInc_OtherIncomeAndReliefsLossesAvailableForSurrenderTradingLossesSurrendered" xlink:label="lbl_OtherIncomeAndReliefsLossesAvailableForSurrenderTradingLossesSurrendered" xlink:type="locator"/>
      <link:presentationArc order="1.0" xlink:arcrole="http://www.xbrl.org/2003/arcrole/parent-child" xlink:from="lbl_OtherIncomeAndReliefsLossesAvailableForSurrenderSurrendered" xlink:to="lbl_OtherIncomeAndReliefsLossesAvailableForSurrenderTradingLossesSurrendered" xlink:type="arc"/>
      <link:loc xlink:href="../full/ct-OtherInc-2013-07-21.xsd#ct-OtherInc_OtherIncomeAndReliefsLossesAvailableForSurrenderExcessOfNonTradeCapAllowSurrendered" xlink:label="lbl_OtherIncomeAndReliefsLossesAvailableForSurrenderExcessOfNonTradeCapAllowSurrendered" xlink:type="locator"/>
      <link:presentationArc order="2.0" xlink:arcrole="http://www.xbrl.org/2003/arcrole/parent-child" xlink:from="lbl_OtherIncomeAndReliefsLossesAvailableForSurrenderSurrendered" xlink:to="lbl_OtherIncomeAndReliefsLossesAvailableForSurrenderExcessOfNonTradeCapAllowSurrendered" xlink:type="arc"/>
      <link:loc xlink:href="../full/ct-OtherInc-2013-07-21.xsd#ct-OtherInc_OtherIncomeAndReliefsLossesAvailableForSurrenderNonTradingLossesOnIntangibleFixedAssetsSurrendered" xlink:label="lbl_OtherIncomeAndReliefsLossesAvailableForSurrenderNonTradingLossesOnIntangibleFixedAssetsSurrendered" xlink:type="locator"/>
      <link:presentationArc order="3.0" xlink:arcrole="http://www.xbrl.org/2003/arcrole/parent-child" xlink:from="lbl_OtherIncomeAndReliefsLossesAvailableForSurrenderSurrendered" xlink:to="lbl_OtherIncomeAndReliefsLossesAvailableForSurrenderNonTradingLossesOnIntangibleFixedAssetsSurrendered" xlink:type="arc"/>
      <link:loc xlink:href="../full/ct-OtherInc-2013-07-21.xsd#ct-OtherInc_OtherIncomeAndReliefsLossesAvailableForSurrenderExcessOfManagementExpensesSurrendered" xlink:label="lbl_OtherIncomeAndReliefsLossesAvailableForSurrenderExcessOfManagementExpensesSurrendered" xlink:type="locator"/>
      <link:presentationArc order="4.0" xlink:arcrole="http://www.xbrl.org/2003/arcrole/parent-child" xlink:from="lbl_OtherIncomeAndReliefsLossesAvailableForSurrenderSurrendered" xlink:to="lbl_OtherIncomeAndReliefsLossesAvailableForSurrenderExcessOfManagementExpensesSurrendered" xlink:type="arc"/>
      <link:loc xlink:href="../full/ct-OtherInc-2013-07-21.xsd#ct-OtherInc_OtherIncomeAndReliefsLossesAvailableForSurrenderExcessScheduleALossesSurrendered" xlink:label="lbl_OtherIncomeAndReliefsLossesAvailableForSurrenderExcessScheduleALossesSurrendered" xlink:type="locator"/>
      <link:presentationArc order="5.0" xlink:arcrole="http://www.xbrl.org/2003/arcrole/parent-child" xlink:from="lbl_OtherIncomeAndReliefsLossesAvailableForSurrenderSurrendered" xlink:to="lbl_OtherIncomeAndReliefsLossesAvailableForSurrenderExcessScheduleALossesSurrendered" xlink:type="arc"/>
      <link:loc xlink:href="../full/ct-OtherInc-2013-07-21.xsd#ct-OtherInc_OtherIncomeAndReliefsLossesAvailableForSurrenderExcessChargesSurrendered" xlink:label="lbl_OtherIncomeAndReliefsLossesAvailableForSurrenderExcessChargesSurrendered" xlink:type="locator"/>
      <link:presentationArc order="6.0" xlink:arcrole="http://www.xbrl.org/2003/arcrole/parent-child" xlink:from="lbl_OtherIncomeAndReliefsLossesAvailableForSurrenderSurrendered" xlink:to="lbl_OtherIncomeAndReliefsLossesAvailableForSurrenderExcessChargesSurrendered" xlink:type="arc"/>
      <link:loc xlink:href="../full/ct-OtherInc-2013-07-21.xsd#ct-OtherInc_OtherIncomeAndReliefsLossesAvailableForSurrenderNonTradingDeficitSurrendered" xlink:label="lbl_OtherIncomeAndReliefsLossesAvailableForSurrenderNonTradingDeficitSurrendered" xlink:type="locator"/>
      <link:presentationArc order="7.0" xlink:arcrole="http://www.xbrl.org/2003/arcrole/parent-child" xlink:from="lbl_OtherIncomeAndReliefsLossesAvailableForSurrenderSurrendered" xlink:to="lbl_OtherIncomeAndReliefsLossesAvailableForSurrenderNonTradingDeficitSurrendered" xlink:type="arc"/>
      <link:loc xlink:href="../full/ct-OtherInc-2013-07-21.xsd#ct-OtherInc_OtherIncomeAndReliefsLossesAvailableForSurrenderTotalSurrendered" xlink:label="lbl_OtherIncomeAndReliefsLossesAvailableForSurrenderTotalSurrendered" xlink:type="locator"/>
      <link:presentationArc order="8.0" xlink:arcrole="http://www.xbrl.org/2003/arcrole/parent-child" xlink:from="lbl_OtherIncomeAndReliefsLossesAvailableForSurrenderSurrendered" xlink:to="lbl_OtherIncomeAndReliefsLossesAvailableForSurrenderTotalSurrendered" xlink:type="arc"/>
   </link:presentationLink>
</linkbase>
