<?xml version="1.0" encoding="UTF-8" standalone="yes"?>
<linkbase xmlns="http://www.xbrl.org/2003/linkbase" xmlns:link="http://www.xbrl.org/2003/linkbase" xmlns:xlink="http://www.w3.org/1999/xlink" xmlns:xsi="http://www.w3.org/2001/XMLSchema-instance" xsi:schemaLocation="http://www.xbrl.org/2003/linkbase http://www.xbrl.org/2003/xbrl-linkbase-2003-12-31.xsd">
   <link:roleRef roleURI="http://www.govtalk.gov.uk/uk/fr/tax/uk-hmrc-ct-roles/2013-07-21/role/G_CaseVIIncome_mts" xlink:href="ct-roles-mts-2013-07-21.xsd#G_CaseVIIncome_mts" xlink:type="simple"/>
   <link:presentationLink xlink:role="http://www.govtalk.gov.uk/uk/fr/tax/uk-hmrc-ct-roles/2013-07-21/role/G_CaseVIIncome_mts" xlink:type="extended">
      <link:loc xlink:href="../full/ct-OtherInc-2013-07-21.xsd#ct-OtherInc_OtherIncomeOtherIncome" xlink:label="lbl_OtherIncomeOtherIncome" xlink:type="locator"/>
      <link:loc xlink:href="../full/ct-OtherInc-2013-07-21.xsd#ct-OtherInc_CaseVIIncome" xlink:label="lbl_CaseVIIncome" xlink:type="locator"/>
      <link:presentationArc order="1.0" xlink:arcrole="http://www.xbrl.org/2003/arcrole/parent-child" xlink:from="lbl_CaseVIIncome" xlink:to="lbl_OtherIncomeOtherIncome" xlink:type="arc"/>
      <link:loc xlink:href="../full/ct-OtherInc-2013-07-21.xsd#ct-OtherInc_OtherIncomeNonTradingGainsOnIntangibleFixedAssets" xlink:label="lbl_OtherIncomeNonTradingGainsOnIntangibleFixedAssets" xlink:type="locator"/>
      <link:presentationArc order="1.0" xlink:arcrole="http://www.xbrl.org/2003/arcrole/parent-child" xlink:from="lbl_OtherIncomeOtherIncome" xlink:to="lbl_OtherIncomeNonTradingGainsOnIntangibleFixedAssets" xlink:type="arc"/>
      <link:loc xlink:href="../full/ct-OtherInc-2013-07-21.xsd#ct-OtherInc_OtherIncomeTonnageTaxProfits" xlink:label="lbl_OtherIncomeTonnageTaxProfits" xlink:type="locator"/>
      <link:presentationArc order="2.0" xlink:arcrole="http://www.xbrl.org/2003/arcrole/parent-child" xlink:from="lbl_OtherIncomeOtherIncome" xlink:to="lbl_OtherIncomeTonnageTaxProfits" xlink:type="arc"/>
      <link:loc xlink:href="../full/ct-OtherInc-2013-07-21.xsd#ct-OtherInc_CaseVIIncomeOtherAnnualProfitsAndGains" xlink:label="lbl_CaseVIIncomeOtherAnnualProfitsAndGains" xlink:type="locator"/>
      <link:presentationArc order="3.0" xlink:arcrole="http://www.xbrl.org/2003/arcrole/parent-child" xlink:from="lbl_OtherIncomeOtherIncome" xlink:to="lbl_CaseVIIncomeOtherAnnualProfitsAndGains" xlink:type="arc"/>
      <link:loc xlink:href="../full/ct-OtherInc-2013-07-21.xsd#ct-OtherInc_OtherIncomeIncomeWithinSchDCaseVI" xlink:label="lbl_OtherIncomeIncomeWithinSchDCaseVI" xlink:type="locator"/>
      <link:presentationArc order="4.0" xlink:arcrole="http://www.xbrl.org/2003/arcrole/parent-child" xlink:from="lbl_OtherIncomeOtherIncome" xlink:to="lbl_OtherIncomeIncomeWithinSchDCaseVI" xlink:type="arc"/>
      <link:loc xlink:href="../full/ct-OtherInc-2013-07-21.xsd#ct-OtherInc_CaseVIIncomeOtherIncome" xlink:label="lbl_CaseVIIncomeOtherIncome" xlink:type="locator"/>
      <link:presentationArc order="2.0" xlink:arcrole="http://www.xbrl.org/2003/arcrole/parent-child" xlink:from="lbl_CaseVIIncome" xlink:to="lbl_CaseVIIncomeOtherIncome" xlink:type="arc"/>
      <link:loc xlink:href="../full/ct-OtherInc-2013-07-21.xsd#ct-OtherInc_CaseVIIncomeOtherIncomeWithinCaseVIIncomeFromPatentDisposals" xlink:label="lbl_CaseVIIncomeOtherIncomeWithinCaseVIIncomeFromPatentDisposals" xlink:type="locator"/>
      <link:presentationArc order="1.0" xlink:arcrole="http://www.xbrl.org/2003/arcrole/parent-child" xlink:from="lbl_CaseVIIncomeOtherIncome" xlink:to="lbl_CaseVIIncomeOtherIncomeWithinCaseVIIncomeFromPatentDisposals" xlink:type="arc"/>
      <link:loc xlink:href="../full/ct-OtherInc-2013-07-21.xsd#ct-OtherInc_CaseVIIncomeSpecialLeasingCaseVIIncome" xlink:label="lbl_CaseVIIncomeSpecialLeasingCaseVIIncome" xlink:type="locator"/>
      <link:presentationArc order="2.0" xlink:arcrole="http://www.xbrl.org/2003/arcrole/parent-child" xlink:from="lbl_CaseVIIncomeOtherIncome" xlink:to="lbl_CaseVIIncomeSpecialLeasingCaseVIIncome" xlink:type="arc"/>
      <link:loc xlink:href="../full/ct-default-2013-07-21.xsd#ct-default_InvestmentIncomeAndReliefsCorporateVenturingShareInvestmentReliefInvestmentReliefWithdrawnThisPeriodTotal" xlink:label="lbl_InvestmentIncomeAndReliefsCorporateVenturingShareInvestmentReliefInvestmentReliefWithdrawnThisPeriodTotal" xlink:type="locator"/>
      <link:presentationArc order="3.0" xlink:arcrole="http://www.xbrl.org/2003/arcrole/parent-child" xlink:from="lbl_CaseVIIncomeOtherIncome" xlink:to="lbl_InvestmentIncomeAndReliefsCorporateVenturingShareInvestmentReliefInvestmentReliefWithdrawnThisPeriodTotal" xlink:type="arc"/>
      <link:loc xlink:href="../full/ct-default-2013-07-21.xsd#ct-default_InvestmentIncomeAndReliefsCommunityInvestmentTaxReliefReliefWithdrawnTotal" xlink:label="lbl_InvestmentIncomeAndReliefsCommunityInvestmentTaxReliefReliefWithdrawnTotal" xlink:type="locator"/>
      <link:presentationArc order="4.0" xlink:arcrole="http://www.xbrl.org/2003/arcrole/parent-child" xlink:from="lbl_CaseVIIncomeOtherIncome" xlink:to="lbl_InvestmentIncomeAndReliefsCommunityInvestmentTaxReliefReliefWithdrawnTotal" xlink:type="arc"/>
      <link:loc xlink:href="../full/ct-OtherInc-2013-07-21.xsd#ct-OtherInc_CaseVIIncomeOtherIncomeGuaranteeCommission" xlink:label="lbl_CaseVIIncomeOtherIncomeGuaranteeCommission" xlink:type="locator"/>
      <link:presentationArc order="5.0" xlink:arcrole="http://www.xbrl.org/2003/arcrole/parent-child" xlink:from="lbl_CaseVIIncomeOtherIncome" xlink:to="lbl_CaseVIIncomeOtherIncomeGuaranteeCommission" xlink:type="arc"/>
      <link:loc xlink:href="../full/ct-OtherInc-2013-07-21.xsd#ct-OtherInc_CaseVIIncomeOtherIncomeConsultancyFees" xlink:label="lbl_CaseVIIncomeOtherIncomeConsultancyFees" xlink:type="locator"/>
      <link:presentationArc order="6.0" xlink:arcrole="http://www.xbrl.org/2003/arcrole/parent-child" xlink:from="lbl_CaseVIIncomeOtherIncome" xlink:to="lbl_CaseVIIncomeOtherIncomeConsultancyFees" xlink:type="arc"/>
      <link:loc xlink:href="../full/ct-OtherInc-2013-07-21.xsd#ct-OtherInc_CaseVIIncomeOtherIncomeDirectorsFees" xlink:label="lbl_CaseVIIncomeOtherIncomeDirectorsFees" xlink:type="locator"/>
      <link:presentationArc order="7.0" xlink:arcrole="http://www.xbrl.org/2003/arcrole/parent-child" xlink:from="lbl_CaseVIIncomeOtherIncome" xlink:to="lbl_CaseVIIncomeOtherIncomeDirectorsFees" xlink:type="arc"/>
      <link:loc xlink:href="../full/ct-OtherInc-2013-07-21.xsd#ct-OtherInc_CaseVIIncomeOtherIncomeFacilityFees" xlink:label="lbl_CaseVIIncomeOtherIncomeFacilityFees" xlink:type="locator"/>
      <link:presentationArc order="8.0" xlink:arcrole="http://www.xbrl.org/2003/arcrole/parent-child" xlink:from="lbl_CaseVIIncomeOtherIncome" xlink:to="lbl_CaseVIIncomeOtherIncomeFacilityFees" xlink:type="arc"/>
      <link:loc xlink:href="../full/ct-OtherInc-2013-07-21.xsd#ct-OtherInc_CaseVIIncomeOtherIncomeContributionsToExpenses" xlink:label="lbl_CaseVIIncomeOtherIncomeContributionsToExpenses" xlink:type="locator"/>
      <link:presentationArc order="9.0" xlink:arcrole="http://www.xbrl.org/2003/arcrole/parent-child" xlink:from="lbl_CaseVIIncomeOtherIncome" xlink:to="lbl_CaseVIIncomeOtherIncomeContributionsToExpenses" xlink:type="arc"/>
      <link:loc xlink:href="../full/ct-OtherInc-2013-07-21.xsd#ct-OtherInc_CaseVIIncomeOtherIncomeDeemedInterestOnLoan" xlink:label="lbl_CaseVIIncomeOtherIncomeDeemedInterestOnLoan" xlink:type="locator"/>
      <link:presentationArc order="10.0" xlink:arcrole="http://www.xbrl.org/2003/arcrole/parent-child" xlink:from="lbl_CaseVIIncomeOtherIncome" xlink:to="lbl_CaseVIIncomeOtherIncomeDeemedInterestOnLoan" xlink:type="arc"/>
      <link:loc xlink:href="../full/ct-OtherInc-2013-07-21.xsd#ct-OtherInc_CaseVIIncomeOtherIncomeBalancingCharge" xlink:label="lbl_CaseVIIncomeOtherIncomeBalancingCharge" xlink:type="locator"/>
      <link:presentationArc order="11.0" xlink:arcrole="http://www.xbrl.org/2003/arcrole/parent-child" xlink:from="lbl_CaseVIIncomeOtherIncome" xlink:to="lbl_CaseVIIncomeOtherIncomeBalancingCharge" xlink:type="arc"/>
      <link:loc xlink:href="../full/ct-OtherInc-2013-07-21.xsd#ct-OtherInc_CaseVIIncomeOtherIncomeWithinCaseVITaxArbitrageQualifyingPayment" xlink:label="lbl_CaseVIIncomeOtherIncomeWithinCaseVITaxArbitrageQualifyingPayment" xlink:type="locator"/>
      <link:presentationArc order="12.0" xlink:arcrole="http://www.xbrl.org/2003/arcrole/parent-child" xlink:from="lbl_CaseVIIncomeOtherIncome" xlink:to="lbl_CaseVIIncomeOtherIncomeWithinCaseVITaxArbitrageQualifyingPayment" xlink:type="arc"/>
      <link:loc xlink:href="../full/ct-OtherInc-2013-07-21.xsd#ct-OtherInc_CaseVIIncomeOtherIncomeWithinCaseVIManagementExpensesReversalAmount" xlink:label="lbl_CaseVIIncomeOtherIncomeWithinCaseVIManagementExpensesReversalAmount" xlink:type="locator"/>
      <link:presentationArc order="13.0" xlink:arcrole="http://www.xbrl.org/2003/arcrole/parent-child" xlink:from="lbl_CaseVIIncomeOtherIncome" xlink:to="lbl_CaseVIIncomeOtherIncomeWithinCaseVIManagementExpensesReversalAmount" xlink:type="arc"/>
      <link:loc xlink:href="../full/ct-default-2013-07-21.xsd#ct-default_InvestmentIncomeAndReliefsNonExemptUKDistributions" xlink:label="lbl_InvestmentIncomeAndReliefsNonExemptUKDistributions" xlink:type="locator"/>
      <link:presentationArc order="14.0" xlink:arcrole="http://www.xbrl.org/2003/arcrole/parent-child" xlink:from="lbl_CaseVIIncomeOtherIncome" xlink:to="lbl_InvestmentIncomeAndReliefsNonExemptUKDistributions" xlink:type="arc"/>
      <link:loc xlink:href="../full/ct-OtherInc-2013-07-21.xsd#ct-OtherInc_CaseVIIncomeOtherIncomeWithinCaseVIOther" xlink:label="lbl_CaseVIIncomeOtherIncomeWithinCaseVIOther" xlink:type="locator"/>
      <link:presentationArc order="15.0" xlink:arcrole="http://www.xbrl.org/2003/arcrole/parent-child" xlink:from="lbl_CaseVIIncomeOtherIncome" xlink:to="lbl_CaseVIIncomeOtherIncomeWithinCaseVIOther" xlink:type="arc"/>
      <link:loc xlink:href="../full/ct-OtherInc-2013-07-21.xsd#ct-OtherInc_CaseVIIncomeOtherLossesSetOff" xlink:label="lbl_CaseVIIncomeOtherLossesSetOff" xlink:type="locator"/>
      <link:presentationArc order="16.0" xlink:arcrole="http://www.xbrl.org/2003/arcrole/parent-child" xlink:from="lbl_CaseVIIncomeOtherIncome" xlink:to="lbl_CaseVIIncomeOtherLossesSetOff" xlink:type="arc"/>
      <link:loc xlink:href="../full/ct-OtherInc-2013-07-21.xsd#ct-OtherInc_CaseVIIncomeOtherIncomeWithinCaseVIREITChargesEntry" xlink:label="lbl_CaseVIIncomeOtherIncomeWithinCaseVIREITChargesEntry" xlink:type="locator"/>
      <link:presentationArc order="17.0" xlink:arcrole="http://www.xbrl.org/2003/arcrole/parent-child" xlink:from="lbl_CaseVIIncomeOtherIncome" xlink:to="lbl_CaseVIIncomeOtherIncomeWithinCaseVIREITChargesEntry" xlink:type="arc"/>
      <link:loc xlink:href="../full/ct-OtherInc-2013-07-21.xsd#ct-OtherInc_CaseVIIncomeOtherIncomeWithinCaseVIREITChargesEntryInstalment" xlink:label="lbl_CaseVIIncomeOtherIncomeWithinCaseVIREITChargesEntryInstalment" xlink:type="locator"/>
      <link:presentationArc order="18.0" xlink:arcrole="http://www.xbrl.org/2003/arcrole/parent-child" xlink:from="lbl_CaseVIIncomeOtherIncome" xlink:to="lbl_CaseVIIncomeOtherIncomeWithinCaseVIREITChargesEntryInstalment" xlink:type="arc"/>
      <link:loc xlink:href="../full/ct-OtherInc-2013-07-21.xsd#ct-OtherInc_CaseVIIncomeOtherIncomeWithinCaseVIREITChargesOther" xlink:label="lbl_CaseVIIncomeOtherIncomeWithinCaseVIREITChargesOther" xlink:type="locator"/>
      <link:presentationArc order="19.0" xlink:arcrole="http://www.xbrl.org/2003/arcrole/parent-child" xlink:from="lbl_CaseVIIncomeOtherIncome" xlink:to="lbl_CaseVIIncomeOtherIncomeWithinCaseVIREITChargesOther" xlink:type="arc"/>
      <link:loc xlink:href="../full/ct-OtherInc-2013-07-21.xsd#ct-OtherInc_CaseVIIncomeOtherIncomeWithinCaseVIREITChargesTotal" xlink:label="lbl_CaseVIIncomeOtherIncomeWithinCaseVIREITChargesTotal" xlink:type="locator"/>
      <link:presentationArc order="20.0" xlink:arcrole="http://www.xbrl.org/2003/arcrole/parent-child" xlink:from="lbl_CaseVIIncomeOtherIncome" xlink:to="lbl_CaseVIIncomeOtherIncomeWithinCaseVIREITChargesTotal" xlink:type="arc"/>
      <link:presentationArc order="21.0" xlink:arcrole="http://www.xbrl.org/2003/arcrole/parent-child" xlink:from="lbl_CaseVIIncomeOtherIncome" xlink:to="lbl_CaseVIIncomeOtherAnnualProfitsAndGains" xlink:type="arc"/>
      <link:loc xlink:href="../full/ct-OtherInc-2013-07-21.xsd#ct-OtherInc_CaseVIIncomeCaseVILosses" xlink:label="lbl_CaseVIIncomeCaseVILosses" xlink:type="locator"/>
      <link:presentationArc order="3.0" xlink:arcrole="http://www.xbrl.org/2003/arcrole/parent-child" xlink:from="lbl_CaseVIIncome" xlink:to="lbl_CaseVIIncomeCaseVILosses" xlink:type="arc"/>
      <link:loc xlink:href="../full/ct-OtherInc-2013-07-21.xsd#ct-OtherInc_CaseVIIncomeCaseVILossesLossesArising" xlink:label="lbl_CaseVIIncomeCaseVILossesLossesArising" xlink:type="locator"/>
      <link:presentationArc order="1.0" xlink:arcrole="http://www.xbrl.org/2003/arcrole/parent-child" xlink:from="lbl_CaseVIIncomeCaseVILosses" xlink:to="lbl_CaseVIIncomeCaseVILossesLossesArising" xlink:type="arc"/>
      <link:loc xlink:href="../full/ct-OtherInc-2013-07-21.xsd#ct-OtherInc_CaseVIIncomeIncomeFromSpecialLeasing" xlink:label="lbl_CaseVIIncomeIncomeFromSpecialLeasing" xlink:type="locator"/>
      <link:presentationArc order="4.0" xlink:arcrole="http://www.xbrl.org/2003/arcrole/parent-child" xlink:from="lbl_CaseVIIncome" xlink:to="lbl_CaseVIIncomeIncomeFromSpecialLeasing" xlink:type="arc"/>
      <link:loc xlink:href="../full/ct-OtherInc-2013-07-21.xsd#ct-OtherInc_CaseVIIncomeSpecialLeasingIncome" xlink:label="lbl_CaseVIIncomeSpecialLeasingIncome" xlink:type="locator"/>
      <link:presentationArc order="1.0" xlink:arcrole="http://www.xbrl.org/2003/arcrole/parent-child" xlink:from="lbl_CaseVIIncomeIncomeFromSpecialLeasing" xlink:to="lbl_CaseVIIncomeSpecialLeasingIncome" xlink:type="arc"/>
      <link:loc xlink:href="../full/ct-OtherInc-2013-07-21.xsd#ct-OtherInc_CaseVIIncomeSpecialLeasingExpenses" xlink:label="lbl_CaseVIIncomeSpecialLeasingExpenses" xlink:type="locator"/>
      <link:presentationArc order="2.0" xlink:arcrole="http://www.xbrl.org/2003/arcrole/parent-child" xlink:from="lbl_CaseVIIncomeIncomeFromSpecialLeasing" xlink:to="lbl_CaseVIIncomeSpecialLeasingExpenses" xlink:type="arc"/>
      <link:loc xlink:href="../full/ct-OtherInc-2013-07-21.xsd#ct-OtherInc_CaseVIIncomeSpecialLeasingCapitalAllowances" xlink:label="lbl_CaseVIIncomeSpecialLeasingCapitalAllowances" xlink:type="locator"/>
      <link:presentationArc order="3.0" xlink:arcrole="http://www.xbrl.org/2003/arcrole/parent-child" xlink:from="lbl_CaseVIIncomeIncomeFromSpecialLeasing" xlink:to="lbl_CaseVIIncomeSpecialLeasingCapitalAllowances" xlink:type="arc"/>
      <link:loc xlink:href="../full/ct-OtherInc-2013-07-21.xsd#ct-OtherInc_CaseVIIncomeSpecialLeasingTotalDeductions" xlink:label="lbl_CaseVIIncomeSpecialLeasingTotalDeductions" xlink:type="locator"/>
      <link:presentationArc order="4.0" xlink:arcrole="http://www.xbrl.org/2003/arcrole/parent-child" xlink:from="lbl_CaseVIIncomeIncomeFromSpecialLeasing" xlink:to="lbl_CaseVIIncomeSpecialLeasingTotalDeductions" xlink:type="arc"/>
      <link:presentationArc order="5.0" xlink:arcrole="http://www.xbrl.org/2003/arcrole/parent-child" xlink:from="lbl_CaseVIIncomeIncomeFromSpecialLeasing" xlink:to="lbl_CaseVIIncomeSpecialLeasingCaseVIIncome" xlink:type="arc"/>
      <link:loc xlink:href="../full/ct-OtherInc-2013-07-21.xsd#ct-OtherInc_CaseVIIncomeSpecialLeasingLosses" xlink:label="lbl_CaseVIIncomeSpecialLeasingLosses" xlink:type="locator"/>
      <link:presentationArc order="6.0" xlink:arcrole="http://www.xbrl.org/2003/arcrole/parent-child" xlink:from="lbl_CaseVIIncomeIncomeFromSpecialLeasing" xlink:to="lbl_CaseVIIncomeSpecialLeasingLosses" xlink:type="arc"/>
      <link:loc xlink:href="../full/ct-OtherInc-2013-07-21.xsd#ct-OtherInc_CaseVIIncomeSpecialLeasingNonTradeCapitalAllowancesExcessOverIncome" xlink:label="lbl_CaseVIIncomeSpecialLeasingNonTradeCapitalAllowancesExcessOverIncome" xlink:type="locator"/>
      <link:presentationArc order="7.0" xlink:arcrole="http://www.xbrl.org/2003/arcrole/parent-child" xlink:from="lbl_CaseVIIncomeIncomeFromSpecialLeasing" xlink:to="lbl_CaseVIIncomeSpecialLeasingNonTradeCapitalAllowancesExcessOverIncome" xlink:type="arc"/>
   </link:presentationLink>
</linkbase>
