<?xml version="1.0" encoding="UTF-8" standalone="yes"?>
<linkbase xmlns="http://www.xbrl.org/2003/linkbase" xmlns:link="http://www.xbrl.org/2003/linkbase" xmlns:xlink="http://www.w3.org/1999/xlink" xmlns:xsi="http://www.w3.org/2001/XMLSchema-instance" xsi:schemaLocation="http://www.xbrl.org/2003/linkbase http://www.xbrl.org/2003/xbrl-linkbase-2003-12-31.xsd">
   <link:roleRef roleURI="http://www.govtalk.gov.uk/uk/fr/tax/uk-hmrc-ct-roles/2013-07-21/role/K_OtherLiabilities_mts" xlink:href="ct-roles-mts-2013-07-21.xsd#K_OtherLiabilities_mts" xlink:type="simple"/>
   <link:presentationLink xlink:role="http://www.govtalk.gov.uk/uk/fr/tax/uk-hmrc-ct-roles/2013-07-21/role/K_OtherLiabilities_mts" xlink:type="extended">
      <link:loc xlink:href="../full/ct-default-2013-07-21.xsd#ct-default_OtherLiabilities" xlink:label="ct-default_OtherLiabilities" xlink:type="locator"/>
      <link:loc xlink:href="../full/ct-default-2013-07-21.xsd#ct-default_OtherLiabilitiesSupplementaryChargeForRingFenceTradesUnderSection501AICTA" xlink:label="ct-default_OtherLiabilitiesSupplementaryChargeForRingFenceTradesUnderSection501AICTA" xlink:type="locator"/>
      <link:loc xlink:href="../full/ct-default-2013-07-21.xsd#ct-default_OtherLiabilitiesSupplementaryChargeForRingFenceTradesUnderSection501AICTADisallowedFinancingAndDecommissioningCostsCompany" xlink:label="ct-default_OtherLiabilitiesSupplementaryChargeForRingFenceTradesUnderSection501AICTADisallowedFinancingAndDecommissioningCostsCompany" xlink:type="locator"/>
      <link:loc xlink:href="../full/ct-default-2013-07-21.xsd#ct-default_OtherLiabilitiesSupplementaryChargeForRingFenceTradesUnderSection501AICTADisallowedFinancingCostsCompany" xlink:label="ct-default_OtherLiabilitiesSupplementaryChargeForRingFenceTradesUnderSection501AICTADisallowedFinancingCostsCompany" xlink:type="locator"/>
      <link:loc xlink:href="../full/ct-default-2013-07-21.xsd#ct-default_OtherLiabilitiesSupplementaryChargeForRingFenceTradesUnderSection501AICTADecommissioningAdjustmentCompany" xlink:label="ct-default_OtherLiabilitiesSupplementaryChargeForRingFenceTradesUnderSection501AICTADecommissioningAdjustmentCompany" xlink:type="locator"/>
      <link:loc xlink:href="../full/ct-default-2013-07-21.xsd#ct-default_OtherLiabilitiesSupplementaryChargeForRingFenceTradesUnderSection501AICTADisallowedFinancingAndDecommissioningCostsLossReliefSurrendered" xlink:label="ct-default_OtherLiabilitiesSupplementaryChargeForRingFenceTradesUnderSection501AICTADisallowedFinancingAndDecommissioningCostsLossReliefSurrendered" xlink:type="locator"/>
      <link:loc xlink:href="../full/ct-default-2013-07-21.xsd#ct-default_OtherLiabilitiesSupplementaryChargeForRingFenceTradesUnderSection501AICTADisallowedFinancingCostsLossReliefSurrendered" xlink:label="ct-default_OtherLiabilitiesSupplementaryChargeForRingFenceTradesUnderSection501AICTADisallowedFinancingCostsLossReliefSurrendered" xlink:type="locator"/>
      <link:loc xlink:href="../full/ct-default-2013-07-21.xsd#ct-default_OtherLiabilitiesSupplementaryChargeForRingFenceTradesUnderSection501AICTADecommissioningAdjustmentLossReliefSurrendered" xlink:label="ct-default_OtherLiabilitiesSupplementaryChargeForRingFenceTradesUnderSection501AICTADecommissioningAdjustmentLossReliefSurrendered" xlink:type="locator"/>
      <link:loc xlink:href="../full/ct-default-2013-07-21.xsd#ct-default_OtherLiabilitiesSupplementaryChargeForRingFenceTradesUnderSection501AICTALossesBFOrFromLaterPeriodAndPRTDecommissioningAdjustment" xlink:label="ct-default_OtherLiabilitiesSupplementaryChargeForRingFenceTradesUnderSection501AICTALossesBFOrFromLaterPeriodAndPRTDecommissioningAdjustment" xlink:type="locator"/>
      <link:loc xlink:href="../full/ct-default-2013-07-21.xsd#ct-default_OtherLiabilitiesSupplementaryChargeForRingFenceTradesUnderSection501AICTALossesBFOrFromLaterPeriod" xlink:label="ct-default_OtherLiabilitiesSupplementaryChargeForRingFenceTradesUnderSection501AICTALossesBFOrFromLaterPeriod" xlink:type="locator"/>
      <link:loc xlink:href="../full/ct-default-2013-07-21.xsd#ct-default_OtherLiabilitiesSupplementaryChargeForRingFenceTradesUnderSection501AICTAPRTDecommissioningAdjustment" xlink:label="ct-default_OtherLiabilitiesSupplementaryChargeForRingFenceTradesUnderSection501AICTAPRTDecommissioningAdjustment" xlink:type="locator"/>
      <link:presentationArc order="1.0" xlink:arcrole="http://www.xbrl.org/2003/arcrole/parent-child" xlink:from="ct-default_OtherLiabilities" xlink:to="ct-default_OtherLiabilitiesSupplementaryChargeForRingFenceTradesUnderSection501AICTA" xlink:type="arc"/>
      <link:presentationArc order="1.0" xlink:arcrole="http://www.xbrl.org/2003/arcrole/parent-child" xlink:from="ct-default_OtherLiabilitiesSupplementaryChargeForRingFenceTradesUnderSection501AICTA" xlink:to="ct-default_OtherLiabilitiesSupplementaryChargeForRingFenceTradesUnderSection501AICTADisallowedFinancingAndDecommissioningCostsCompany" xlink:type="arc"/>
      <link:presentationArc order="1.0" xlink:arcrole="http://www.xbrl.org/2003/arcrole/parent-child" xlink:from="ct-default_OtherLiabilitiesSupplementaryChargeForRingFenceTradesUnderSection501AICTADisallowedFinancingAndDecommissioningCostsCompany" xlink:to="ct-default_OtherLiabilitiesSupplementaryChargeForRingFenceTradesUnderSection501AICTADisallowedFinancingCostsCompany" xlink:type="arc"/>
      <link:presentationArc order="2.0" xlink:arcrole="http://www.xbrl.org/2003/arcrole/parent-child" xlink:from="ct-default_OtherLiabilitiesSupplementaryChargeForRingFenceTradesUnderSection501AICTADisallowedFinancingAndDecommissioningCostsCompany" xlink:to="ct-default_OtherLiabilitiesSupplementaryChargeForRingFenceTradesUnderSection501AICTADecommissioningAdjustmentCompany" xlink:type="arc"/>
      <link:presentationArc order="2.0" xlink:arcrole="http://www.xbrl.org/2003/arcrole/parent-child" xlink:from="ct-default_OtherLiabilitiesSupplementaryChargeForRingFenceTradesUnderSection501AICTA" xlink:to="ct-default_OtherLiabilitiesSupplementaryChargeForRingFenceTradesUnderSection501AICTADisallowedFinancingAndDecommissioningCostsLossReliefSurrendered" xlink:type="arc"/>
      <link:presentationArc order="1.0" xlink:arcrole="http://www.xbrl.org/2003/arcrole/parent-child" xlink:from="ct-default_OtherLiabilitiesSupplementaryChargeForRingFenceTradesUnderSection501AICTADisallowedFinancingAndDecommissioningCostsLossReliefSurrendered" xlink:to="ct-default_OtherLiabilitiesSupplementaryChargeForRingFenceTradesUnderSection501AICTADisallowedFinancingCostsLossReliefSurrendered" xlink:type="arc"/>
      <link:presentationArc order="2.0" xlink:arcrole="http://www.xbrl.org/2003/arcrole/parent-child" xlink:from="ct-default_OtherLiabilitiesSupplementaryChargeForRingFenceTradesUnderSection501AICTADisallowedFinancingAndDecommissioningCostsLossReliefSurrendered" xlink:to="ct-default_OtherLiabilitiesSupplementaryChargeForRingFenceTradesUnderSection501AICTADecommissioningAdjustmentLossReliefSurrendered" xlink:type="arc"/>
      <link:presentationArc order="3.0" xlink:arcrole="http://www.xbrl.org/2003/arcrole/parent-child" xlink:from="ct-default_OtherLiabilitiesSupplementaryChargeForRingFenceTradesUnderSection501AICTA" xlink:to="ct-default_OtherLiabilitiesSupplementaryChargeForRingFenceTradesUnderSection501AICTALossesBFOrFromLaterPeriodAndPRTDecommissioningAdjustment" xlink:type="arc"/>
      <link:presentationArc order="1.0" xlink:arcrole="http://www.xbrl.org/2003/arcrole/parent-child" xlink:from="ct-default_OtherLiabilitiesSupplementaryChargeForRingFenceTradesUnderSection501AICTALossesBFOrFromLaterPeriodAndPRTDecommissioningAdjustment" xlink:to="ct-default_OtherLiabilitiesSupplementaryChargeForRingFenceTradesUnderSection501AICTALossesBFOrFromLaterPeriod" xlink:type="arc"/>
      <link:presentationArc order="2.0" xlink:arcrole="http://www.xbrl.org/2003/arcrole/parent-child" xlink:from="ct-default_OtherLiabilitiesSupplementaryChargeForRingFenceTradesUnderSection501AICTALossesBFOrFromLaterPeriodAndPRTDecommissioningAdjustment" xlink:to="ct-default_OtherLiabilitiesSupplementaryChargeForRingFenceTradesUnderSection501AICTAPRTDecommissioningAdjustment" xlink:type="arc"/>
   </link:presentationLink>
</linkbase>
