<?xml version="1.0" encoding="UTF-8" standalone="yes"?>
<linkbase xmlns="http://www.xbrl.org/2003/linkbase" xmlns:link="http://www.xbrl.org/2003/linkbase" xmlns:xlink="http://www.w3.org/1999/xlink" xmlns:xsi="http://www.w3.org/2001/XMLSchema-instance" xsi:schemaLocation="http://www.xbrl.org/2003/linkbase http://www.xbrl.org/2003/xbrl-linkbase-2003-12-31.xsd">
   <link:roleRef roleURI="http://www.govtalk.gov.uk/uk/fr/tax/uk-hmrc-ct-roles/2013-07-21/role/M_ChargeableGains_mts" xlink:href="ct-roles-mts-2013-07-21.xsd#M_ChargeableGains_mts" xlink:type="simple"/>
   <link:presentationLink xlink:role="http://www.govtalk.gov.uk/uk/fr/tax/uk-hmrc-ct-roles/2013-07-21/role/M_ChargeableGains_mts" xlink:type="extended">
      <link:loc xlink:href="../full/ct-CG-2013-07-21.xsd#ct-CG_CGSummaryOfAllGainsAndLossesOfThePeriod" xlink:label="lbl_CGSummaryOfAllGainsAndLossesOfThePeriod" xlink:type="locator"/>
      <link:loc xlink:href="../full/ct-CG-2013-07-21.xsd#ct-CG_ChargeableGains" xlink:label="lbl_ChargeableGains" xlink:type="locator"/>
      <link:presentationArc order="1.0" xlink:arcrole="http://www.xbrl.org/2003/arcrole/parent-child" xlink:from="lbl_ChargeableGains" xlink:to="lbl_CGSummaryOfAllGainsAndLossesOfThePeriod" xlink:type="arc"/>
      <link:loc xlink:href="../full/ct-CG-2013-07-21.xsd#ct-CG_CGSummaryGrossChargeableGains" xlink:label="lbl_CGSummaryGrossChargeableGains" xlink:type="locator"/>
      <link:presentationArc order="1.0" xlink:arcrole="http://www.xbrl.org/2003/arcrole/parent-child" xlink:from="lbl_CGSummaryOfAllGainsAndLossesOfThePeriod" xlink:to="lbl_CGSummaryGrossChargeableGains" xlink:type="arc"/>
      <link:loc xlink:href="../full/ct-CG-2013-07-21.xsd#ct-CG_CGSummaryAllowableLossesDeducted" xlink:label="lbl_CGSummaryAllowableLossesDeducted" xlink:type="locator"/>
      <link:presentationArc order="2.0" xlink:arcrole="http://www.xbrl.org/2003/arcrole/parent-child" xlink:from="lbl_CGSummaryOfAllGainsAndLossesOfThePeriod" xlink:to="lbl_CGSummaryAllowableLossesDeducted" xlink:type="arc"/>
      <link:loc xlink:href="../full/ct-CG-2013-07-21.xsd#ct-CG_CGSummaryNetChargeableGains" xlink:label="lbl_CGSummaryNetChargeableGains" xlink:type="locator"/>
      <link:presentationArc order="3.0" xlink:arcrole="http://www.xbrl.org/2003/arcrole/parent-child" xlink:from="lbl_CGSummaryOfAllGainsAndLossesOfThePeriod" xlink:to="lbl_CGSummaryNetChargeableGains" xlink:type="arc"/>
      <link:loc xlink:href="../full/ct-CG-2013-07-21.xsd#ct-CG_CGSummaryCapitalLossesArising" xlink:label="lbl_CGSummaryCapitalLossesArising" xlink:type="locator"/>
      <link:presentationArc order="4.0" xlink:arcrole="http://www.xbrl.org/2003/arcrole/parent-child" xlink:from="lbl_CGSummaryOfAllGainsAndLossesOfThePeriod" xlink:to="lbl_CGSummaryCapitalLossesArising" xlink:type="arc"/>
      <link:loc xlink:href="../full/ct-CG-2013-07-21.xsd#ct-CG_CGSummaryREITGainsChargeableAtMainRate" xlink:label="lbl_CGSummaryREITGainsChargeableAtMainRate" xlink:type="locator"/>
      <link:presentationArc order="5.0" xlink:arcrole="http://www.xbrl.org/2003/arcrole/parent-child" xlink:from="lbl_CGSummaryOfAllGainsAndLossesOfThePeriod" xlink:to="lbl_CGSummaryREITGainsChargeableAtMainRate" xlink:type="arc"/>
      <link:loc xlink:href="../full/ct-CG-2013-07-21.xsd#ct-CG_CGSummarySection35Subsection5Election" xlink:label="lbl_CGSummarySection35Subsection5Election" xlink:type="locator"/>
      <link:presentationArc order="6.0" xlink:arcrole="http://www.xbrl.org/2003/arcrole/parent-child" xlink:from="lbl_CGSummaryOfAllGainsAndLossesOfThePeriod" xlink:to="lbl_CGSummarySection35Subsection5Election" xlink:type="arc"/>
      <link:loc xlink:href="../full/ct-CG-2013-07-21.xsd#ct-CG_CGComputationOfGainsAndLosses" xlink:label="lbl_CGComputationOfGainsAndLosses" xlink:type="locator"/>
      <link:presentationArc order="2.0" xlink:arcrole="http://www.xbrl.org/2003/arcrole/parent-child" xlink:from="lbl_ChargeableGains" xlink:to="lbl_CGComputationOfGainsAndLosses" xlink:type="arc"/>
      <link:loc xlink:href="../full/ct-CG-2013-07-21.xsd#ct-CG_CGComputationOfGainsAndLossesTotalGains" xlink:label="lbl_CGComputationOfGainsAndLossesTotalGains" xlink:type="locator"/>
      <link:presentationArc order="1.0" xlink:arcrole="http://www.xbrl.org/2003/arcrole/parent-child" xlink:from="lbl_CGComputationOfGainsAndLosses" xlink:to="lbl_CGComputationOfGainsAndLossesTotalGains" xlink:type="arc"/>
      <link:loc xlink:href="../full/ct-CG-2013-07-21.xsd#ct-CG_CGComputationOfGainsAndLossesTotalLosses" xlink:label="lbl_CGComputationOfGainsAndLossesTotalLosses" xlink:type="locator"/>
      <link:presentationArc order="2.0" xlink:arcrole="http://www.xbrl.org/2003/arcrole/parent-child" xlink:from="lbl_CGComputationOfGainsAndLosses" xlink:to="lbl_CGComputationOfGainsAndLossesTotalLosses" xlink:type="arc"/>
      <link:loc xlink:href="../full/ct-CG-2013-07-21.xsd#ct-CG_CGComputationOfGainsAndLossesIndividualComputations" xlink:label="lbl_CGComputationOfGainsAndLossesIndividualComputations" xlink:type="locator"/>
      <link:presentationArc order="3.0" xlink:arcrole="http://www.xbrl.org/2003/arcrole/parent-child" xlink:from="lbl_CGComputationOfGainsAndLosses" xlink:to="lbl_CGComputationOfGainsAndLossesIndividualComputations" xlink:type="arc"/>
      <link:loc xlink:href="../full/ct-CG-2013-07-21.xsd#ct-CG_CGComputationOfGainsAndLossesIndividualComputationsDescriptionOfAsset" xlink:label="lbl_CGComputationOfGainsAndLossesIndividualComputationsDescriptionOfAsset" xlink:type="locator"/>
      <link:presentationArc order="1.0" xlink:arcrole="http://www.xbrl.org/2003/arcrole/parent-child" xlink:from="lbl_CGComputationOfGainsAndLossesIndividualComputations" xlink:to="lbl_CGComputationOfGainsAndLossesIndividualComputationsDescriptionOfAsset" xlink:type="arc"/>
      <link:loc xlink:href="../full/ct-CG-2013-07-21.xsd#ct-CG_CGComputationOfGainsAndLossesIndividualComputationsDateOfDisposal" xlink:label="lbl_CGComputationOfGainsAndLossesIndividualComputationsDateOfDisposal" xlink:type="locator"/>
      <link:presentationArc order="2.0" xlink:arcrole="http://www.xbrl.org/2003/arcrole/parent-child" xlink:from="lbl_CGComputationOfGainsAndLossesIndividualComputations" xlink:to="lbl_CGComputationOfGainsAndLossesIndividualComputationsDateOfDisposal" xlink:type="arc"/>
      <link:loc xlink:href="../full/ct-CG-2013-07-21.xsd#ct-CG_CGComputationOfGainsAndLossesIndividualComputationsProceeds" xlink:label="lbl_CGComputationOfGainsAndLossesIndividualComputationsProceeds" xlink:type="locator"/>
      <link:presentationArc order="3.0" xlink:arcrole="http://www.xbrl.org/2003/arcrole/parent-child" xlink:from="lbl_CGComputationOfGainsAndLossesIndividualComputations" xlink:to="lbl_CGComputationOfGainsAndLossesIndividualComputationsProceeds" xlink:type="arc"/>
      <link:loc xlink:href="../full/ct-CG-2013-07-21.xsd#ct-CG_CGComputationOfGainsAndLossesIndividualComputationsIncidentalCostsOfDisposal" xlink:label="lbl_CGComputationOfGainsAndLossesIndividualComputationsIncidentalCostsOfDisposal" xlink:type="locator"/>
      <link:presentationArc order="4.0" xlink:arcrole="http://www.xbrl.org/2003/arcrole/parent-child" xlink:from="lbl_CGComputationOfGainsAndLossesIndividualComputations" xlink:to="lbl_CGComputationOfGainsAndLossesIndividualComputationsIncidentalCostsOfDisposal" xlink:type="arc"/>
      <link:loc xlink:href="../full/ct-CG-2013-07-21.xsd#ct-CG_CGComputationOfGainsAndLossesIndividualComputationsValueOfPartRetained" xlink:label="lbl_CGComputationOfGainsAndLossesIndividualComputationsValueOfPartRetained" xlink:type="locator"/>
      <link:presentationArc order="5.0" xlink:arcrole="http://www.xbrl.org/2003/arcrole/parent-child" xlink:from="lbl_CGComputationOfGainsAndLossesIndividualComputations" xlink:to="lbl_CGComputationOfGainsAndLossesIndividualComputationsValueOfPartRetained" xlink:type="arc"/>
      <link:loc xlink:href="../full/ct-CG-2013-07-21.xsd#ct-CG_CGComputationOfGainsAndLossesIndividualComputationsCostBasisCosts" xlink:label="lbl_CGComputationOfGainsAndLossesIndividualComputationsCostBasisCosts" xlink:type="locator"/>
      <link:presentationArc order="6.0" xlink:arcrole="http://www.xbrl.org/2003/arcrole/parent-child" xlink:from="lbl_CGComputationOfGainsAndLossesIndividualComputations" xlink:to="lbl_CGComputationOfGainsAndLossesIndividualComputationsCostBasisCosts" xlink:type="arc"/>
      <link:loc xlink:href="../full/ct-CG-2013-07-21.xsd#ct-CG_CGComputationOfGainsAndLossesIndividualComputationsCostBasisCostsNetOfS42Apportionment" xlink:label="lbl_CGComputationOfGainsAndLossesIndividualComputationsCostBasisCostsNetOfS42Apportionment" xlink:type="locator"/>
      <link:presentationArc order="7.0" xlink:arcrole="http://www.xbrl.org/2003/arcrole/parent-child" xlink:from="lbl_CGComputationOfGainsAndLossesIndividualComputations" xlink:to="lbl_CGComputationOfGainsAndLossesIndividualComputationsCostBasisCostsNetOfS42Apportionment" xlink:type="arc"/>
      <link:loc xlink:href="../full/ct-CG-2013-07-21.xsd#ct-CG_CGComputationOfGainsAndLossesIndividualComputationsCostBasisIndexationAllowance" xlink:label="lbl_CGComputationOfGainsAndLossesIndividualComputationsCostBasisIndexationAllowance" xlink:type="locator"/>
      <link:presentationArc order="8.0" xlink:arcrole="http://www.xbrl.org/2003/arcrole/parent-child" xlink:from="lbl_CGComputationOfGainsAndLossesIndividualComputations" xlink:to="lbl_CGComputationOfGainsAndLossesIndividualComputationsCostBasisIndexationAllowance" xlink:type="arc"/>
      <link:loc xlink:href="../full/ct-CG-2013-07-21.xsd#ct-CG_CGComputationOfGainsAndLossesIndividualComputationsCostBasisIndexedGainOrLoss" xlink:label="lbl_CGComputationOfGainsAndLossesIndividualComputationsCostBasisIndexedGainOrLoss" xlink:type="locator"/>
      <link:presentationArc order="9.0" xlink:arcrole="http://www.xbrl.org/2003/arcrole/parent-child" xlink:from="lbl_CGComputationOfGainsAndLossesIndividualComputations" xlink:to="lbl_CGComputationOfGainsAndLossesIndividualComputationsCostBasisIndexedGainOrLoss" xlink:type="arc"/>
      <link:loc xlink:href="../full/ct-CG-2013-07-21.xsd#ct-CG_CGComputationOfGainsAndLossesIndividualComputationsCostBasisTimeApportionedGainOrLoss" xlink:label="lbl_CGComputationOfGainsAndLossesIndividualComputationsCostBasisTimeApportionedGainOrLoss" xlink:type="locator"/>
      <link:presentationArc order="10.0" xlink:arcrole="http://www.xbrl.org/2003/arcrole/parent-child" xlink:from="lbl_CGComputationOfGainsAndLossesIndividualComputations" xlink:to="lbl_CGComputationOfGainsAndLossesIndividualComputationsCostBasisTimeApportionedGainOrLoss" xlink:type="arc"/>
      <link:loc xlink:href="../full/ct-CG-2013-07-21.xsd#ct-CG_CGComputationOfGainsAndLossesIndividualComputations1965ValuationBasisCosts" xlink:label="lbl_CGComputationOfGainsAndLossesIndividualComputations1965ValuationBasisCosts" xlink:type="locator"/>
      <link:presentationArc order="11.0" xlink:arcrole="http://www.xbrl.org/2003/arcrole/parent-child" xlink:from="lbl_CGComputationOfGainsAndLossesIndividualComputations" xlink:to="lbl_CGComputationOfGainsAndLossesIndividualComputations1965ValuationBasisCosts" xlink:type="arc"/>
      <link:loc xlink:href="../full/ct-CG-2013-07-21.xsd#ct-CG_CGComputationOfGainsAndLossesIndividualComputations1965ValuationBasisCostsNetOfS42Apportionment" xlink:label="lbl_CGComputationOfGainsAndLossesIndividualComputations1965ValuationBasisCostsNetOfS42Apportionment" xlink:type="locator"/>
      <link:presentationArc order="12.0" xlink:arcrole="http://www.xbrl.org/2003/arcrole/parent-child" xlink:from="lbl_CGComputationOfGainsAndLossesIndividualComputations" xlink:to="lbl_CGComputationOfGainsAndLossesIndividualComputations1965ValuationBasisCostsNetOfS42Apportionment" xlink:type="arc"/>
      <link:loc xlink:href="../full/ct-CG-2013-07-21.xsd#ct-CG_CGComputationOfGainsAndLossesIndividualComputations1965ValuationBasisIndexationAllowance" xlink:label="lbl_CGComputationOfGainsAndLossesIndividualComputations1965ValuationBasisIndexationAllowance" xlink:type="locator"/>
      <link:presentationArc order="13.0" xlink:arcrole="http://www.xbrl.org/2003/arcrole/parent-child" xlink:from="lbl_CGComputationOfGainsAndLossesIndividualComputations" xlink:to="lbl_CGComputationOfGainsAndLossesIndividualComputations1965ValuationBasisIndexationAllowance" xlink:type="arc"/>
      <link:loc xlink:href="../full/ct-CG-2013-07-21.xsd#ct-CG_CGComputationOfGainsAndLossesIndividualComputations1965ValuationBasisIndexedGainOrLoss" xlink:label="lbl_CGComputationOfGainsAndLossesIndividualComputations1965ValuationBasisIndexedGainOrLoss" xlink:type="locator"/>
      <link:presentationArc order="14.0" xlink:arcrole="http://www.xbrl.org/2003/arcrole/parent-child" xlink:from="lbl_CGComputationOfGainsAndLossesIndividualComputations" xlink:to="lbl_CGComputationOfGainsAndLossesIndividualComputations1965ValuationBasisIndexedGainOrLoss" xlink:type="arc"/>
      <link:loc xlink:href="../full/ct-CG-2013-07-21.xsd#ct-CG_CGComputationOfGainsAndLossesIndividualComputations1982ValuationBasisCosts" xlink:label="lbl_CGComputationOfGainsAndLossesIndividualComputations1982ValuationBasisCosts" xlink:type="locator"/>
      <link:presentationArc order="15.0" xlink:arcrole="http://www.xbrl.org/2003/arcrole/parent-child" xlink:from="lbl_CGComputationOfGainsAndLossesIndividualComputations" xlink:to="lbl_CGComputationOfGainsAndLossesIndividualComputations1982ValuationBasisCosts" xlink:type="arc"/>
      <link:loc xlink:href="../full/ct-CG-2013-07-21.xsd#ct-CG_CGComputationOfGainsAndLossesIndividualComputations1982ValuationBasisCostsNetOfS42Apportionment" xlink:label="lbl_CGComputationOfGainsAndLossesIndividualComputations1982ValuationBasisCostsNetOfS42Apportionment" xlink:type="locator"/>
      <link:presentationArc order="16.0" xlink:arcrole="http://www.xbrl.org/2003/arcrole/parent-child" xlink:from="lbl_CGComputationOfGainsAndLossesIndividualComputations" xlink:to="lbl_CGComputationOfGainsAndLossesIndividualComputations1982ValuationBasisCostsNetOfS42Apportionment" xlink:type="arc"/>
      <link:loc xlink:href="../full/ct-CG-2013-07-21.xsd#ct-CG_CGComputationOfGainsAndLossesIndividualComputations1982ValuationBasisIndexationAllowance" xlink:label="lbl_CGComputationOfGainsAndLossesIndividualComputations1982ValuationBasisIndexationAllowance" xlink:type="locator"/>
      <link:presentationArc order="17.0" xlink:arcrole="http://www.xbrl.org/2003/arcrole/parent-child" xlink:from="lbl_CGComputationOfGainsAndLossesIndividualComputations" xlink:to="lbl_CGComputationOfGainsAndLossesIndividualComputations1982ValuationBasisIndexationAllowance" xlink:type="arc"/>
      <link:loc xlink:href="../full/ct-CG-2013-07-21.xsd#ct-CG_CGComputationOfGainsAndLossesIndividualComputations1982ValuationBasisIndexedGainOrLoss" xlink:label="lbl_CGComputationOfGainsAndLossesIndividualComputations1982ValuationBasisIndexedGainOrLoss" xlink:type="locator"/>
      <link:presentationArc order="18.0" xlink:arcrole="http://www.xbrl.org/2003/arcrole/parent-child" xlink:from="lbl_CGComputationOfGainsAndLossesIndividualComputations" xlink:to="lbl_CGComputationOfGainsAndLossesIndividualComputations1982ValuationBasisIndexedGainOrLoss" xlink:type="arc"/>
      <link:loc xlink:href="../full/ct-CG-2013-07-21.xsd#ct-CG_CGComputationOfGainsAndLossesIndividualComputationsHeldoverGainAccruing" xlink:label="lbl_CGComputationOfGainsAndLossesIndividualComputationsHeldoverGainAccruing" xlink:type="locator"/>
      <link:presentationArc order="19.0" xlink:arcrole="http://www.xbrl.org/2003/arcrole/parent-child" xlink:from="lbl_CGComputationOfGainsAndLossesIndividualComputations" xlink:to="lbl_CGComputationOfGainsAndLossesIndividualComputationsHeldoverGainAccruing" xlink:type="arc"/>
      <link:loc xlink:href="../full/ct-CG-2013-07-21.xsd#ct-CG_CGComputationOfGainsAndLossesIndividualComputationsDeferredGainAccruing" xlink:label="lbl_CGComputationOfGainsAndLossesIndividualComputationsDeferredGainAccruing" xlink:type="locator"/>
      <link:presentationArc order="20.0" xlink:arcrole="http://www.xbrl.org/2003/arcrole/parent-child" xlink:from="lbl_CGComputationOfGainsAndLossesIndividualComputations" xlink:to="lbl_CGComputationOfGainsAndLossesIndividualComputationsDeferredGainAccruing" xlink:type="arc"/>
      <link:loc xlink:href="../full/ct-CG-2013-07-21.xsd#ct-CG_CGComputationOfGainsAndLossesIndividualComputationsGainOrLoss" xlink:label="lbl_CGComputationOfGainsAndLossesIndividualComputationsGainOrLoss" xlink:type="locator"/>
      <link:presentationArc order="21.0" xlink:arcrole="http://www.xbrl.org/2003/arcrole/parent-child" xlink:from="lbl_CGComputationOfGainsAndLossesIndividualComputations" xlink:to="lbl_CGComputationOfGainsAndLossesIndividualComputationsGainOrLoss" xlink:type="arc"/>
      <link:loc xlink:href="../full/ct-CG-2013-07-21.xsd#ct-CG_CGComputationOfGainsAndLossesIndividualComputationsGainOrLossAdjustments" xlink:label="lbl_CGComputationOfGainsAndLossesIndividualComputationsGainOrLossAdjustments" xlink:type="locator"/>
      <link:presentationArc order="22.0" xlink:arcrole="http://www.xbrl.org/2003/arcrole/parent-child" xlink:from="lbl_CGComputationOfGainsAndLossesIndividualComputations" xlink:to="lbl_CGComputationOfGainsAndLossesIndividualComputationsGainOrLossAdjustments" xlink:type="arc"/>
      <link:loc xlink:href="../full/ct-CG-2013-07-21.xsd#ct-CG_CGComputationOfGainsAndLossesIndividualComputationsGain" xlink:label="lbl_CGComputationOfGainsAndLossesIndividualComputationsGain" xlink:type="locator"/>
      <link:presentationArc order="23.0" xlink:arcrole="http://www.xbrl.org/2003/arcrole/parent-child" xlink:from="lbl_CGComputationOfGainsAndLossesIndividualComputations" xlink:to="lbl_CGComputationOfGainsAndLossesIndividualComputationsGain" xlink:type="arc"/>
      <link:loc xlink:href="../full/ct-CG-2013-07-21.xsd#ct-CG_CGComputationOfGainsAndLossesIndividualComputationsRolloverRelief" xlink:label="lbl_CGComputationOfGainsAndLossesIndividualComputationsRolloverRelief" xlink:type="locator"/>
      <link:presentationArc order="24.0" xlink:arcrole="http://www.xbrl.org/2003/arcrole/parent-child" xlink:from="lbl_CGComputationOfGainsAndLossesIndividualComputations" xlink:to="lbl_CGComputationOfGainsAndLossesIndividualComputationsRolloverRelief" xlink:type="arc"/>
      <link:loc xlink:href="../full/ct-CG-2013-07-21.xsd#ct-CG_CGComputationOfGainsAndLossesIndividualComputationsRingFenceReinvestment" xlink:label="lbl_CGComputationOfGainsAndLossesIndividualComputationsRingFenceReinvestment" xlink:type="locator"/>
      <link:presentationArc order="25.0" xlink:arcrole="http://www.xbrl.org/2003/arcrole/parent-child" xlink:from="lbl_CGComputationOfGainsAndLossesIndividualComputations" xlink:to="lbl_CGComputationOfGainsAndLossesIndividualComputationsRingFenceReinvestment" xlink:type="arc"/>
      <link:loc xlink:href="../full/ct-CG-2013-07-21.xsd#ct-CG_CGComputationOfGainsAndLossesIndividualComputationsGainDeferred" xlink:label="lbl_CGComputationOfGainsAndLossesIndividualComputationsGainDeferred" xlink:type="locator"/>
      <link:presentationArc order="26.0" xlink:arcrole="http://www.xbrl.org/2003/arcrole/parent-child" xlink:from="lbl_CGComputationOfGainsAndLossesIndividualComputations" xlink:to="lbl_CGComputationOfGainsAndLossesIndividualComputationsGainDeferred" xlink:type="arc"/>
      <link:loc xlink:href="../full/ct-CG-2013-07-21.xsd#ct-CG_CGComputationOfGainsAndLossesIndividualComputationsOtherReliefsAndExemptions" xlink:label="lbl_CGComputationOfGainsAndLossesIndividualComputationsOtherReliefsAndExemptions" xlink:type="locator"/>
      <link:presentationArc order="27.0" xlink:arcrole="http://www.xbrl.org/2003/arcrole/parent-child" xlink:from="lbl_CGComputationOfGainsAndLossesIndividualComputations" xlink:to="lbl_CGComputationOfGainsAndLossesIndividualComputationsOtherReliefsAndExemptions" xlink:type="arc"/>
      <link:loc xlink:href="../full/ct-CG-2013-07-21.xsd#ct-CG_CGComputationOfGainsAndLossesIndividualComputationsChargeableGain" xlink:label="lbl_CGComputationOfGainsAndLossesIndividualComputationsChargeableGain" xlink:type="locator"/>
      <link:presentationArc order="28.0" xlink:arcrole="http://www.xbrl.org/2003/arcrole/parent-child" xlink:from="lbl_CGComputationOfGainsAndLossesIndividualComputations" xlink:to="lbl_CGComputationOfGainsAndLossesIndividualComputationsChargeableGain" xlink:type="arc"/>
      <link:loc xlink:href="../full/ct-CG-2013-07-21.xsd#ct-CG_CGComputationOfGainsAndLossesIndividualComputationsLoss" xlink:label="lbl_CGComputationOfGainsAndLossesIndividualComputationsLoss" xlink:type="locator"/>
      <link:presentationArc order="29.0" xlink:arcrole="http://www.xbrl.org/2003/arcrole/parent-child" xlink:from="lbl_CGComputationOfGainsAndLossesIndividualComputations" xlink:to="lbl_CGComputationOfGainsAndLossesIndividualComputationsLoss" xlink:type="arc"/>
      <link:loc xlink:href="../full/ct-CG-2013-07-21.xsd#ct-CG_CGComputationOfGainsAndLossesIndividualComputationsDisallowableLosses" xlink:label="lbl_CGComputationOfGainsAndLossesIndividualComputationsDisallowableLosses" xlink:type="locator"/>
      <link:presentationArc order="30.0" xlink:arcrole="http://www.xbrl.org/2003/arcrole/parent-child" xlink:from="lbl_CGComputationOfGainsAndLossesIndividualComputations" xlink:to="lbl_CGComputationOfGainsAndLossesIndividualComputationsDisallowableLosses" xlink:type="arc"/>
      <link:loc xlink:href="../full/ct-CG-2013-07-21.xsd#ct-CG_CGComputationOfGainsAndLossesIndividualComputationsDepreciatoryTransactions" xlink:label="lbl_CGComputationOfGainsAndLossesIndividualComputationsDepreciatoryTransactions" xlink:type="locator"/>
      <link:presentationArc order="31.0" xlink:arcrole="http://www.xbrl.org/2003/arcrole/parent-child" xlink:from="lbl_CGComputationOfGainsAndLossesIndividualComputations" xlink:to="lbl_CGComputationOfGainsAndLossesIndividualComputationsDepreciatoryTransactions" xlink:type="arc"/>
      <link:loc xlink:href="../full/ct-CG-2013-07-21.xsd#ct-CG_CGComputationOfGainsAndLossesIndividualComputationsOtherRestrictionsToLoss" xlink:label="lbl_CGComputationOfGainsAndLossesIndividualComputationsOtherRestrictionsToLoss" xlink:type="locator"/>
      <link:presentationArc order="32.0" xlink:arcrole="http://www.xbrl.org/2003/arcrole/parent-child" xlink:from="lbl_CGComputationOfGainsAndLossesIndividualComputations" xlink:to="lbl_CGComputationOfGainsAndLossesIndividualComputationsOtherRestrictionsToLoss" xlink:type="arc"/>
      <link:loc xlink:href="../full/ct-CG-2013-07-21.xsd#ct-CG_CGComputationOfGainsAndLossesIndividualComputationsAllowableLoss" xlink:label="lbl_CGComputationOfGainsAndLossesIndividualComputationsAllowableLoss" xlink:type="locator"/>
      <link:presentationArc order="33.0" xlink:arcrole="http://www.xbrl.org/2003/arcrole/parent-child" xlink:from="lbl_CGComputationOfGainsAndLossesIndividualComputations" xlink:to="lbl_CGComputationOfGainsAndLossesIndividualComputationsAllowableLoss" xlink:type="arc"/>
      <link:loc xlink:href="../full/ct-CG-2013-07-21.xsd#ct-CG_CGComputationOfGainsAndLossesIndividualComputationsNoGainNoLoss" xlink:label="lbl_CGComputationOfGainsAndLossesIndividualComputationsNoGainNoLoss" xlink:type="locator"/>
      <link:presentationArc order="34.0" xlink:arcrole="http://www.xbrl.org/2003/arcrole/parent-child" xlink:from="lbl_CGComputationOfGainsAndLossesIndividualComputations" xlink:to="lbl_CGComputationOfGainsAndLossesIndividualComputationsNoGainNoLoss" xlink:type="arc"/>
      <link:loc xlink:href="../full/ct-CG-2013-07-21.xsd#ct-CG_CGComputationOfGainsAndLossesIndividualComputationsS171TransferIn" xlink:label="lbl_CGComputationOfGainsAndLossesIndividualComputationsS171TransferIn" xlink:type="locator"/>
      <link:presentationArc order="35.0" xlink:arcrole="http://www.xbrl.org/2003/arcrole/parent-child" xlink:from="lbl_CGComputationOfGainsAndLossesIndividualComputations" xlink:to="lbl_CGComputationOfGainsAndLossesIndividualComputationsS171TransferIn" xlink:type="arc"/>
      <link:loc xlink:href="../full/ct-CG-2013-07-21.xsd#ct-CG_CGComputationOfGainsAndLossesIndividualComputationsS171ATransferIn" xlink:label="lbl_CGComputationOfGainsAndLossesIndividualComputationsS171ATransferIn" xlink:type="locator"/>
      <link:presentationArc order="36.0" xlink:arcrole="http://www.xbrl.org/2003/arcrole/parent-child" xlink:from="lbl_CGComputationOfGainsAndLossesIndividualComputations" xlink:to="lbl_CGComputationOfGainsAndLossesIndividualComputationsS171ATransferIn" xlink:type="arc"/>
      <link:loc xlink:href="../full/ct-CG-2013-07-21.xsd#ct-CG_CGComputationOfGainsAndLossesIndividualComputationsS171TransferOut" xlink:label="lbl_CGComputationOfGainsAndLossesIndividualComputationsS171TransferOut" xlink:type="locator"/>
      <link:presentationArc order="37.0" xlink:arcrole="http://www.xbrl.org/2003/arcrole/parent-child" xlink:from="lbl_CGComputationOfGainsAndLossesIndividualComputations" xlink:to="lbl_CGComputationOfGainsAndLossesIndividualComputationsS171TransferOut" xlink:type="arc"/>
      <link:loc xlink:href="../full/ct-CG-2013-07-21.xsd#ct-CG_CGComputationOfGainsAndLossesIndividualComputationsS171ATransferOut" xlink:label="lbl_CGComputationOfGainsAndLossesIndividualComputationsS171ATransferOut" xlink:type="locator"/>
      <link:presentationArc order="38.0" xlink:arcrole="http://www.xbrl.org/2003/arcrole/parent-child" xlink:from="lbl_CGComputationOfGainsAndLossesIndividualComputations" xlink:to="lbl_CGComputationOfGainsAndLossesIndividualComputationsS171ATransferOut" xlink:type="arc"/>
      <link:loc xlink:href="../full/ct-CG-2013-07-21.xsd#ct-CG_CGComputationOfGainsAndLossesIndividualComputationsS179DegroupingCharge" xlink:label="lbl_CGComputationOfGainsAndLossesIndividualComputationsS179DegroupingCharge" xlink:type="locator"/>
      <link:presentationArc order="39.0" xlink:arcrole="http://www.xbrl.org/2003/arcrole/parent-child" xlink:from="lbl_CGComputationOfGainsAndLossesIndividualComputations" xlink:to="lbl_CGComputationOfGainsAndLossesIndividualComputationsS179DegroupingCharge" xlink:type="arc"/>
      <link:loc xlink:href="../full/ct-CG-2013-07-21.xsd#ct-CG_CGComputationOfGainsAndLossesIndividualComputationsS179AReallocationIn" xlink:label="lbl_CGComputationOfGainsAndLossesIndividualComputationsS179AReallocationIn" xlink:type="locator"/>
      <link:presentationArc order="40.0" xlink:arcrole="http://www.xbrl.org/2003/arcrole/parent-child" xlink:from="lbl_CGComputationOfGainsAndLossesIndividualComputations" xlink:to="lbl_CGComputationOfGainsAndLossesIndividualComputationsS179AReallocationIn" xlink:type="arc"/>
      <link:loc xlink:href="../full/ct-CG-2013-07-21.xsd#ct-CG_CGComputationOfGainsAndLossesIndividualComputationsS179AReallocationOut" xlink:label="lbl_CGComputationOfGainsAndLossesIndividualComputationsS179AReallocationOut" xlink:type="locator"/>
      <link:presentationArc order="41.0" xlink:arcrole="http://www.xbrl.org/2003/arcrole/parent-child" xlink:from="lbl_CGComputationOfGainsAndLossesIndividualComputations" xlink:to="lbl_CGComputationOfGainsAndLossesIndividualComputationsS179AReallocationOut" xlink:type="arc"/>
      <link:loc xlink:href="../full/ct-CG-2013-07-21.xsd#ct-CG_CGComputationOfGainsAndLossesIndividualComputationsS24NegligibleValueClaim" xlink:label="lbl_CGComputationOfGainsAndLossesIndividualComputationsS24NegligibleValueClaim" xlink:type="locator"/>
      <link:presentationArc order="42.0" xlink:arcrole="http://www.xbrl.org/2003/arcrole/parent-child" xlink:from="lbl_CGComputationOfGainsAndLossesIndividualComputations" xlink:to="lbl_CGComputationOfGainsAndLossesIndividualComputationsS24NegligibleValueClaim" xlink:type="arc"/>
      <link:loc xlink:href="../full/ct-CG-2013-07-21.xsd#ct-CG_CGComputationOfGainsAndLossesIndividualComputationsOilLicenceSwap" xlink:label="lbl_CGComputationOfGainsAndLossesIndividualComputationsOilLicenceSwap" xlink:type="locator"/>
      <link:presentationArc order="43.0" xlink:arcrole="http://www.xbrl.org/2003/arcrole/parent-child" xlink:from="lbl_CGComputationOfGainsAndLossesIndividualComputations" xlink:to="lbl_CGComputationOfGainsAndLossesIndividualComputationsOilLicenceSwap" xlink:type="arc"/>
      <link:loc xlink:href="../full/ct-CG-2013-07-21.xsd#ct-CG_CGComputationOfGainsAndLossesIndividualComputationsAllowanceForForeignTax" xlink:label="lbl_CGComputationOfGainsAndLossesIndividualComputationsAllowanceForForeignTax" xlink:type="locator"/>
      <link:presentationArc order="44.0" xlink:arcrole="http://www.xbrl.org/2003/arcrole/parent-child" xlink:from="lbl_CGComputationOfGainsAndLossesIndividualComputations" xlink:to="lbl_CGComputationOfGainsAndLossesIndividualComputationsAllowanceForForeignTax" xlink:type="arc"/>
   </link:presentationLink>
</linkbase>
