<?xml version="1.0" encoding="UTF-8" standalone="yes"?>
<linkbase xmlns="http://www.xbrl.org/2003/linkbase" xmlns:link="http://www.xbrl.org/2003/linkbase" xmlns:xlink="http://www.w3.org/1999/xlink" xmlns:xsi="http://www.w3.org/2001/XMLSchema-instance" xsi:schemaLocation="http://www.xbrl.org/2003/linkbase http://www.xbrl.org/2003/xbrl-linkbase-2003-12-31.xsd">
   <link:roleRef roleURI="http://www.govtalk.gov.uk/uk/fr/tax/uk-hmrc-ct-roles/2013-07-21/role/A_CorporationTaxComputation_mts" xlink:href="ct-roles-mts-2013-07-21.xsd#A_CorporationTaxComputation_mts" xlink:type="simple"/>
   <link:presentationLink xlink:role="http://www.govtalk.gov.uk/uk/fr/tax/uk-hmrc-ct-roles/2013-07-21/role/A_CorporationTaxComputation_mts" xlink:type="extended">
      <link:loc xlink:href="../full/ct-Tax-2013-07-21.xsd#ct-Tax_CTProfitsAndGainsComputation" xlink:label="lbl_CTProfitsAndGainsComputation" xlink:type="locator"/>
      <link:loc xlink:href="../full/ct-CT-2013-07-21.xsd#ct-CT_CT" xlink:label="lbl_CT" xlink:type="locator"/>
      <link:presentationArc order="1.0" xlink:arcrole="http://www.xbrl.org/2003/arcrole/parent-child" xlink:from="lbl_CT" xlink:to="lbl_CTProfitsAndGainsComputation" xlink:type="arc"/>
      <link:loc xlink:href="../full/ct-CaseI-2013-07-21.xsd#ct-CaseI_TradingProfitsTotalProfitsAllTrades" xlink:label="lbl_TradingProfitsTotalProfitsAllTrades" xlink:type="locator"/>
      <link:presentationArc order="1.0" xlink:arcrole="http://www.xbrl.org/2003/arcrole/parent-child" xlink:from="lbl_CTProfitsAndGainsComputation" xlink:to="lbl_TradingProfitsTotalProfitsAllTrades" xlink:type="arc"/>
      <link:loc xlink:href="../full/ct-CaseI-2013-07-21.xsd#ct-CaseI_TradingProfitsTradingLossesUsedAgainstTradingProfitsOfThePeriod" xlink:label="lbl_TradingProfitsTradingLossesUsedAgainstTradingProfitsOfThePeriod" xlink:type="locator"/>
      <link:presentationArc order="2.0" xlink:arcrole="http://www.xbrl.org/2003/arcrole/parent-child" xlink:from="lbl_CTProfitsAndGainsComputation" xlink:to="lbl_TradingProfitsTradingLossesUsedAgainstTradingProfitsOfThePeriod" xlink:type="arc"/>
      <link:loc xlink:href="../full/ct-CaseI-2013-07-21.xsd#ct-CaseI_TradingProfitsNetTradingProfits" xlink:label="lbl_TradingProfitsNetTradingProfits" xlink:type="locator"/>
      <link:presentationArc order="3.0" xlink:arcrole="http://www.xbrl.org/2003/arcrole/parent-child" xlink:from="lbl_CTProfitsAndGainsComputation" xlink:to="lbl_TradingProfitsNetTradingProfits" xlink:type="arc"/>
      <link:loc xlink:href="../full/ct-default-2013-07-21.xsd#ct-default_InvestmentIncomeAndReliefsNonTradingLoanRelationshipsProfitsAndGainsFromNTLR" xlink:label="lbl_InvestmentIncomeAndReliefsNonTradingLoanRelationshipsProfitsAndGainsFromNTLR" xlink:type="locator"/>
      <link:presentationArc order="4.0" xlink:arcrole="http://www.xbrl.org/2003/arcrole/parent-child" xlink:from="lbl_CTProfitsAndGainsComputation" xlink:to="lbl_InvestmentIncomeAndReliefsNonTradingLoanRelationshipsProfitsAndGainsFromNTLR" xlink:type="arc"/>
      <link:loc xlink:href="../full/ct-OtherInc-2013-07-21.xsd#ct-OtherInc_AnnuitiesAnnualPaymentsTotal" xlink:label="lbl_AnnuitiesAnnualPaymentsTotal" xlink:type="locator"/>
      <link:presentationArc order="5.0" xlink:arcrole="http://www.xbrl.org/2003/arcrole/parent-child" xlink:from="lbl_CTProfitsAndGainsComputation" xlink:to="lbl_AnnuitiesAnnualPaymentsTotal" xlink:type="arc"/>
      <link:loc xlink:href="../full/ct-CaseV-2013-07-21.xsd#ct-CaseV_OverseasIncomeTotalGrossIncome" xlink:label="lbl_OverseasIncomeTotalGrossIncome" xlink:type="locator"/>
      <link:presentationArc order="6.0" xlink:arcrole="http://www.xbrl.org/2003/arcrole/parent-child" xlink:from="lbl_CTProfitsAndGainsComputation" xlink:to="lbl_OverseasIncomeTotalGrossIncome" xlink:type="arc"/>
      <link:loc xlink:href="../full/ct-OtherInc-2013-07-21.xsd#ct-OtherInc_IncomeFromWhichITDeductedTotal" xlink:label="lbl_IncomeFromWhichITDeductedTotal" xlink:type="locator"/>
      <link:presentationArc order="7.0" xlink:arcrole="http://www.xbrl.org/2003/arcrole/parent-child" xlink:from="lbl_CTProfitsAndGainsComputation" xlink:to="lbl_IncomeFromWhichITDeductedTotal" xlink:type="arc"/>
      <link:loc xlink:href="../full/ct-OtherInc-2013-07-21.xsd#ct-OtherInc_IntraGroupIncomeS247Total" xlink:label="lbl_IntraGroupIncomeS247Total" xlink:type="locator"/>
      <link:presentationArc order="8.0" xlink:arcrole="http://www.xbrl.org/2003/arcrole/parent-child" xlink:from="lbl_CTProfitsAndGainsComputation" xlink:to="lbl_IntraGroupIncomeS247Total" xlink:type="arc"/>
      <link:loc xlink:href="../full/ct-SchA-2013-07-21.xsd#ct-SchA_IncomeFromUKLandBuildingsAssessable" xlink:label="lbl_IncomeFromUKLandBuildingsAssessable" xlink:type="locator"/>
      <link:presentationArc order="9.0" xlink:arcrole="http://www.xbrl.org/2003/arcrole/parent-child" xlink:from="lbl_CTProfitsAndGainsComputation" xlink:to="lbl_IncomeFromUKLandBuildingsAssessable" xlink:type="arc"/>
      <link:loc xlink:href="../full/ct-OtherInc-2013-07-21.xsd#ct-OtherInc_OtherIncomeNonTradingGainsOnIntangibleFixedAssets" xlink:label="lbl_OtherIncomeNonTradingGainsOnIntangibleFixedAssets" xlink:type="locator"/>
      <link:presentationArc order="10.0" xlink:arcrole="http://www.xbrl.org/2003/arcrole/parent-child" xlink:from="lbl_CTProfitsAndGainsComputation" xlink:to="lbl_OtherIncomeNonTradingGainsOnIntangibleFixedAssets" xlink:type="arc"/>
      <link:loc xlink:href="../full/ct-OtherInc-2013-07-21.xsd#ct-OtherInc_OtherIncomeTonnageTaxProfits" xlink:label="lbl_OtherIncomeTonnageTaxProfits" xlink:type="locator"/>
      <link:presentationArc order="11.0" xlink:arcrole="http://www.xbrl.org/2003/arcrole/parent-child" xlink:from="lbl_CTProfitsAndGainsComputation" xlink:to="lbl_OtherIncomeTonnageTaxProfits" xlink:type="arc"/>
      <link:loc xlink:href="../full/ct-OtherInc-2013-07-21.xsd#ct-OtherInc_CaseVIIncomeOtherAnnualProfitsAndGains" xlink:label="lbl_CaseVIIncomeOtherAnnualProfitsAndGains" xlink:type="locator"/>
      <link:presentationArc order="12.0" xlink:arcrole="http://www.xbrl.org/2003/arcrole/parent-child" xlink:from="lbl_CTProfitsAndGainsComputation" xlink:to="lbl_CaseVIIncomeOtherAnnualProfitsAndGains" xlink:type="arc"/>
      <link:loc xlink:href="../full/ct-OtherInc-2013-07-21.xsd#ct-OtherInc_OtherIncomeIncomeWithinSchDCaseVI" xlink:label="lbl_OtherIncomeIncomeWithinSchDCaseVI" xlink:type="locator"/>
      <link:presentationArc order="13.0" xlink:arcrole="http://www.xbrl.org/2003/arcrole/parent-child" xlink:from="lbl_CTProfitsAndGainsComputation" xlink:to="lbl_OtherIncomeIncomeWithinSchDCaseVI" xlink:type="arc"/>
      <link:loc xlink:href="../full/ct-CG-2013-07-21.xsd#ct-CG_CGSummaryGrossChargeableGains" xlink:label="lbl_CGSummaryGrossChargeableGains" xlink:type="locator"/>
      <link:presentationArc order="14.0" xlink:arcrole="http://www.xbrl.org/2003/arcrole/parent-child" xlink:from="lbl_CTProfitsAndGainsComputation" xlink:to="lbl_CGSummaryGrossChargeableGains" xlink:type="arc"/>
      <link:loc xlink:href="../full/ct-CG-2013-07-21.xsd#ct-CG_CGSummaryAllowableLossesDeducted" xlink:label="lbl_CGSummaryAllowableLossesDeducted" xlink:type="locator"/>
      <link:presentationArc order="15.0" xlink:arcrole="http://www.xbrl.org/2003/arcrole/parent-child" xlink:from="lbl_CTProfitsAndGainsComputation" xlink:to="lbl_CGSummaryAllowableLossesDeducted" xlink:type="arc"/>
      <link:loc xlink:href="../full/ct-CG-2013-07-21.xsd#ct-CG_CGSummaryNetChargeableGains" xlink:label="lbl_CGSummaryNetChargeableGains" xlink:type="locator"/>
      <link:presentationArc order="16.0" xlink:arcrole="http://www.xbrl.org/2003/arcrole/parent-child" xlink:from="lbl_CTProfitsAndGainsComputation" xlink:to="lbl_CGSummaryNetChargeableGains" xlink:type="arc"/>
      <link:loc xlink:href="../full/ct-CaseI-2013-07-21.xsd#ct-CaseI_TradingProfitsTradingLossesBFAgainstCertainInvestmentIncomeTotal" xlink:label="lbl_TradingProfitsTradingLossesBFAgainstCertainInvestmentIncomeTotal" xlink:type="locator"/>
      <link:presentationArc order="17.0" xlink:arcrole="http://www.xbrl.org/2003/arcrole/parent-child" xlink:from="lbl_CTProfitsAndGainsComputation" xlink:to="lbl_TradingProfitsTradingLossesBFAgainstCertainInvestmentIncomeTotal" xlink:type="arc"/>
      <link:loc xlink:href="../full/ct-default-2013-07-21.xsd#ct-default_InvestmentIncomeAndReliefsNonTradingLoanRelationshipsDeficitBFAndUsed" xlink:label="lbl_InvestmentIncomeAndReliefsNonTradingLoanRelationshipsDeficitBFAndUsed" xlink:type="locator"/>
      <link:presentationArc order="18.0" xlink:arcrole="http://www.xbrl.org/2003/arcrole/parent-child" xlink:from="lbl_CTProfitsAndGainsComputation" xlink:to="lbl_InvestmentIncomeAndReliefsNonTradingLoanRelationshipsDeficitBFAndUsed" xlink:type="arc"/>
      <link:loc xlink:href="../full/ct-Tax-2013-07-21.xsd#ct-Tax_CalculationOfCTLiabilityProfitsBeforeOtherDeductionsReliefs" xlink:label="lbl_CalculationOfCTLiabilityProfitsBeforeOtherDeductionsReliefs" xlink:type="locator"/>
      <link:presentationArc order="19.0" xlink:arcrole="http://www.xbrl.org/2003/arcrole/parent-child" xlink:from="lbl_CTProfitsAndGainsComputation" xlink:to="lbl_CalculationOfCTLiabilityProfitsBeforeOtherDeductionsReliefs" xlink:type="arc"/>
      <link:loc xlink:href="../full/ct-DR-2013-07-21.xsd#ct-DR_CVSLossReliefAndLossesOnUnquotedShares" xlink:label="lbl_CVSLossReliefAndLossesOnUnquotedShares" xlink:type="locator"/>
      <link:presentationArc order="20.0" xlink:arcrole="http://www.xbrl.org/2003/arcrole/parent-child" xlink:from="lbl_CTProfitsAndGainsComputation" xlink:to="lbl_CVSLossReliefAndLossesOnUnquotedShares" xlink:type="arc"/>
      <link:loc xlink:href="../full/ct-DR-2013-07-21.xsd#ct-DR_ManagementExpensesRelief" xlink:label="lbl_ManagementExpensesRelief" xlink:type="locator"/>
      <link:presentationArc order="21.0" xlink:arcrole="http://www.xbrl.org/2003/arcrole/parent-child" xlink:from="lbl_CTProfitsAndGainsComputation" xlink:to="lbl_ManagementExpensesRelief" xlink:type="arc"/>
      <link:loc xlink:href="../full/ct-DR-2013-07-21.xsd#ct-DR_InterestDistributionsUnderS468LClaimed" xlink:label="lbl_InterestDistributionsUnderS468LClaimed" xlink:type="locator"/>
      <link:presentationArc order="22.0" xlink:arcrole="http://www.xbrl.org/2003/arcrole/parent-child" xlink:from="lbl_CTProfitsAndGainsComputation" xlink:to="lbl_InterestDistributionsUnderS468LClaimed" xlink:type="arc"/>
      <link:loc xlink:href="../full/ct-SchA-2013-07-21.xsd#ct-SchA_IncomeFromUKLandBuildingsDeductionsLossesUsedAgainstProfitsOfThePeriod" xlink:label="lbl_IncomeFromUKLandBuildingsDeductionsLossesUsedAgainstProfitsOfThePeriod" xlink:type="locator"/>
      <link:presentationArc order="23.0" xlink:arcrole="http://www.xbrl.org/2003/arcrole/parent-child" xlink:from="lbl_CTProfitsAndGainsComputation" xlink:to="lbl_IncomeFromUKLandBuildingsDeductionsLossesUsedAgainstProfitsOfThePeriod" xlink:type="arc"/>
      <link:loc xlink:href="../full/ct-DR-2013-07-21.xsd#ct-DR_ManagementExpensesCapitalAllowancesSummaryNetAllowancesOrCharges" xlink:label="lbl_ManagementExpensesCapitalAllowancesSummaryNetAllowancesOrCharges" xlink:type="locator"/>
      <link:presentationArc order="24.0" xlink:arcrole="http://www.xbrl.org/2003/arcrole/parent-child" xlink:from="lbl_CTProfitsAndGainsComputation" xlink:to="lbl_ManagementExpensesCapitalAllowancesSummaryNetAllowancesOrCharges" xlink:type="arc"/>
      <link:loc xlink:href="../full/ct-default-2013-07-21.xsd#ct-default_InvestmentIncomeAndReliefsNonTradingLoanRelationshipsDeficitOfThisOrLaterPeriodUsed" xlink:label="lbl_InvestmentIncomeAndReliefsNonTradingLoanRelationshipsDeficitOfThisOrLaterPeriodUsed" xlink:type="locator"/>
      <link:presentationArc order="25.0" xlink:arcrole="http://www.xbrl.org/2003/arcrole/parent-child" xlink:from="lbl_CTProfitsAndGainsComputation" xlink:to="lbl_InvestmentIncomeAndReliefsNonTradingLoanRelationshipsDeficitOfThisOrLaterPeriodUsed" xlink:type="arc"/>
      <link:loc xlink:href="../full/ct-OtherInc-2013-07-21.xsd#ct-OtherInc_OtherIncomeNonTradingLossesOnIntangibleFixedAssets" xlink:label="lbl_OtherIncomeNonTradingLossesOnIntangibleFixedAssets" xlink:type="locator"/>
      <link:presentationArc order="26.0" xlink:arcrole="http://www.xbrl.org/2003/arcrole/parent-child" xlink:from="lbl_CTProfitsAndGainsComputation" xlink:to="lbl_OtherIncomeNonTradingLossesOnIntangibleFixedAssets" xlink:type="arc"/>
      <link:loc xlink:href="../full/ct-CaseI-2013-07-21.xsd#ct-CaseI_TradingProfitsTradingLossesUsedAgainstTotalProfitsOfThePeriod" xlink:label="lbl_TradingProfitsTradingLossesUsedAgainstTotalProfitsOfThePeriod" xlink:type="locator"/>
      <link:presentationArc order="27.0" xlink:arcrole="http://www.xbrl.org/2003/arcrole/parent-child" xlink:from="lbl_CTProfitsAndGainsComputation" xlink:to="lbl_TradingProfitsTradingLossesUsedAgainstTotalProfitsOfThePeriod" xlink:type="arc"/>
      <link:loc xlink:href="../full/ct-CaseI-2013-07-21.xsd#ct-CaseI_TradingProfitsPMASpecialLeasingReliefAgainstTotalIncomeThisPeriod" xlink:label="lbl_TradingProfitsPMASpecialLeasingReliefAgainstTotalIncomeThisPeriod" xlink:type="locator"/>
      <link:presentationArc order="28.0" xlink:arcrole="http://www.xbrl.org/2003/arcrole/parent-child" xlink:from="lbl_CTProfitsAndGainsComputation" xlink:to="lbl_TradingProfitsPMASpecialLeasingReliefAgainstTotalIncomeThisPeriod" xlink:type="arc"/>
      <link:loc xlink:href="../full/ct-Tax-2013-07-21.xsd#ct-Tax_CalculationOfCTLiabilityDeductionsReliefs" xlink:label="lbl_CalculationOfCTLiabilityDeductionsReliefs" xlink:type="locator"/>
      <link:presentationArc order="29.0" xlink:arcrole="http://www.xbrl.org/2003/arcrole/parent-child" xlink:from="lbl_CTProfitsAndGainsComputation" xlink:to="lbl_CalculationOfCTLiabilityDeductionsReliefs" xlink:type="arc"/>
      <link:loc xlink:href="../full/ct-Tax-2013-07-21.xsd#ct-Tax_CalculationOfCTLiabilityProfitsBeforeChargesGroupRelief" xlink:label="lbl_CalculationOfCTLiabilityProfitsBeforeChargesGroupRelief" xlink:type="locator"/>
      <link:presentationArc order="30.0" xlink:arcrole="http://www.xbrl.org/2003/arcrole/parent-child" xlink:from="lbl_CTProfitsAndGainsComputation" xlink:to="lbl_CalculationOfCTLiabilityProfitsBeforeChargesGroupRelief" xlink:type="arc"/>
      <link:loc xlink:href="../full/ct-default-2013-07-21.xsd#ct-default_InvestmentIncomeAndReliefsChargesUsedAgainstProfitsOfThePeriod" xlink:label="lbl_InvestmentIncomeAndReliefsChargesUsedAgainstProfitsOfThePeriod" xlink:type="locator"/>
      <link:presentationArc order="31.0" xlink:arcrole="http://www.xbrl.org/2003/arcrole/parent-child" xlink:from="lbl_CTProfitsAndGainsComputation" xlink:to="lbl_InvestmentIncomeAndReliefsChargesUsedAgainstProfitsOfThePeriod" xlink:type="arc"/>
      <link:loc xlink:href="../full/ct-default-2013-07-21.xsd#ct-default_InvestmentIncomeAndReliefsQualifyingCharitableDonationsUK" xlink:label="lbl_InvestmentIncomeAndReliefsQualifyingCharitableDonationsUK" xlink:type="locator"/>
      <link:presentationArc order="1.0" xlink:arcrole="http://www.xbrl.org/2003/arcrole/parent-child" xlink:from="lbl_InvestmentIncomeAndReliefsChargesUsedAgainstProfitsOfThePeriod" xlink:to="lbl_InvestmentIncomeAndReliefsQualifyingCharitableDonationsUK" xlink:type="arc"/>
      <link:loc xlink:href="../full/ct-default-2013-07-21.xsd#ct-default_InvestmentIncomeAndReliefsQualifyingCharitableDonationsEEA" xlink:label="lbl_InvestmentIncomeAndReliefsQualifyingCharitableDonationsEEA" xlink:type="locator"/>
      <link:presentationArc order="2.0" xlink:arcrole="http://www.xbrl.org/2003/arcrole/parent-child" xlink:from="lbl_InvestmentIncomeAndReliefsChargesUsedAgainstProfitsOfThePeriod" xlink:to="lbl_InvestmentIncomeAndReliefsQualifyingCharitableDonationsEEA" xlink:type="arc"/>
      <link:loc xlink:href="../full/ct-default-2013-07-21.xsd#ct-default_InvestmentIncomeAndReliefsNonQualifyingCharitableDonations" xlink:label="lbl_InvestmentIncomeAndReliefsNonQualifyingCharitableDonations" xlink:type="locator"/>
      <link:presentationArc order="3.0" xlink:arcrole="http://www.xbrl.org/2003/arcrole/parent-child" xlink:from="lbl_InvestmentIncomeAndReliefsChargesUsedAgainstProfitsOfThePeriod" xlink:to="lbl_InvestmentIncomeAndReliefsNonQualifyingCharitableDonations" xlink:type="arc"/>
      <link:loc xlink:href="../full/ct-OtherInc-2013-07-21.xsd#ct-OtherInc_OtherIncomeAndReliefsGroupReliefClaimed" xlink:label="lbl_OtherIncomeAndReliefsGroupReliefClaimed" xlink:type="locator"/>
      <link:presentationArc order="32.0" xlink:arcrole="http://www.xbrl.org/2003/arcrole/parent-child" xlink:from="lbl_CTProfitsAndGainsComputation" xlink:to="lbl_OtherIncomeAndReliefsGroupReliefClaimed" xlink:type="arc"/>
      <link:loc xlink:href="../full/ct-Tax-2013-07-21.xsd#ct-Tax_CalculationOfCTLiabilityProfits" xlink:label="lbl_CalculationOfCTLiabilityProfits" xlink:type="locator"/>
      <link:presentationArc order="33.0" xlink:arcrole="http://www.xbrl.org/2003/arcrole/parent-child" xlink:from="lbl_CTProfitsAndGainsComputation" xlink:to="lbl_CalculationOfCTLiabilityProfits" xlink:type="arc"/>
      <link:loc xlink:href="../full/ct-Tax-2013-07-21.xsd#ct-Tax_CTTaxChargeablePayableAndRepayable" xlink:label="lbl_CTTaxChargeablePayableAndRepayable" xlink:type="locator"/>
      <link:presentationArc order="2.0" xlink:arcrole="http://www.xbrl.org/2003/arcrole/parent-child" xlink:from="lbl_CT" xlink:to="lbl_CTTaxChargeablePayableAndRepayable" xlink:type="arc"/>
      <link:loc xlink:href="../full/ct-Tax-2013-07-21.xsd#ct-Tax_CTTaxChargeablePayableAndRepayablePayable" xlink:label="lbl_CTTaxChargeablePayableAndRepayablePayable" xlink:type="locator"/>
      <link:presentationArc order="1.0" xlink:arcrole="http://www.xbrl.org/2003/arcrole/parent-child" xlink:from="lbl_CTTaxChargeablePayableAndRepayable" xlink:to="lbl_CTTaxChargeablePayableAndRepayablePayable" xlink:type="arc"/>
      <link:loc xlink:href="../full/ct-Tax-2013-07-21.xsd#ct-Tax_CalculationOfCTLiabilityCorporationTax" xlink:label="lbl_CalculationOfCTLiabilityCorporationTax" xlink:type="locator"/>
      <link:presentationArc order="1.0" xlink:arcrole="http://www.xbrl.org/2003/arcrole/parent-child" xlink:from="lbl_CTTaxChargeablePayableAndRepayablePayable" xlink:to="lbl_CalculationOfCTLiabilityCorporationTax" xlink:type="arc"/>
      <link:loc xlink:href="../full/ct-Tax-2013-07-21.xsd#ct-Tax_CalculationOfCTLiabilityMarginalRateRelief" xlink:label="lbl_CalculationOfCTLiabilityMarginalRateRelief" xlink:type="locator"/>
      <link:presentationArc order="2.0" xlink:arcrole="http://www.xbrl.org/2003/arcrole/parent-child" xlink:from="lbl_CTTaxChargeablePayableAndRepayablePayable" xlink:to="lbl_CalculationOfCTLiabilityMarginalRateRelief" xlink:type="arc"/>
      <link:loc xlink:href="../full/ct-Tax-2013-07-21.xsd#ct-Tax_CalculationOfCTLiabilityCTNetOfMarginalRateRelief" xlink:label="lbl_CalculationOfCTLiabilityCTNetOfMarginalRateRelief" xlink:type="locator"/>
      <link:presentationArc order="3.0" xlink:arcrole="http://www.xbrl.org/2003/arcrole/parent-child" xlink:from="lbl_CTTaxChargeablePayableAndRepayablePayable" xlink:to="lbl_CalculationOfCTLiabilityCTNetOfMarginalRateRelief" xlink:type="arc"/>
      <link:loc xlink:href="../full/ct-Tax-2013-07-21.xsd#ct-Tax_CalculationOfCTLiabilityNCDRAndUnderlyingRateTaxAtNCDR" xlink:label="lbl_CalculationOfCTLiabilityNCDRAndUnderlyingRateTaxAtNCDR" xlink:type="locator"/>
      <link:presentationArc order="4.0" xlink:arcrole="http://www.xbrl.org/2003/arcrole/parent-child" xlink:from="lbl_CTTaxChargeablePayableAndRepayablePayable" xlink:to="lbl_CalculationOfCTLiabilityNCDRAndUnderlyingRateTaxAtNCDR" xlink:type="arc"/>
      <link:loc xlink:href="../full/ct-Tax-2013-07-21.xsd#ct-Tax_CalculationOfCTLiabilityNCDRAndUnderlyingRateTaxAtUnderlyingRate" xlink:label="lbl_CalculationOfCTLiabilityNCDRAndUnderlyingRateTaxAtUnderlyingRate" xlink:type="locator"/>
      <link:presentationArc order="5.0" xlink:arcrole="http://www.xbrl.org/2003/arcrole/parent-child" xlink:from="lbl_CTTaxChargeablePayableAndRepayablePayable" xlink:to="lbl_CalculationOfCTLiabilityNCDRAndUnderlyingRateTaxAtUnderlyingRate" xlink:type="arc"/>
      <link:loc xlink:href="../full/ct-Tax-2013-07-21.xsd#ct-Tax_CalculationOfCTLiabilityCTChargeable" xlink:label="lbl_CalculationOfCTLiabilityCTChargeable" xlink:type="locator"/>
      <link:presentationArc order="6.0" xlink:arcrole="http://www.xbrl.org/2003/arcrole/parent-child" xlink:from="lbl_CTTaxChargeablePayableAndRepayablePayable" xlink:to="lbl_CalculationOfCTLiabilityCTChargeable" xlink:type="arc"/>
      <link:loc xlink:href="../full/ct-Tax-2013-07-21.xsd#ct-Tax_CalculationOfCTLiabilityTotalReliefsDeductionsInTermsOfTax" xlink:label="lbl_CalculationOfCTLiabilityTotalReliefsDeductionsInTermsOfTax" xlink:type="locator"/>
      <link:presentationArc order="7.0" xlink:arcrole="http://www.xbrl.org/2003/arcrole/parent-child" xlink:from="lbl_CTTaxChargeablePayableAndRepayablePayable" xlink:to="lbl_CalculationOfCTLiabilityTotalReliefsDeductionsInTermsOfTax" xlink:type="arc"/>
      <link:loc xlink:href="../full/ct-Tax-2013-07-21.xsd#ct-Tax_CalculationOfCTLiabilityCTLiability" xlink:label="lbl_CalculationOfCTLiabilityCTLiability" xlink:type="locator"/>
      <link:presentationArc order="8.0" xlink:arcrole="http://www.xbrl.org/2003/arcrole/parent-child" xlink:from="lbl_CTTaxChargeablePayableAndRepayablePayable" xlink:to="lbl_CalculationOfCTLiabilityCTLiability" xlink:type="arc"/>
      <link:loc xlink:href="../full/ct-default-2013-07-21.xsd#ct-default_OtherLiabilitiesLoansToParticipatorsTaxPayableUnderS419" xlink:label="lbl_OtherLiabilitiesLoansToParticipatorsTaxPayableUnderS419" xlink:type="locator"/>
      <link:presentationArc order="9.0" xlink:arcrole="http://www.xbrl.org/2003/arcrole/parent-child" xlink:from="lbl_CTTaxChargeablePayableAndRepayablePayable" xlink:to="lbl_OtherLiabilitiesLoansToParticipatorsTaxPayableUnderS419" xlink:type="arc"/>
      <link:loc xlink:href="../full/ct-default-2013-07-21.xsd#ct-default_OtherLiabilitiesControlledForeignCompaniesTaxPayableUnderS747" xlink:label="lbl_OtherLiabilitiesControlledForeignCompaniesTaxPayableUnderS747" xlink:type="locator"/>
      <link:presentationArc order="10.0" xlink:arcrole="http://www.xbrl.org/2003/arcrole/parent-child" xlink:from="lbl_CTTaxChargeablePayableAndRepayablePayable" xlink:to="lbl_OtherLiabilitiesControlledForeignCompaniesTaxPayableUnderS747" xlink:type="arc"/>
      <link:loc xlink:href="../full/ct-default-2013-07-21.xsd#ct-default_OtherLiabilitiesControlledForeignCompaniesBankLevyChargeable" xlink:label="lbl_OtherLiabilitiesControlledForeignCompaniesBankLevyChargeable" xlink:type="locator"/>
      <link:presentationArc order="2.0" xlink:arcrole="http://www.xbrl.org/2003/arcrole/parent-child" xlink:from="lbl_OtherLiabilitiesControlledForeignCompaniesTaxPayableUnderS747" xlink:to="lbl_OtherLiabilitiesControlledForeignCompaniesBankLevyChargeable" xlink:type="arc"/>
      <link:loc xlink:href="../full/ct-default-2013-07-21.xsd#ct-default_OtherLiabilitiesControlledForeignCompaniesBankLevyDoubleTaxationRelief" xlink:label="lbl_OtherLiabilitiesControlledForeignCompaniesBankLevyDoubleTaxationRelief" xlink:type="locator"/>
      <link:presentationArc order="3.0" xlink:arcrole="http://www.xbrl.org/2003/arcrole/parent-child" xlink:from="lbl_OtherLiabilitiesControlledForeignCompaniesTaxPayableUnderS747" xlink:to="lbl_OtherLiabilitiesControlledForeignCompaniesBankLevyDoubleTaxationRelief" xlink:type="arc"/>
      <link:loc xlink:href="../full/ct-default-2013-07-21.xsd#ct-default_OtherLiabilitiesControlledForeignCompaniesBankLevyNet" xlink:label="lbl_OtherLiabilitiesControlledForeignCompaniesBankLevyNet" xlink:type="locator"/>
      <link:presentationArc order="4.0" xlink:arcrole="http://www.xbrl.org/2003/arcrole/parent-child" xlink:from="lbl_OtherLiabilitiesControlledForeignCompaniesTaxPayableUnderS747" xlink:to="lbl_OtherLiabilitiesControlledForeignCompaniesBankLevyNet" xlink:type="arc"/>
      <link:loc xlink:href="../full/ct-default-2013-07-21.xsd#ct-default_OtherLiabilitiesSupplementaryChargeUnderS501AICTA" xlink:label="lbl_OtherLiabilitiesSupplementaryChargeUnderS501AICTA" xlink:type="locator"/>
      <link:presentationArc order="11.0" xlink:arcrole="http://www.xbrl.org/2003/arcrole/parent-child" xlink:from="lbl_CTTaxChargeablePayableAndRepayablePayable" xlink:to="lbl_OtherLiabilitiesSupplementaryChargeUnderS501AICTA" xlink:type="arc"/>
      <link:loc xlink:href="../full/ct-Tax-2013-07-21.xsd#ct-Tax_CalculationOfCTLiabilityTaxChargeable" xlink:label="lbl_CalculationOfCTLiabilityTaxChargeable" xlink:type="locator"/>
      <link:presentationArc order="12.0" xlink:arcrole="http://www.xbrl.org/2003/arcrole/parent-child" xlink:from="lbl_CTTaxChargeablePayableAndRepayablePayable" xlink:to="lbl_CalculationOfCTLiabilityTaxChargeable" xlink:type="arc"/>
      <link:loc xlink:href="../full/ct-Tax-2013-07-21.xsd#ct-Tax_CalculationOfCTLiabilityIncomeTaxDeducted" xlink:label="lbl_CalculationOfCTLiabilityIncomeTaxDeducted" xlink:type="locator"/>
      <link:presentationArc order="13.0" xlink:arcrole="http://www.xbrl.org/2003/arcrole/parent-child" xlink:from="lbl_CTTaxChargeablePayableAndRepayablePayable" xlink:to="lbl_CalculationOfCTLiabilityIncomeTaxDeducted" xlink:type="arc"/>
      <link:loc xlink:href="../full/ct-Tax-2013-07-21.xsd#ct-Tax_CalculationOfCTLiabilityACTOnFIDsSetOff" xlink:label="lbl_CalculationOfCTLiabilityACTOnFIDsSetOff" xlink:type="locator"/>
      <link:presentationArc order="14.0" xlink:arcrole="http://www.xbrl.org/2003/arcrole/parent-child" xlink:from="lbl_CTTaxChargeablePayableAndRepayablePayable" xlink:to="lbl_CalculationOfCTLiabilityACTOnFIDsSetOff" xlink:type="arc"/>
      <link:loc xlink:href="../full/ct-Tax-2013-07-21.xsd#ct-Tax_CalculationOfCTLiabilityAmountDue" xlink:label="lbl_CalculationOfCTLiabilityAmountDue" xlink:type="locator"/>
      <link:presentationArc order="15.0" xlink:arcrole="http://www.xbrl.org/2003/arcrole/parent-child" xlink:from="lbl_CTTaxChargeablePayableAndRepayablePayable" xlink:to="lbl_CalculationOfCTLiabilityAmountDue" xlink:type="arc"/>
      <link:loc xlink:href="../full/ct-Tax-2013-07-21.xsd#ct-Tax_CTTaxChargeablePayableAndRepayableRepayable" xlink:label="lbl_CTTaxChargeablePayableAndRepayableRepayable" xlink:type="locator"/>
      <link:presentationArc order="2.0" xlink:arcrole="http://www.xbrl.org/2003/arcrole/parent-child" xlink:from="lbl_CTTaxChargeablePayableAndRepayable" xlink:to="lbl_CTTaxChargeablePayableAndRepayableRepayable" xlink:type="arc"/>
      <link:loc xlink:href="../full/ct-Tax-2013-07-21.xsd#ct-Tax_CalculationOfCTLiabilityITRepayable" xlink:label="lbl_CalculationOfCTLiabilityITRepayable" xlink:type="locator"/>
      <link:presentationArc order="1.0" xlink:arcrole="http://www.xbrl.org/2003/arcrole/parent-child" xlink:from="lbl_CTTaxChargeablePayableAndRepayableRepayable" xlink:to="lbl_CalculationOfCTLiabilityITRepayable" xlink:type="arc"/>
      <link:loc xlink:href="../full/ct-Tax-2013-07-21.xsd#ct-Tax_CalculationOfCTLiabilityResearchDevelopmentTaxCreditClaimed" xlink:label="lbl_CalculationOfCTLiabilityResearchDevelopmentTaxCreditClaimed" xlink:type="locator"/>
      <link:presentationArc order="2.0" xlink:arcrole="http://www.xbrl.org/2003/arcrole/parent-child" xlink:from="lbl_CTTaxChargeablePayableAndRepayableRepayable" xlink:to="lbl_CalculationOfCTLiabilityResearchDevelopmentTaxCreditClaimed" xlink:type="arc"/>
      <link:loc xlink:href="../full/ct-Tax-2013-07-21.xsd#ct-Tax_CalculationOfCTLiabilityLandRemediationOrLACompanyTaxCreditClaimed" xlink:label="lbl_CalculationOfCTLiabilityLandRemediationOrLACompanyTaxCreditClaimed" xlink:type="locator"/>
      <link:presentationArc order="3.0" xlink:arcrole="http://www.xbrl.org/2003/arcrole/parent-child" xlink:from="lbl_CTTaxChargeablePayableAndRepayableRepayable" xlink:to="lbl_CalculationOfCTLiabilityLandRemediationOrLACompanyTaxCreditClaimed" xlink:type="arc"/>
      <link:loc xlink:href="../full/ct-Tax-2013-07-21.xsd#ct-Tax_CalculationOfCTLiabilityFilmTaxCreditTotal" xlink:label="lbl_CalculationOfCTLiabilityFilmTaxCreditTotal" xlink:type="locator"/>
      <link:presentationArc order="4.0" xlink:arcrole="http://www.xbrl.org/2003/arcrole/parent-child" xlink:from="lbl_CTTaxChargeablePayableAndRepayableRepayable" xlink:to="lbl_CalculationOfCTLiabilityFilmTaxCreditTotal" xlink:type="arc"/>
      <link:loc xlink:href="../full/ct-default-2013-07-21.xsd#ct-default_InvestmentIncomeAndReliefsCorporateVenturingInvestmentReliefClaimed" xlink:label="lbl_InvestmentIncomeAndReliefsCorporateVenturingInvestmentReliefClaimed" xlink:type="locator"/>
      <link:presentationArc order="3.0" xlink:arcrole="http://www.xbrl.org/2003/arcrole/parent-child" xlink:from="lbl_CTTaxChargeablePayableAndRepayable" xlink:to="lbl_InvestmentIncomeAndReliefsCorporateVenturingInvestmentReliefClaimed" xlink:type="arc"/>
      <link:loc xlink:href="../full/ct-default-2013-07-21.xsd#ct-default_InvestmentIncomeAndReliefsCommunityInvestmentRelief" xlink:label="lbl_InvestmentIncomeAndReliefsCommunityInvestmentRelief" xlink:type="locator"/>
      <link:presentationArc order="4.0" xlink:arcrole="http://www.xbrl.org/2003/arcrole/parent-child" xlink:from="lbl_CTTaxChargeablePayableAndRepayable" xlink:to="lbl_InvestmentIncomeAndReliefsCommunityInvestmentRelief" xlink:type="arc"/>
      <link:loc xlink:href="../full/ct-Tax-2013-07-21.xsd#ct-Tax_CalculationOfCTLiabilityDoubleTaxationReliefAmount" xlink:label="lbl_CalculationOfCTLiabilityDoubleTaxationReliefAmount" xlink:type="locator"/>
      <link:presentationArc order="5.0" xlink:arcrole="http://www.xbrl.org/2003/arcrole/parent-child" xlink:from="lbl_CTTaxChargeablePayableAndRepayable" xlink:to="lbl_CalculationOfCTLiabilityDoubleTaxationReliefAmount" xlink:type="arc"/>
      <link:loc xlink:href="../full/ct-Tax-2013-07-21.xsd#ct-Tax_CalculationOfCTLiabilityACTSetOff" xlink:label="lbl_CalculationOfCTLiabilityACTSetOff" xlink:type="locator"/>
      <link:presentationArc order="6.0" xlink:arcrole="http://www.xbrl.org/2003/arcrole/parent-child" xlink:from="lbl_CTTaxChargeablePayableAndRepayable" xlink:to="lbl_CalculationOfCTLiabilityACTSetOff" xlink:type="arc"/>
      <link:loc xlink:href="../full/ct-Tax-2013-07-21.xsd#ct-Tax_CalculationOfCTLiabilityRingFenceCorporationTaxIncluded" xlink:label="lbl_CalculationOfCTLiabilityRingFenceCorporationTaxIncluded" xlink:type="locator"/>
      <link:presentationArc order="7.0" xlink:arcrole="http://www.xbrl.org/2003/arcrole/parent-child" xlink:from="lbl_CTTaxChargeablePayableAndRepayable" xlink:to="lbl_CalculationOfCTLiabilityRingFenceCorporationTaxIncluded" xlink:type="arc"/>
      <link:loc xlink:href="../full/ct-Tax-2013-07-21.xsd#ct-Tax_CalculationOfCTLiability" xlink:label="lbl_CalculationOfCTLiability" xlink:type="locator"/>
      <link:presentationArc order="3.0" xlink:arcrole="http://www.xbrl.org/2003/arcrole/parent-child" xlink:from="lbl_CT" xlink:to="lbl_CalculationOfCTLiability" xlink:type="arc"/>
      <link:loc xlink:href="../full/ct-Tax-2013-07-21.xsd#ct-Tax_CalculationOfCTLiabilityFinancialYear1Date" xlink:label="lbl_CalculationOfCTLiabilityFinancialYear1Date" xlink:type="locator"/>
      <link:presentationArc order="1.0" xlink:arcrole="http://www.xbrl.org/2003/arcrole/parent-child" xlink:from="lbl_CalculationOfCTLiability" xlink:to="lbl_CalculationOfCTLiabilityFinancialYear1Date" xlink:type="arc"/>
      <link:loc xlink:href="../full/ct-Tax-2013-07-21.xsd#ct-Tax_CalculationOfCTLiabilityFinancialYear2Date" xlink:label="lbl_CalculationOfCTLiabilityFinancialYear2Date" xlink:type="locator"/>
      <link:presentationArc order="2.0" xlink:arcrole="http://www.xbrl.org/2003/arcrole/parent-child" xlink:from="lbl_CalculationOfCTLiability" xlink:to="lbl_CalculationOfCTLiabilityFinancialYear2Date" xlink:type="arc"/>
      <link:loc xlink:href="../full/ct-Tax-2013-07-21.xsd#ct-Tax_CalculationOfCTLiabilityFinancialYear1AmountOfProfitChargeableAtFirstRate" xlink:label="lbl_CalculationOfCTLiabilityFinancialYear1AmountOfProfitChargeableAtFirstRate" xlink:type="locator"/>
      <link:presentationArc order="3.0" xlink:arcrole="http://www.xbrl.org/2003/arcrole/parent-child" xlink:from="lbl_CalculationOfCTLiability" xlink:to="lbl_CalculationOfCTLiabilityFinancialYear1AmountOfProfitChargeableAtFirstRate" xlink:type="arc"/>
      <link:loc xlink:href="../full/ct-Tax-2013-07-21.xsd#ct-Tax_CalculationOfCTLiabilityFinancialYear1AmountOfProfitChargeableAtSecondRate" xlink:label="lbl_CalculationOfCTLiabilityFinancialYear1AmountOfProfitChargeableAtSecondRate" xlink:type="locator"/>
      <link:presentationArc order="4.0" xlink:arcrole="http://www.xbrl.org/2003/arcrole/parent-child" xlink:from="lbl_CalculationOfCTLiability" xlink:to="lbl_CalculationOfCTLiabilityFinancialYear1AmountOfProfitChargeableAtSecondRate" xlink:type="arc"/>
      <link:loc xlink:href="../full/ct-Tax-2013-07-21.xsd#ct-Tax_CalculationOfCTLiabilityFinancialYear1AmountOfProfitChargeableAtThirdRate" xlink:label="lbl_CalculationOfCTLiabilityFinancialYear1AmountOfProfitChargeableAtThirdRate" xlink:type="locator"/>
      <link:presentationArc order="5.0" xlink:arcrole="http://www.xbrl.org/2003/arcrole/parent-child" xlink:from="lbl_CalculationOfCTLiability" xlink:to="lbl_CalculationOfCTLiabilityFinancialYear1AmountOfProfitChargeableAtThirdRate" xlink:type="arc"/>
      <link:loc xlink:href="../full/ct-Tax-2013-07-21.xsd#ct-Tax_CalculationOfCTLiabilityFinancialYear2AmountOfProfitChargeableAtFirstRate" xlink:label="lbl_CalculationOfCTLiabilityFinancialYear2AmountOfProfitChargeableAtFirstRate" xlink:type="locator"/>
      <link:presentationArc order="6.0" xlink:arcrole="http://www.xbrl.org/2003/arcrole/parent-child" xlink:from="lbl_CalculationOfCTLiability" xlink:to="lbl_CalculationOfCTLiabilityFinancialYear2AmountOfProfitChargeableAtFirstRate" xlink:type="arc"/>
      <link:loc xlink:href="../full/ct-Tax-2013-07-21.xsd#ct-Tax_CalculationOfCTLiabilityFinancialYear2AmountOfProfitChargeableAtSecondRate" xlink:label="lbl_CalculationOfCTLiabilityFinancialYear2AmountOfProfitChargeableAtSecondRate" xlink:type="locator"/>
      <link:presentationArc order="7.0" xlink:arcrole="http://www.xbrl.org/2003/arcrole/parent-child" xlink:from="lbl_CalculationOfCTLiability" xlink:to="lbl_CalculationOfCTLiabilityFinancialYear2AmountOfProfitChargeableAtSecondRate" xlink:type="arc"/>
      <link:loc xlink:href="../full/ct-Tax-2013-07-21.xsd#ct-Tax_CalculationOfCTLiabilityFinancialYear2AmountOfProfitChargeableAtThirdRate" xlink:label="lbl_CalculationOfCTLiabilityFinancialYear2AmountOfProfitChargeableAtThirdRate" xlink:type="locator"/>
      <link:presentationArc order="8.0" xlink:arcrole="http://www.xbrl.org/2003/arcrole/parent-child" xlink:from="lbl_CalculationOfCTLiability" xlink:to="lbl_CalculationOfCTLiabilityFinancialYear2AmountOfProfitChargeableAtThirdRate" xlink:type="arc"/>
      <link:loc xlink:href="../full/ct-Tax-2013-07-21.xsd#ct-Tax_CalculationOfCTLiabilityFinancialYear1FirstRateOfTax" xlink:label="lbl_CalculationOfCTLiabilityFinancialYear1FirstRateOfTax" xlink:type="locator"/>
      <link:presentationArc order="9.0" xlink:arcrole="http://www.xbrl.org/2003/arcrole/parent-child" xlink:from="lbl_CalculationOfCTLiability" xlink:to="lbl_CalculationOfCTLiabilityFinancialYear1FirstRateOfTax" xlink:type="arc"/>
      <link:loc xlink:href="../full/ct-Tax-2013-07-21.xsd#ct-Tax_CalculationOfCTLiabilityFinancialYear1SecondRateOfTax" xlink:label="lbl_CalculationOfCTLiabilityFinancialYear1SecondRateOfTax" xlink:type="locator"/>
      <link:presentationArc order="10.0" xlink:arcrole="http://www.xbrl.org/2003/arcrole/parent-child" xlink:from="lbl_CalculationOfCTLiability" xlink:to="lbl_CalculationOfCTLiabilityFinancialYear1SecondRateOfTax" xlink:type="arc"/>
      <link:loc xlink:href="../full/ct-Tax-2013-07-21.xsd#ct-Tax_CalculationOfCTLiabilityFinancialYear1ThirdRateOfTax" xlink:label="lbl_CalculationOfCTLiabilityFinancialYear1ThirdRateOfTax" xlink:type="locator"/>
      <link:presentationArc order="11.0" xlink:arcrole="http://www.xbrl.org/2003/arcrole/parent-child" xlink:from="lbl_CalculationOfCTLiability" xlink:to="lbl_CalculationOfCTLiabilityFinancialYear1ThirdRateOfTax" xlink:type="arc"/>
      <link:loc xlink:href="../full/ct-Tax-2013-07-21.xsd#ct-Tax_CalculationOfCTLiabilityFinancialYear2FirstRateOfTax" xlink:label="lbl_CalculationOfCTLiabilityFinancialYear2FirstRateOfTax" xlink:type="locator"/>
      <link:presentationArc order="12.0" xlink:arcrole="http://www.xbrl.org/2003/arcrole/parent-child" xlink:from="lbl_CalculationOfCTLiability" xlink:to="lbl_CalculationOfCTLiabilityFinancialYear2FirstRateOfTax" xlink:type="arc"/>
      <link:loc xlink:href="../full/ct-Tax-2013-07-21.xsd#ct-Tax_CalculationOfCTLiabilityFinancialYear2SecondRateOfTax" xlink:label="lbl_CalculationOfCTLiabilityFinancialYear2SecondRateOfTax" xlink:type="locator"/>
      <link:presentationArc order="13.0" xlink:arcrole="http://www.xbrl.org/2003/arcrole/parent-child" xlink:from="lbl_CalculationOfCTLiability" xlink:to="lbl_CalculationOfCTLiabilityFinancialYear2SecondRateOfTax" xlink:type="arc"/>
      <link:loc xlink:href="../full/ct-Tax-2013-07-21.xsd#ct-Tax_CalculationOfCTLiabilityFinancialYear2ThirdRateOfTax" xlink:label="lbl_CalculationOfCTLiabilityFinancialYear2ThirdRateOfTax" xlink:type="locator"/>
      <link:presentationArc order="14.0" xlink:arcrole="http://www.xbrl.org/2003/arcrole/parent-child" xlink:from="lbl_CalculationOfCTLiability" xlink:to="lbl_CalculationOfCTLiabilityFinancialYear2ThirdRateOfTax" xlink:type="arc"/>
      <link:loc xlink:href="../full/ct-Tax-2013-07-21.xsd#ct-Tax_CalculationOfCTLiabilityFinancialYear1TaxAtFirstRate" xlink:label="lbl_CalculationOfCTLiabilityFinancialYear1TaxAtFirstRate" xlink:type="locator"/>
      <link:presentationArc order="15.0" xlink:arcrole="http://www.xbrl.org/2003/arcrole/parent-child" xlink:from="lbl_CalculationOfCTLiability" xlink:to="lbl_CalculationOfCTLiabilityFinancialYear1TaxAtFirstRate" xlink:type="arc"/>
      <link:loc xlink:href="../full/ct-Tax-2013-07-21.xsd#ct-Tax_CalculationOfCTLiabilityFinancialYear1TaxAtSecondRate" xlink:label="lbl_CalculationOfCTLiabilityFinancialYear1TaxAtSecondRate" xlink:type="locator"/>
      <link:presentationArc order="16.0" xlink:arcrole="http://www.xbrl.org/2003/arcrole/parent-child" xlink:from="lbl_CalculationOfCTLiability" xlink:to="lbl_CalculationOfCTLiabilityFinancialYear1TaxAtSecondRate" xlink:type="arc"/>
      <link:loc xlink:href="../full/ct-Tax-2013-07-21.xsd#ct-Tax_CalculationOfCTLiabilityFinancialYear1TaxAtThirdRate" xlink:label="lbl_CalculationOfCTLiabilityFinancialYear1TaxAtThirdRate" xlink:type="locator"/>
      <link:presentationArc order="17.0" xlink:arcrole="http://www.xbrl.org/2003/arcrole/parent-child" xlink:from="lbl_CalculationOfCTLiability" xlink:to="lbl_CalculationOfCTLiabilityFinancialYear1TaxAtThirdRate" xlink:type="arc"/>
      <link:loc xlink:href="../full/ct-Tax-2013-07-21.xsd#ct-Tax_CalculationOfCTLiabilityFinancialYear2TaxAtFirstRate" xlink:label="lbl_CalculationOfCTLiabilityFinancialYear2TaxAtFirstRate" xlink:type="locator"/>
      <link:presentationArc order="18.0" xlink:arcrole="http://www.xbrl.org/2003/arcrole/parent-child" xlink:from="lbl_CalculationOfCTLiability" xlink:to="lbl_CalculationOfCTLiabilityFinancialYear2TaxAtFirstRate" xlink:type="arc"/>
      <link:loc xlink:href="../full/ct-Tax-2013-07-21.xsd#ct-Tax_CalculationOfCTLiabilityFinancialYear2TaxAtSecondRate" xlink:label="lbl_CalculationOfCTLiabilityFinancialYear2TaxAtSecondRate" xlink:type="locator"/>
      <link:presentationArc order="19.0" xlink:arcrole="http://www.xbrl.org/2003/arcrole/parent-child" xlink:from="lbl_CalculationOfCTLiability" xlink:to="lbl_CalculationOfCTLiabilityFinancialYear2TaxAtSecondRate" xlink:type="arc"/>
      <link:loc xlink:href="../full/ct-Tax-2013-07-21.xsd#ct-Tax_CalculationOfCTLiabilityFinancialYear2TaxAtThirdRate" xlink:label="lbl_CalculationOfCTLiabilityFinancialYear2TaxAtThirdRate" xlink:type="locator"/>
      <link:presentationArc order="20.0" xlink:arcrole="http://www.xbrl.org/2003/arcrole/parent-child" xlink:from="lbl_CalculationOfCTLiability" xlink:to="lbl_CalculationOfCTLiabilityFinancialYear2TaxAtThirdRate" xlink:type="arc"/>
      <link:loc xlink:href="../full/ct-Tax-2013-07-21.xsd#ct-Tax_CalculationOfCTLiabilityComputationOfMarginalRelief" xlink:label="lbl_CalculationOfCTLiabilityComputationOfMarginalRelief" xlink:type="locator"/>
      <link:presentationArc order="4.0" xlink:arcrole="http://www.xbrl.org/2003/arcrole/parent-child" xlink:from="lbl_CT" xlink:to="lbl_CalculationOfCTLiabilityComputationOfMarginalRelief" xlink:type="arc"/>
      <link:loc xlink:href="../full/ct-Tax-2013-07-21.xsd#ct-Tax_CalculationOfCTLiabilityFIIFIDsArising" xlink:label="lbl_CalculationOfCTLiabilityFIIFIDsArising" xlink:type="locator"/>
      <link:presentationArc order="1.0" xlink:arcrole="http://www.xbrl.org/2003/arcrole/parent-child" xlink:from="lbl_CalculationOfCTLiabilityComputationOfMarginalRelief" xlink:to="lbl_CalculationOfCTLiabilityFIIFIDsArising" xlink:type="arc"/>
      <link:loc xlink:href="../full/ct-Tax-2013-07-21.xsd#ct-Tax_CalculationofCTLiabilityThisPeriodAssociatedCompaniesNumber" xlink:label="lbl_CalculationofCTLiabilityThisPeriodAssociatedCompaniesNumber" xlink:type="locator"/>
      <link:presentationArc order="2.0" xlink:arcrole="http://www.xbrl.org/2003/arcrole/parent-child" xlink:from="lbl_CalculationOfCTLiabilityComputationOfMarginalRelief" xlink:to="lbl_CalculationofCTLiabilityThisPeriodAssociatedCompaniesNumber" xlink:type="arc"/>
      <link:loc xlink:href="../full/ct-Tax-2013-07-21.xsd#ct-Tax_CalculationOfCTLiabilityFinancialYear1AssociatedCompaniesNumber" xlink:label="lbl_CalculationOfCTLiabilityFinancialYear1AssociatedCompaniesNumber" xlink:type="locator"/>
      <link:presentationArc order="3.0" xlink:arcrole="http://www.xbrl.org/2003/arcrole/parent-child" xlink:from="lbl_CalculationOfCTLiabilityComputationOfMarginalRelief" xlink:to="lbl_CalculationOfCTLiabilityFinancialYear1AssociatedCompaniesNumber" xlink:type="arc"/>
      <link:loc xlink:href="../full/ct-Tax-2013-07-21.xsd#ct-Tax_CalculationOfCTLiabilityFinancialYear2AssociatedCompaniesNumber" xlink:label="lbl_CalculationOfCTLiabilityFinancialYear2AssociatedCompaniesNumber" xlink:type="locator"/>
      <link:presentationArc order="4.0" xlink:arcrole="http://www.xbrl.org/2003/arcrole/parent-child" xlink:from="lbl_CalculationOfCTLiabilityComputationOfMarginalRelief" xlink:to="lbl_CalculationOfCTLiabilityFinancialYear2AssociatedCompaniesNumber" xlink:type="arc"/>
      <link:loc xlink:href="../full/ct-Tax-2013-07-21.xsd#ct-Tax_CalculationOfCTLiabilityNCDRAndUnderlyingRate" xlink:label="lbl_CalculationOfCTLiabilityNCDRAndUnderlyingRate" xlink:type="locator"/>
      <link:presentationArc order="5.0" xlink:arcrole="http://www.xbrl.org/2003/arcrole/parent-child" xlink:from="lbl_CT" xlink:to="lbl_CalculationOfCTLiabilityNCDRAndUnderlyingRate" xlink:type="arc"/>
      <link:loc xlink:href="../full/ct-Tax-2013-07-21.xsd#ct-Tax_CalculationOfCTLiabilityNCDRAndUnderlyingRateBasicProfitsMatched" xlink:label="lbl_CalculationOfCTLiabilityNCDRAndUnderlyingRateBasicProfitsMatched" xlink:type="locator"/>
      <link:presentationArc order="1.0" xlink:arcrole="http://www.xbrl.org/2003/arcrole/parent-child" xlink:from="lbl_CalculationOfCTLiabilityNCDRAndUnderlyingRate" xlink:to="lbl_CalculationOfCTLiabilityNCDRAndUnderlyingRateBasicProfitsMatched" xlink:type="arc"/>
      <link:loc xlink:href="../full/ct-Tax-2013-07-21.xsd#ct-Tax_CalculationOfCTLiabilityNCDRAndUnderlyingRateUnderlyingRate" xlink:label="lbl_CalculationOfCTLiabilityNCDRAndUnderlyingRateUnderlyingRate" xlink:type="locator"/>
      <link:presentationArc order="2.0" xlink:arcrole="http://www.xbrl.org/2003/arcrole/parent-child" xlink:from="lbl_CalculationOfCTLiabilityNCDRAndUnderlyingRate" xlink:to="lbl_CalculationOfCTLiabilityNCDRAndUnderlyingRateUnderlyingRate" xlink:type="arc"/>
      <link:loc xlink:href="../full/ct-Tax-2013-07-21.xsd#ct-Tax_CalculationOfCTLiabilityFYATaxCredit" xlink:label="lbl_CalculationOfCTLiabilityFYATaxCredit" xlink:type="locator"/>
      <link:presentationArc order="6.0" xlink:arcrole="http://www.xbrl.org/2003/arcrole/parent-child" xlink:from="lbl_CT" xlink:to="lbl_CalculationOfCTLiabilityFYATaxCredit" xlink:type="arc"/>
      <link:loc xlink:href="../full/ct-Tax-2013-07-21.xsd#ct-Tax_CalculationOfCTLiabilityFYATaxCreditPayable" xlink:label="lbl_CalculationOfCTLiabilityFYATaxCreditPayable" xlink:type="locator"/>
      <link:presentationArc order="1.0" xlink:arcrole="http://www.xbrl.org/2003/arcrole/parent-child" xlink:from="lbl_CalculationOfCTLiabilityFYATaxCredit" xlink:to="lbl_CalculationOfCTLiabilityFYATaxCreditPayable" xlink:type="arc"/>
      <link:loc xlink:href="../full/ct-default-2013-07-21.xsd#ct-default_CTCapitalAllowanceStatisticsTrading" xlink:label="lbl_CTCapitalAllowanceStatisticsTrading" xlink:type="locator"/>
      <link:presentationArc order="7.0" xlink:arcrole="http://www.xbrl.org/2003/arcrole/parent-child" xlink:from="lbl_CT" xlink:to="lbl_CTCapitalAllowanceStatisticsTrading" xlink:type="arc"/>
      <link:loc xlink:href="../full/ct-default-2013-07-21.xsd#ct-default_CTCapitalAllowanceStatistics100PerCentFYAZeroEmissionGoodsVehicles" xlink:label="lbl_CTCapitalAllowanceStatistics100PerCentFYAZeroEmissionGoodsVehicles" xlink:type="locator"/>
      <link:presentationArc order="1.0" xlink:arcrole="http://www.xbrl.org/2003/arcrole/parent-child" xlink:from="lbl_CTCapitalAllowanceStatisticsTrading" xlink:to="lbl_CTCapitalAllowanceStatistics100PerCentFYAZeroEmissionGoodsVehicles" xlink:type="arc"/>
      <link:loc xlink:href="../full/ct-Tax-2013-07-21.xsd#ct-Tax_CalculationOfCTLiabilityProfitsRingFenceProfitsIncluded" xlink:label="ct-Tax_CalculationOfCTLiabilityProfitsRingFenceProfitsIncluded" xlink:type="locator"/>
      <link:loc xlink:href="../full/ct-default-2013-07-21.xsd#ct-default_OtherLiabilitiesControlledForeignCompaniesTotalS747Tax" xlink:label="ct-default_OtherLiabilitiesControlledForeignCompaniesTotalS747Tax" xlink:type="locator"/>
      <link:loc xlink:href="../full/ct-default-2013-07-21.xsd#ct-default_CTCapitalAllowanceSpecialAllowanceDecommissioning" xlink:label="ct-default_CTCapitalAllowanceSpecialAllowanceDecommissioning" xlink:type="locator"/>
      <link:presentationArc order="34.0" xlink:arcrole="http://www.xbrl.org/2003/arcrole/parent-child" xlink:from="lbl_CTProfitsAndGainsComputation" xlink:to="ct-Tax_CalculationOfCTLiabilityProfitsRingFenceProfitsIncluded" xlink:type="arc"/>
      <link:presentationArc order="1.0" xlink:arcrole="http://www.xbrl.org/2003/arcrole/parent-child" xlink:from="lbl_OtherLiabilitiesControlledForeignCompaniesTaxPayableUnderS747" xlink:to="ct-default_OtherLiabilitiesControlledForeignCompaniesTotalS747Tax" xlink:type="arc"/>
      <link:presentationArc order="8.0" xlink:arcrole="http://www.xbrl.org/2003/arcrole/parent-child" xlink:from="lbl_CT" xlink:to="ct-default_CTCapitalAllowanceSpecialAllowanceDecommissioning" xlink:type="arc"/>
   </link:presentationLink>
   <link:presentationLink xlink:role="http://www.govtalk.gov.uk/uk/fr/tax/uk-hmrc-ct-roles/2013-07-21/role/A_CorporationTaxComputation_mts" xlink:type="extended">
      <link:loc xlink:href="../full/ct-Tax-2013-07-21.xsd#ct-Tax_CalculationOfCTLiabilityTelevisionTaxCreditTotal" xlink:label="ct-Tax_CalculationOfCTLiabilityTelevisionTaxCreditTotal" xlink:type="locator"/>
      <link:loc xlink:href="../full/ct-Tax-2013-07-21.xsd#ct-Tax_CalculationOfCTLiabilityTelevisionDramaTaxCreditTotal" xlink:label="ct-Tax_CalculationOfCTLiabilityTelevisionDramaTaxCreditTotal" xlink:type="locator"/>
      <link:loc xlink:href="../full/ct-Tax-2013-07-21.xsd#ct-Tax_CalculationOfCTLiabilityTelevisionDocumentryTaxCreditTotal" xlink:label="ct-Tax_CalculationOfCTLiabilityTelevisionDocumentryTaxCreditTotal" xlink:type="locator"/>
      <link:loc xlink:href="../full/ct-Tax-2013-07-21.xsd#ct-Tax_CalculationOfCTLiabilityTelevisionAnimationTaxCreditTotal" xlink:label="ct-Tax_CalculationOfCTLiabilityTelevisionAnimationTaxCreditTotal" xlink:type="locator"/>
      <link:loc xlink:href="../full/ct-Tax-2013-07-21.xsd#ct-Tax_CalculationOfCTLiabilityVideoGameTaxCreditTotal" xlink:label="ct-Tax_CalculationOfCTLiabilityVideoGameTaxCreditTotal" xlink:type="locator"/>
      <link:loc xlink:href="../full/ct-Tax-2013-07-21.xsd#ct-Tax_CTTaxChargeablePayableAndRepayableRepayable" xlink:label="ct-Tax_CTTaxChargeablePayableAndRepayableRepayable" xlink:type="locator"/>
      <link:presentationArc order="5.0" xlink:arcrole="http://www.xbrl.org/2003/arcrole/parent-child" xlink:from="ct-Tax_CTTaxChargeablePayableAndRepayableRepayable" xlink:to="ct-Tax_CalculationOfCTLiabilityTelevisionTaxCreditTotal" xlink:type="arc"/>
      <link:presentationArc order="1.0" xlink:arcrole="http://www.xbrl.org/2003/arcrole/parent-child" xlink:from="ct-Tax_CalculationOfCTLiabilityTelevisionTaxCreditTotal" xlink:to="ct-Tax_CalculationOfCTLiabilityTelevisionDramaTaxCreditTotal" xlink:type="arc"/>
      <link:presentationArc order="2.0" xlink:arcrole="http://www.xbrl.org/2003/arcrole/parent-child" xlink:from="ct-Tax_CalculationOfCTLiabilityTelevisionTaxCreditTotal" xlink:to="ct-Tax_CalculationOfCTLiabilityTelevisionDocumentryTaxCreditTotal" xlink:type="arc"/>
      <link:presentationArc order="3.0" xlink:arcrole="http://www.xbrl.org/2003/arcrole/parent-child" xlink:from="ct-Tax_CalculationOfCTLiabilityTelevisionTaxCreditTotal" xlink:to="ct-Tax_CalculationOfCTLiabilityTelevisionAnimationTaxCreditTotal" xlink:type="arc"/>
      <link:presentationArc order="6.0" xlink:arcrole="http://www.xbrl.org/2003/arcrole/parent-child" xlink:from="ct-Tax_CTTaxChargeablePayableAndRepayableRepayable" xlink:to="ct-Tax_CalculationOfCTLiabilityVideoGameTaxCreditTotal" xlink:type="arc"/>
   </link:presentationLink>
</linkbase>
