<SubmissionFailureMessageDataResponse xmlns="http://hmrc/emcs/tfe/submission_failure_message_data" xmlns:ie="http://emcs.dgtaxud.ec/v10/cd704/ie" xmlns:ns1="http://emcs.dgtaxud.ec/v10/cd818/ie" xmlns:xsi="http://www.w3.org/2001/XMLSchema-instance" xmlns:tms="http://emcs.dgtaxud.ec/v10/tms">
	<ie:CD704A>
		<ie:Header>
				<tms:MessageSender>A list of words</tms:MessageSender>
				<tms:MessageRecipient>A list of words</tms:MessageRecipient>
				<tms:DateOfPreparation>1967-08-13</tms:DateOfPreparation>
				<tms:TimeOfPreparation>14:20:00</tms:TimeOfPreparation>
				<tms:MessageIdentifier>token</tms:MessageIdentifier>
				<tms:CorrelationIdentifier>token</tms:CorrelationIdentifier>
		</ie:Header>
		<ie:Body>
			<ie:GenericRefusalMessage>
				<ie:Attributes>
					<ie:AadReferenceCode>00AA00000000000000009</ie:AadReferenceCode>
					<ie:RejectionDateAndTime>2001-12-17T09:30:47.00</ie:RejectionDateAndTime>
					<ie:LocalReferenceNumber>token</ie:LocalReferenceNumber>
				</ie:Attributes>
				<ie:FunctionalError>
					<ie:ErrorType>12</ie:ErrorType>
					<ie:ErrorPointer>token</ie:ErrorPointer>
					<ie:ErrorReason language="to">token</ie:ErrorReason>
					<ie:OriginalAttributeValue language="to">token</ie:OriginalAttributeValue>
				</ie:FunctionalError>
			</ie:GenericRefusalMessage>
		</ie:Body>
	</ie:CD704A>
	<MessageInError>
		<ns1:CD818A>
			<ns1:Header>
				<tms:MessageSender>A list of words</tms:MessageSender>
				<tms:MessageRecipient>A list of words</tms:MessageRecipient>
				<tms:DateOfPreparation>2000-01-01</tms:DateOfPreparation>
				<tms:TimeOfPreparation>00:00:00</tms:TimeOfPreparation>
				<tms:MessageIdentifier>List of words</tms:MessageIdentifier>
			</ns1:Header>
			<ns1:Body>
				<ns1:AcceptedOrRejectedReportOfReceipt>
					<ns1:Attributes>
          </ns1:Attributes>
					<ns1:ConsigneeTrader language="eo">
						<ns1:TraderName>Dell Boy Trotter</ns1:TraderName>
						<ns1:StreetName>1 Asdf Road</ns1:StreetName>
						<ns1:Postcode>AX43 1FG</ns1:Postcode>
						<ns1:City>Hill Valley</ns1:City>
					</ns1:ConsigneeTrader>
					<ns1:ExciseMovementEaad>
						<ns1:AadReferenceCode>01UKFCC5K78KX58857CV1</ns1:AadReferenceCode>
						<ns1:SequenceNumber>19517</ns1:SequenceNumber>
					</ns1:ExciseMovementEaad>
					<ns1:ReportOfReceipt>
						<ns1:DateOfArrivalOfExciseProducts>2000-01-01</ns1:DateOfArrivalOfExciseProducts>
						<ns1:GlobalConclusionOfReceipt>1</ns1:GlobalConclusionOfReceipt>
					</ns1:ReportOfReceipt>
				</ns1:AcceptedOrRejectedReportOfReceipt>
			</ns1:Body>
		</ns1:CD818A>
	</MessageInError>
</SubmissionFailureMessageDataResponse>
