<GetNewMessagesResponse xmlns="http://www.govtalk.gov.uk/taxation/EMCS/GetNewMessagesResponse/2">
<NewMessagesDataResponse xmlns="http://www.govtalk.gov.uk/taxation/InternationalTrade/Excise/NewMessagesData/2" xmlns:xsi="http://www.w3.org/2001/XMLSchema-instance" xmlns:ns1="http://emcs.dgtaxud.ec/v10/cd837/ie" xmlns:tms="http://emcs.dgtaxud.ec/v10/tms">
	<Messages>
		<ns1:CD837A>
			<ns1:Header>
				<tms:MessageSender>A list of words</tms:MessageSender>
				<tms:MessageRecipient>A list of words</tms:MessageRecipient>
				<tms:DateOfPreparation>1967-08-13</tms:DateOfPreparation>
				<tms:TimeOfPreparation>14:20:00</tms:TimeOfPreparation>
				<tms:MessageIdentifier>token</tms:MessageIdentifier>
				<tms:CorrelationIdentifier>token</tms:CorrelationIdentifier>
			</ns1:Header>
			<ns1:Body>
				<ns1:ExplanationOnDelayForDelivery>
					<ns1:Attributes>
						<ns1:SubmitterIdentification>AA12345678901</ns1:SubmitterIdentification>
						<ns1:SubmitterType>1</ns1:SubmitterType>
						<ns1:ExplanationCode>1</ns1:ExplanationCode>
						<ns1:ComplementaryInformation language="to">token</ns1:ComplementaryInformation>
						<ns1:MessageRole>1</ns1:MessageRole>
						<ns1:DateAndTimeOfValidationOfExplanationOnDelay>2001-12-17T09:30:47.00</ns1:DateAndTimeOfValidationOfExplanationOnDelay>
					</ns1:Attributes>
					<ns1:ExciseMovementEaad>
						<ns1:AadReferenceCode>00AA00000000000000000</ns1:AadReferenceCode>
						<ns1:SequenceNumber>0</ns1:SequenceNumber>
					</ns1:ExciseMovementEaad>
				</ns1:ExplanationOnDelayForDelivery>
			</ns1:Body>
		</ns1:CD837A>
		<ns1:CD837A>
			<ns1:Header>
				<tms:MessageSender>A list of words</tms:MessageSender>
				<tms:MessageRecipient>A list of words</tms:MessageRecipient>
				<tms:DateOfPreparation>1967-08-13</tms:DateOfPreparation>
				<tms:TimeOfPreparation>14:20:00</tms:TimeOfPreparation>
				<tms:MessageIdentifier>token</tms:MessageIdentifier>
				<tms:CorrelationIdentifier>token</tms:CorrelationIdentifier>
			</ns1:Header>
			<ns1:Body>
				<ns1:ExplanationOnDelayForDelivery>
					<ns1:Attributes>
						<ns1:SubmitterIdentification>AA12345678901</ns1:SubmitterIdentification>
						<ns1:SubmitterType>1</ns1:SubmitterType>
						<ns1:ExplanationCode>1</ns1:ExplanationCode>
						<ns1:ComplementaryInformation language="to">token</ns1:ComplementaryInformation>
						<ns1:MessageRole>1</ns1:MessageRole>
						<ns1:DateAndTimeOfValidationOfExplanationOnDelay>2001-12-17T09:30:47.00</ns1:DateAndTimeOfValidationOfExplanationOnDelay>
					</ns1:Attributes>
					<ns1:ExciseMovementEaad>
						<ns1:AadReferenceCode>00AA00000000000000000</ns1:AadReferenceCode>
						<ns1:SequenceNumber>0</ns1:SequenceNumber>
					</ns1:ExciseMovementEaad>
				</ns1:ExplanationOnDelayForDelivery>
			</ns1:Body>
		</ns1:CD837A>
		<ns1:CD837A>
			<ns1:Header>
				<tms:MessageSender>A list of words</tms:MessageSender>
				<tms:MessageRecipient>A list of words</tms:MessageRecipient>
				<tms:DateOfPreparation>1967-08-13</tms:DateOfPreparation>
				<tms:TimeOfPreparation>14:20:00</tms:TimeOfPreparation>
				<tms:MessageIdentifier>token</tms:MessageIdentifier>
				<tms:CorrelationIdentifier>token</tms:CorrelationIdentifier>
			</ns1:Header>
			<ns1:Body>
				<ns1:ExplanationOnDelayForDelivery>
					<ns1:Attributes>
						<ns1:SubmitterIdentification>AA12345678901</ns1:SubmitterIdentification>
						<ns1:SubmitterType>1</ns1:SubmitterType>
						<ns1:ExplanationCode>1</ns1:ExplanationCode>
						<ns1:ComplementaryInformation language="to">token</ns1:ComplementaryInformation>
						<ns1:MessageRole>1</ns1:MessageRole>
						<ns1:DateAndTimeOfValidationOfExplanationOnDelay>2001-12-17T09:30:47.00</ns1:DateAndTimeOfValidationOfExplanationOnDelay>
					</ns1:Attributes>
					<ns1:ExciseMovementEaad>
						<ns1:AadReferenceCode>00AA00000000000000000</ns1:AadReferenceCode>
						<ns1:SequenceNumber>0</ns1:SequenceNumber>
					</ns1:ExciseMovementEaad>
				</ns1:ExplanationOnDelayForDelivery>
			</ns1:Body>
		</ns1:CD837A>
		<ns1:CD837A>
			<ns1:Header>
				<tms:MessageSender>A list of words</tms:MessageSender>
				<tms:MessageRecipient>A list of words</tms:MessageRecipient>
				<tms:DateOfPreparation>1967-08-13</tms:DateOfPreparation>
				<tms:TimeOfPreparation>14:20:00</tms:TimeOfPreparation>
				<tms:MessageIdentifier>token</tms:MessageIdentifier>
				<tms:CorrelationIdentifier>token</tms:CorrelationIdentifier>
			</ns1:Header>
			<ns1:Body>
				<ns1:ExplanationOnDelayForDelivery>
					<ns1:Attributes>
						<ns1:SubmitterIdentification>AA12345678901</ns1:SubmitterIdentification>
						<ns1:SubmitterType>1</ns1:SubmitterType>
						<ns1:ExplanationCode>1</ns1:ExplanationCode>
						<ns1:ComplementaryInformation language="to">token</ns1:ComplementaryInformation>
						<ns1:MessageRole>1</ns1:MessageRole>
						<ns1:DateAndTimeOfValidationOfExplanationOnDelay>2001-12-17T09:30:47.00</ns1:DateAndTimeOfValidationOfExplanationOnDelay>
					</ns1:Attributes>
					<ns1:ExciseMovementEaad>
						<ns1:AadReferenceCode>00AA00000000000000000</ns1:AadReferenceCode>
						<ns1:SequenceNumber>0</ns1:SequenceNumber>
					</ns1:ExciseMovementEaad>
				</ns1:ExplanationOnDelayForDelivery>
			</ns1:Body>
		</ns1:CD837A>
		<ns1:CD837A>
			<ns1:Header>
				<tms:MessageSender>A list of words</tms:MessageSender>
				<tms:MessageRecipient>A list of words</tms:MessageRecipient>
				<tms:DateOfPreparation>1967-08-13</tms:DateOfPreparation>
				<tms:TimeOfPreparation>14:20:00</tms:TimeOfPreparation>
				<tms:MessageIdentifier>token</tms:MessageIdentifier>
				<tms:CorrelationIdentifier>token</tms:CorrelationIdentifier>
			</ns1:Header>
			<ns1:Body>
				<ns1:ExplanationOnDelayForDelivery>
					<ns1:Attributes>
						<ns1:SubmitterIdentification>AA12345678901</ns1:SubmitterIdentification>
						<ns1:SubmitterType>1</ns1:SubmitterType>
						<ns1:ExplanationCode>1</ns1:ExplanationCode>
						<ns1:ComplementaryInformation language="to">token</ns1:ComplementaryInformation>
						<ns1:MessageRole>1</ns1:MessageRole>
						<ns1:DateAndTimeOfValidationOfExplanationOnDelay>2001-12-17T09:30:47.00</ns1:DateAndTimeOfValidationOfExplanationOnDelay>
					</ns1:Attributes>
					<ns1:ExciseMovementEaad>
						<ns1:AadReferenceCode>00AA00000000000000000</ns1:AadReferenceCode>
						<ns1:SequenceNumber>0</ns1:SequenceNumber>
					</ns1:ExciseMovementEaad>
				</ns1:ExplanationOnDelayForDelivery>
			</ns1:Body>
		</ns1:CD837A>
		<ns1:CD837A>
			<ns1:Header>
				<tms:MessageSender>A list of words</tms:MessageSender>
				<tms:MessageRecipient>A list of words</tms:MessageRecipient>
				<tms:DateOfPreparation>1967-08-13</tms:DateOfPreparation>
				<tms:TimeOfPreparation>14:20:00</tms:TimeOfPreparation>
				<tms:MessageIdentifier>token</tms:MessageIdentifier>
				<tms:CorrelationIdentifier>token</tms:CorrelationIdentifier>
			</ns1:Header>
			<ns1:Body>
				<ns1:ExplanationOnDelayForDelivery>
					<ns1:Attributes>
						<ns1:SubmitterIdentification>AA12345678901</ns1:SubmitterIdentification>
						<ns1:SubmitterType>1</ns1:SubmitterType>
						<ns1:ExplanationCode>1</ns1:ExplanationCode>
						<ns1:ComplementaryInformation language="to">token</ns1:ComplementaryInformation>
						<ns1:MessageRole>1</ns1:MessageRole>
						<ns1:DateAndTimeOfValidationOfExplanationOnDelay>2001-12-17T09:30:47.00</ns1:DateAndTimeOfValidationOfExplanationOnDelay>
					</ns1:Attributes>
					<ns1:ExciseMovementEaad>
						<ns1:AadReferenceCode>00AA00000000000000000</ns1:AadReferenceCode>
						<ns1:SequenceNumber>0</ns1:SequenceNumber>
					</ns1:ExciseMovementEaad>
				</ns1:ExplanationOnDelayForDelivery>
			</ns1:Body>
		</ns1:CD837A>
		<ns1:CD837A>
			<ns1:Header>
				<tms:MessageSender>A list of words</tms:MessageSender>
				<tms:MessageRecipient>A list of words</tms:MessageRecipient>
				<tms:DateOfPreparation>1967-08-13</tms:DateOfPreparation>
				<tms:TimeOfPreparation>14:20:00</tms:TimeOfPreparation>
				<tms:MessageIdentifier>token</tms:MessageIdentifier>
				<tms:CorrelationIdentifier>token</tms:CorrelationIdentifier>
			</ns1:Header>
			<ns1:Body>
				<ns1:ExplanationOnDelayForDelivery>
					<ns1:Attributes>
						<ns1:SubmitterIdentification>AA12345678901</ns1:SubmitterIdentification>
						<ns1:SubmitterType>1</ns1:SubmitterType>
						<ns1:ExplanationCode>1</ns1:ExplanationCode>
						<ns1:ComplementaryInformation language="to">token</ns1:ComplementaryInformation>
						<ns1:MessageRole>1</ns1:MessageRole>
						<ns1:DateAndTimeOfValidationOfExplanationOnDelay>2001-12-17T09:30:47.00</ns1:DateAndTimeOfValidationOfExplanationOnDelay>
					</ns1:Attributes>
					<ns1:ExciseMovementEaad>
						<ns1:AadReferenceCode>00AA00000000000000000</ns1:AadReferenceCode>
						<ns1:SequenceNumber>0</ns1:SequenceNumber>
					</ns1:ExciseMovementEaad>
				</ns1:ExplanationOnDelayForDelivery>
			</ns1:Body>
		</ns1:CD837A>
		<ns1:CD837A>
			<ns1:Header>
				<tms:MessageSender>A list of words</tms:MessageSender>
				<tms:MessageRecipient>A list of words</tms:MessageRecipient>
				<tms:DateOfPreparation>1967-08-13</tms:DateOfPreparation>
				<tms:TimeOfPreparation>14:20:00</tms:TimeOfPreparation>
				<tms:MessageIdentifier>token</tms:MessageIdentifier>
				<tms:CorrelationIdentifier>token</tms:CorrelationIdentifier>
			</ns1:Header>
			<ns1:Body>
				<ns1:ExplanationOnDelayForDelivery>
					<ns1:Attributes>
						<ns1:SubmitterIdentification>AA12345678901</ns1:SubmitterIdentification>
						<ns1:SubmitterType>1</ns1:SubmitterType>
						<ns1:ExplanationCode>1</ns1:ExplanationCode>
						<ns1:ComplementaryInformation language="to">token</ns1:ComplementaryInformation>
						<ns1:MessageRole>1</ns1:MessageRole>
						<ns1:DateAndTimeOfValidationOfExplanationOnDelay>2001-12-17T09:30:47.00</ns1:DateAndTimeOfValidationOfExplanationOnDelay>
					</ns1:Attributes>
					<ns1:ExciseMovementEaad>
						<ns1:AadReferenceCode>00AA00000000000000000</ns1:AadReferenceCode>
						<ns1:SequenceNumber>0</ns1:SequenceNumber>
					</ns1:ExciseMovementEaad>
				</ns1:ExplanationOnDelayForDelivery>
			</ns1:Body>
		</ns1:CD837A>
		<ns1:CD837A>
			<ns1:Header>
				<tms:MessageSender>A list of words</tms:MessageSender>
				<tms:MessageRecipient>A list of words</tms:MessageRecipient>
				<tms:DateOfPreparation>1967-08-13</tms:DateOfPreparation>
				<tms:TimeOfPreparation>14:20:00</tms:TimeOfPreparation>
				<tms:MessageIdentifier>token</tms:MessageIdentifier>
				<tms:CorrelationIdentifier>token</tms:CorrelationIdentifier>
			</ns1:Header>
			<ns1:Body>
				<ns1:ExplanationOnDelayForDelivery>
					<ns1:Attributes>
						<ns1:SubmitterIdentification>AA12345678901</ns1:SubmitterIdentification>
						<ns1:SubmitterType>1</ns1:SubmitterType>
						<ns1:ExplanationCode>1</ns1:ExplanationCode>
						<ns1:ComplementaryInformation language="to">token</ns1:ComplementaryInformation>
						<ns1:MessageRole>1</ns1:MessageRole>
						<ns1:DateAndTimeOfValidationOfExplanationOnDelay>2001-12-17T09:30:47.00</ns1:DateAndTimeOfValidationOfExplanationOnDelay>
					</ns1:Attributes>
					<ns1:ExciseMovementEaad>
						<ns1:AadReferenceCode>00AA00000000000000000</ns1:AadReferenceCode>
						<ns1:SequenceNumber>0</ns1:SequenceNumber>
					</ns1:ExciseMovementEaad>
				</ns1:ExplanationOnDelayForDelivery>
			</ns1:Body>
		</ns1:CD837A>
		<ns1:CD837A>
			<ns1:Header>
				<tms:MessageSender>A list of words</tms:MessageSender>
				<tms:MessageRecipient>A list of words</tms:MessageRecipient>
				<tms:DateOfPreparation>1967-08-13</tms:DateOfPreparation>
				<tms:TimeOfPreparation>14:20:00</tms:TimeOfPreparation>
				<tms:MessageIdentifier>token</tms:MessageIdentifier>
				<tms:CorrelationIdentifier>token</tms:CorrelationIdentifier>
			</ns1:Header>
			<ns1:Body>
				<ns1:ExplanationOnDelayForDelivery>
					<ns1:Attributes>
						<ns1:SubmitterIdentification>AA12345678901</ns1:SubmitterIdentification>
						<ns1:SubmitterType>1</ns1:SubmitterType>
						<ns1:ExplanationCode>1</ns1:ExplanationCode>
						<ns1:ComplementaryInformation language="to">token</ns1:ComplementaryInformation>
						<ns1:MessageRole>1</ns1:MessageRole>
						<ns1:DateAndTimeOfValidationOfExplanationOnDelay>2001-12-17T09:30:47.00</ns1:DateAndTimeOfValidationOfExplanationOnDelay>
					</ns1:Attributes>
					<ns1:ExciseMovementEaad>
						<ns1:AadReferenceCode>00AA00000000000000000</ns1:AadReferenceCode>
						<ns1:SequenceNumber>0</ns1:SequenceNumber>
					</ns1:ExciseMovementEaad>
				</ns1:ExplanationOnDelayForDelivery>
			</ns1:Body>
		</ns1:CD837A>
	</Messages>
	<CountOfMessagesAvailable>11</CountOfMessagesAvailable>
</NewMessagesDataResponse>
</GetNewMessagesResponse>