<GetNewMessagesResponse xmlns="http://www.govtalk.gov.uk/taxation/EMCS/GetNewMessagesResponse/2">
	<NewMessagesDataResponse xmlns="http://www.govtalk.gov.uk/taxation/InternationalTrade/Excise/NewMessagesData/2" xmlns:ie="http://www.govtalk.gov.uk/taxation/InternationalTrade/Excise/ie704uk" xmlns:ns1="http://emcs.dgtaxud.ec/v10/cd837/ie" xmlns:xsi="http://www.w3.org/2001/XMLSchema-instance" xmlns:tms="http://emcs.dgtaxud.ec/v10/tms">
		<Messages>
			<ie:CD704A>
				<ie:Header>
					<tms:MessageSender>A list of words</tms:MessageSender>
					<tms:MessageRecipient>A list of words</tms:MessageRecipient>
					<tms:DateOfPreparation>1967-08-13</tms:DateOfPreparation>
					<tms:TimeOfPreparation>14:20:00</tms:TimeOfPreparation>
					<tms:MessageIdentifier>token</tms:MessageIdentifier>
					<tms:CorrelationIdentifier>token</tms:CorrelationIdentifier>
				</ie:Header>
				<ie:Body>
					<ie:GenericRefusalMessage>
						<ie:Attributes>
							<ie:AadReferenceCode>00AA00000000000000009</ie:AadReferenceCode>
						</ie:Attributes>
						<ie:FunctionalError>
							<ie:ErrorType>4401</ie:ErrorType>
							<ie:ErrorReason>token</ie:ErrorReason>
						</ie:FunctionalError>
					</ie:GenericRefusalMessage>
				</ie:Body>
			</ie:CD704A>
		</Messages>
		<CountOfMessagesAvailable>1</CountOfMessagesAvailable>
	</NewMessagesDataResponse>
</GetNewMessagesResponse>
