<?xml version="1.0" encoding="UTF-8" standalone="yes"?>
<linkbase xmlns="http://www.xbrl.org/2003/linkbase" xmlns:link="http://www.xbrl.org/2003/linkbase" xmlns:xlink="http://www.w3.org/1999/xlink" xmlns:xsi="http://www.w3.org/2001/XMLSchema-instance" xsi:schemaLocation="http://www.xbrl.org/2003/linkbase http://www.xbrl.org/2003/xbrl-linkbase-2003-12-31.xsd">
   <link:roleRef roleURI="http://www.govtalk.gov.uk/uk/fr/tax/uk-hmrc-ct-roles/2013-07-21/role/M_ChargeableGains" xlink:href="ct-roles-full-2013-07-21.xsd#M_ChargeableGains" xlink:type="simple"/>
   <link:presentationLink xlink:role="http://www.govtalk.gov.uk/uk/fr/tax/uk-hmrc-ct-roles/2013-07-21/role/M_ChargeableGains" xlink:type="extended">
      <link:loc xlink:href="ct-CG-2013-07-21.xsd#ct-CG_CGSummaryOfAllGainsAndLossesOfThePeriod" xlink:label="lbl_CGSummaryOfAllGainsAndLossesOfThePeriod" xlink:type="locator"/>
      <link:loc xlink:href="ct-CG-2013-07-21.xsd#ct-CG_ChargeableGains" xlink:label="lbl_ChargeableGains" xlink:type="locator"/>
      <link:presentationArc order="1.0" xlink:arcrole="http://www.xbrl.org/2003/arcrole/parent-child" xlink:from="lbl_ChargeableGains" xlink:to="lbl_CGSummaryOfAllGainsAndLossesOfThePeriod" xlink:type="arc"/>
      <link:loc xlink:href="ct-CG-2013-07-21.xsd#ct-CG_CGSummaryGrossChargeableGains" xlink:label="lbl_CGSummaryGrossChargeableGains" xlink:type="locator"/>
      <link:presentationArc order="1.0" xlink:arcrole="http://www.xbrl.org/2003/arcrole/parent-child" xlink:from="lbl_CGSummaryOfAllGainsAndLossesOfThePeriod" xlink:to="lbl_CGSummaryGrossChargeableGains" xlink:type="arc"/>
      <link:loc xlink:href="ct-CG-2013-07-21.xsd#ct-CG_CGSummaryAllowableLossesDeducted" xlink:label="lbl_CGSummaryAllowableLossesDeducted" xlink:type="locator"/>
      <link:presentationArc order="2.0" xlink:arcrole="http://www.xbrl.org/2003/arcrole/parent-child" xlink:from="lbl_CGSummaryOfAllGainsAndLossesOfThePeriod" xlink:to="lbl_CGSummaryAllowableLossesDeducted" xlink:type="arc"/>
      <link:loc xlink:href="ct-CG-2013-07-21.xsd#ct-CG_CGSummaryNetChargeableGains" xlink:label="lbl_CGSummaryNetChargeableGains" xlink:type="locator"/>
      <link:presentationArc order="3.0" xlink:arcrole="http://www.xbrl.org/2003/arcrole/parent-child" xlink:from="lbl_CGSummaryOfAllGainsAndLossesOfThePeriod" xlink:to="lbl_CGSummaryNetChargeableGains" xlink:type="arc"/>
      <link:loc xlink:href="ct-CG-2013-07-21.xsd#ct-CG_CGSummaryCapitalLossesArising" xlink:label="lbl_CGSummaryCapitalLossesArising" xlink:type="locator"/>
      <link:presentationArc order="4.0" xlink:arcrole="http://www.xbrl.org/2003/arcrole/parent-child" xlink:from="lbl_CGSummaryOfAllGainsAndLossesOfThePeriod" xlink:to="lbl_CGSummaryCapitalLossesArising" xlink:type="arc"/>
      <link:loc xlink:href="ct-CG-2013-07-21.xsd#ct-CG_CGSummaryREITGainsChargeableAtMainRate" xlink:label="lbl_CGSummaryREITGainsChargeableAtMainRate" xlink:type="locator"/>
      <link:presentationArc order="5.0" xlink:arcrole="http://www.xbrl.org/2003/arcrole/parent-child" xlink:from="lbl_CGSummaryOfAllGainsAndLossesOfThePeriod" xlink:to="lbl_CGSummaryREITGainsChargeableAtMainRate" xlink:type="arc"/>
      <link:loc xlink:href="ct-CG-2013-07-21.xsd#ct-CG_CGSummarySection35Subsection5Election" xlink:label="lbl_CGSummarySection35Subsection5Election" xlink:type="locator"/>
      <link:presentationArc order="6.0" xlink:arcrole="http://www.xbrl.org/2003/arcrole/parent-child" xlink:from="lbl_CGSummaryOfAllGainsAndLossesOfThePeriod" xlink:to="lbl_CGSummarySection35Subsection5Election" xlink:type="arc"/>
      <link:loc xlink:href="ct-CG-2013-07-21.xsd#ct-CG_CGSummaryOfGainsAndLossesAnalysis" xlink:label="lbl_CGSummaryOfGainsAndLossesAnalysis" xlink:type="locator"/>
      <link:presentationArc order="7.0" xlink:arcrole="http://www.xbrl.org/2003/arcrole/parent-child" xlink:from="lbl_CGSummaryOfAllGainsAndLossesOfThePeriod" xlink:to="lbl_CGSummaryOfGainsAndLossesAnalysis" xlink:type="arc"/>
      <link:loc xlink:href="ct-CG-2013-07-21.xsd#ct-CG_CGSummaryOfGainsAndLossesAnalysisUnconnectedPartiesOrNameOfConnectedParty" xlink:label="lbl_CGSummaryOfGainsAndLossesAnalysisUnconnectedPartiesOrNameOfConnectedParty" xlink:type="locator"/>
      <link:presentationArc order="1.0" xlink:arcrole="http://www.xbrl.org/2003/arcrole/parent-child" xlink:from="lbl_CGSummaryOfGainsAndLossesAnalysis" xlink:to="lbl_CGSummaryOfGainsAndLossesAnalysisUnconnectedPartiesOrNameOfConnectedParty" xlink:type="arc"/>
      <link:loc xlink:href="ct-CG-2013-07-21.xsd#ct-CG_CGComputationOfGainsAndLossesTotalGains" xlink:label="lbl_CGComputationOfGainsAndLossesTotalGains" xlink:type="locator"/>
      <link:presentationArc order="2.0" xlink:arcrole="http://www.xbrl.org/2003/arcrole/parent-child" xlink:from="lbl_CGSummaryOfGainsAndLossesAnalysis" xlink:to="lbl_CGComputationOfGainsAndLossesTotalGains" xlink:type="arc"/>
      <link:loc xlink:href="ct-CG-2013-07-21.xsd#ct-CG_CGSummaryOfGainsAndLossesAnalysisAllowableLossesDeducted" xlink:label="lbl_CGSummaryOfGainsAndLossesAnalysisAllowableLossesDeducted" xlink:type="locator"/>
      <link:presentationArc order="3.0" xlink:arcrole="http://www.xbrl.org/2003/arcrole/parent-child" xlink:from="lbl_CGSummaryOfGainsAndLossesAnalysis" xlink:to="lbl_CGSummaryOfGainsAndLossesAnalysisAllowableLossesDeducted" xlink:type="arc"/>
      <link:loc xlink:href="ct-CG-2013-07-21.xsd#ct-CG_CGSummaryOfGainsAndLossesAnalysisNetChargeableGains" xlink:label="lbl_CGSummaryOfGainsAndLossesAnalysisNetChargeableGains" xlink:type="locator"/>
      <link:presentationArc order="4.0" xlink:arcrole="http://www.xbrl.org/2003/arcrole/parent-child" xlink:from="lbl_CGSummaryOfGainsAndLossesAnalysis" xlink:to="lbl_CGSummaryOfGainsAndLossesAnalysisNetChargeableGains" xlink:type="arc"/>
      <link:loc xlink:href="ct-CG-2013-07-21.xsd#ct-CG_CGComputationOfGainsAndLossesTotalLosses" xlink:label="lbl_CGComputationOfGainsAndLossesTotalLosses" xlink:type="locator"/>
      <link:presentationArc order="5.0" xlink:arcrole="http://www.xbrl.org/2003/arcrole/parent-child" xlink:from="lbl_CGSummaryOfGainsAndLossesAnalysis" xlink:to="lbl_CGComputationOfGainsAndLossesTotalLosses" xlink:type="arc"/>
      <link:loc xlink:href="ct-CG-2013-07-21.xsd#ct-CG_CGSummaryOfGainsAndLossesAnalysisCapitalLossesBF" xlink:label="lbl_CGSummaryOfGainsAndLossesAnalysisCapitalLossesBF" xlink:type="locator"/>
      <link:presentationArc order="6.0" xlink:arcrole="http://www.xbrl.org/2003/arcrole/parent-child" xlink:from="lbl_CGSummaryOfGainsAndLossesAnalysis" xlink:to="lbl_CGSummaryOfGainsAndLossesAnalysisCapitalLossesBF" xlink:type="arc"/>
      <link:loc xlink:href="ct-CG-2013-07-21.xsd#ct-CG_CGSummaryOfGainsAndLossesAnalysisCapitalLossesCF" xlink:label="lbl_CGSummaryOfGainsAndLossesAnalysisCapitalLossesCF" xlink:type="locator"/>
      <link:presentationArc order="7.0" xlink:arcrole="http://www.xbrl.org/2003/arcrole/parent-child" xlink:from="lbl_CGSummaryOfGainsAndLossesAnalysis" xlink:to="lbl_CGSummaryOfGainsAndLossesAnalysisCapitalLossesCF" xlink:type="arc"/>
      <link:loc xlink:href="ct-CG-2013-07-21.xsd#ct-CG_CGSummaryOfGainsAndLossesAnalysisPreentryLossesBF" xlink:label="lbl_CGSummaryOfGainsAndLossesAnalysisPreentryLossesBF" xlink:type="locator"/>
      <link:presentationArc order="8.0" xlink:arcrole="http://www.xbrl.org/2003/arcrole/parent-child" xlink:from="lbl_CGSummaryOfGainsAndLossesAnalysis" xlink:to="lbl_CGSummaryOfGainsAndLossesAnalysisPreentryLossesBF" xlink:type="arc"/>
      <link:loc xlink:href="ct-CG-2013-07-21.xsd#ct-CG_CGSummaryOfGainsAndLossesAnalysisPreentryLossesArising" xlink:label="lbl_CGSummaryOfGainsAndLossesAnalysisPreentryLossesArising" xlink:type="locator"/>
      <link:presentationArc order="9.0" xlink:arcrole="http://www.xbrl.org/2003/arcrole/parent-child" xlink:from="lbl_CGSummaryOfGainsAndLossesAnalysis" xlink:to="lbl_CGSummaryOfGainsAndLossesAnalysisPreentryLossesArising" xlink:type="arc"/>
      <link:loc xlink:href="ct-CG-2013-07-21.xsd#ct-CG_CGSummaryOfGainsAndLossesAnalysisPreentryLossesUtilised" xlink:label="lbl_CGSummaryOfGainsAndLossesAnalysisPreentryLossesUtilised" xlink:type="locator"/>
      <link:presentationArc order="10.0" xlink:arcrole="http://www.xbrl.org/2003/arcrole/parent-child" xlink:from="lbl_CGSummaryOfGainsAndLossesAnalysis" xlink:to="lbl_CGSummaryOfGainsAndLossesAnalysisPreentryLossesUtilised" xlink:type="arc"/>
      <link:loc xlink:href="ct-CG-2013-07-21.xsd#ct-CG_CGSummaryOfGainsAndLossesAnalysisPreentryLossesCF" xlink:label="lbl_CGSummaryOfGainsAndLossesAnalysisPreentryLossesCF" xlink:type="locator"/>
      <link:presentationArc order="11.0" xlink:arcrole="http://www.xbrl.org/2003/arcrole/parent-child" xlink:from="lbl_CGSummaryOfGainsAndLossesAnalysis" xlink:to="lbl_CGSummaryOfGainsAndLossesAnalysisPreentryLossesCF" xlink:type="arc"/>
      <link:loc xlink:href="ct-CG-2013-07-21.xsd#ct-CG_CGSummaryOfGainsAndLossesAnalysisQualifyingLossesBF" xlink:label="lbl_CGSummaryOfGainsAndLossesAnalysisQualifyingLossesBF" xlink:type="locator"/>
      <link:presentationArc order="12.0" xlink:arcrole="http://www.xbrl.org/2003/arcrole/parent-child" xlink:from="lbl_CGSummaryOfGainsAndLossesAnalysis" xlink:to="lbl_CGSummaryOfGainsAndLossesAnalysisQualifyingLossesBF" xlink:type="arc"/>
      <link:loc xlink:href="ct-CG-2013-07-21.xsd#ct-CG_CGSummaryOfGainsAndLossesAnalysisQualifyingLossesArising" xlink:label="lbl_CGSummaryOfGainsAndLossesAnalysisQualifyingLossesArising" xlink:type="locator"/>
      <link:presentationArc order="13.0" xlink:arcrole="http://www.xbrl.org/2003/arcrole/parent-child" xlink:from="lbl_CGSummaryOfGainsAndLossesAnalysis" xlink:to="lbl_CGSummaryOfGainsAndLossesAnalysisQualifyingLossesArising" xlink:type="arc"/>
      <link:loc xlink:href="ct-CG-2013-07-21.xsd#ct-CG_CGSummaryOfGainsAndLossesAnalysisLossesUtilisedAgainstGainsOnPrechangeAssets" xlink:label="lbl_CGSummaryOfGainsAndLossesAnalysisLossesUtilisedAgainstGainsOnPrechangeAssets" xlink:type="locator"/>
      <link:presentationArc order="14.0" xlink:arcrole="http://www.xbrl.org/2003/arcrole/parent-child" xlink:from="lbl_CGSummaryOfGainsAndLossesAnalysis" xlink:to="lbl_CGSummaryOfGainsAndLossesAnalysisLossesUtilisedAgainstGainsOnPrechangeAssets" xlink:type="arc"/>
      <link:loc xlink:href="ct-CG-2013-07-21.xsd#ct-CG_CGSummaryOfGainsAndLossesAnalysisQualifyingLossesCF" xlink:label="lbl_CGSummaryOfGainsAndLossesAnalysisQualifyingLossesCF" xlink:type="locator"/>
      <link:presentationArc order="15.0" xlink:arcrole="http://www.xbrl.org/2003/arcrole/parent-child" xlink:from="lbl_CGSummaryOfGainsAndLossesAnalysis" xlink:to="lbl_CGSummaryOfGainsAndLossesAnalysisQualifyingLossesCF" xlink:type="arc"/>
      <link:loc xlink:href="ct-CG-2013-07-21.xsd#ct-CG_CGSummaryOfGainsAndLossesAnalysisLossesOnPrechangeAssetsBF" xlink:label="lbl_CGSummaryOfGainsAndLossesAnalysisLossesOnPrechangeAssetsBF" xlink:type="locator"/>
      <link:presentationArc order="16.0" xlink:arcrole="http://www.xbrl.org/2003/arcrole/parent-child" xlink:from="lbl_CGSummaryOfGainsAndLossesAnalysis" xlink:to="lbl_CGSummaryOfGainsAndLossesAnalysisLossesOnPrechangeAssetsBF" xlink:type="arc"/>
      <link:loc xlink:href="ct-CG-2013-07-21.xsd#ct-CG_CGSummaryOfGainsAndLossesAnalysisLossesOnPrechangeAssetsArising" xlink:label="lbl_CGSummaryOfGainsAndLossesAnalysisLossesOnPrechangeAssetsArising" xlink:type="locator"/>
      <link:presentationArc order="17.0" xlink:arcrole="http://www.xbrl.org/2003/arcrole/parent-child" xlink:from="lbl_CGSummaryOfGainsAndLossesAnalysis" xlink:to="lbl_CGSummaryOfGainsAndLossesAnalysisLossesOnPrechangeAssetsArising" xlink:type="arc"/>
      <link:loc xlink:href="ct-CG-2013-07-21.xsd#ct-CG_CGSummaryOfGainsAndLossesAnalysisLossesUtilisedAgainstQualifyingGains" xlink:label="lbl_CGSummaryOfGainsAndLossesAnalysisLossesUtilisedAgainstQualifyingGains" xlink:type="locator"/>
      <link:presentationArc order="18.0" xlink:arcrole="http://www.xbrl.org/2003/arcrole/parent-child" xlink:from="lbl_CGSummaryOfGainsAndLossesAnalysis" xlink:to="lbl_CGSummaryOfGainsAndLossesAnalysisLossesUtilisedAgainstQualifyingGains" xlink:type="arc"/>
      <link:loc xlink:href="ct-CG-2013-07-21.xsd#ct-CG_CGSummaryOfGainsAndLossesAnalysisLossesOnPrechangeAssetsCF" xlink:label="lbl_CGSummaryOfGainsAndLossesAnalysisLossesOnPrechangeAssetsCF" xlink:type="locator"/>
      <link:presentationArc order="19.0" xlink:arcrole="http://www.xbrl.org/2003/arcrole/parent-child" xlink:from="lbl_CGSummaryOfGainsAndLossesAnalysis" xlink:to="lbl_CGSummaryOfGainsAndLossesAnalysisLossesOnPrechangeAssetsCF" xlink:type="arc"/>
      <link:loc xlink:href="ct-CG-2013-07-21.xsd#ct-CG_CGSummaryOfGainsAndLossesAnalysisRelevantGainsIncomeConversion" xlink:label="lbl_CGSummaryOfGainsAndLossesAnalysisRelevantGainsIncomeConversion" xlink:type="locator"/>
      <link:presentationArc order="20.0" xlink:arcrole="http://www.xbrl.org/2003/arcrole/parent-child" xlink:from="lbl_CGSummaryOfGainsAndLossesAnalysis" xlink:to="lbl_CGSummaryOfGainsAndLossesAnalysisRelevantGainsIncomeConversion" xlink:type="arc"/>
      <link:loc xlink:href="ct-CG-2013-07-21.xsd#ct-CG_CGSummaryOfGainsAndLossesAnalysisRelevantGainsSecuringDeductions" xlink:label="lbl_CGSummaryOfGainsAndLossesAnalysisRelevantGainsSecuringDeductions" xlink:type="locator"/>
      <link:presentationArc order="21.0" xlink:arcrole="http://www.xbrl.org/2003/arcrole/parent-child" xlink:from="lbl_CGSummaryOfGainsAndLossesAnalysis" xlink:to="lbl_CGSummaryOfGainsAndLossesAnalysisRelevantGainsSecuringDeductions" xlink:type="arc"/>
      <link:loc xlink:href="ct-CG-2013-07-21.xsd#ct-CG_CGHoldoverRelief" xlink:label="lbl_CGHoldoverRelief" xlink:type="locator"/>
      <link:presentationArc order="2.0" xlink:arcrole="http://www.xbrl.org/2003/arcrole/parent-child" xlink:from="lbl_ChargeableGains" xlink:to="lbl_CGHoldoverRelief" xlink:type="arc"/>
      <link:loc xlink:href="ct-CG-2013-07-21.xsd#ct-CG_CGHoldoverReliefTotal" xlink:label="lbl_CGHoldoverReliefTotal" xlink:type="locator"/>
      <link:presentationArc order="1.0" xlink:arcrole="http://www.xbrl.org/2003/arcrole/parent-child" xlink:from="lbl_CGHoldoverRelief" xlink:to="lbl_CGHoldoverReliefTotal" xlink:type="arc"/>
      <link:loc xlink:href="ct-CG-2013-07-21.xsd#ct-CG_CGHoldoverReliefCostTotalBaseCost" xlink:label="lbl_CGHoldoverReliefCostTotalBaseCost" xlink:type="locator"/>
      <link:presentationArc order="1.0" xlink:arcrole="http://www.xbrl.org/2003/arcrole/parent-child" xlink:from="lbl_CGHoldoverReliefTotal" xlink:to="lbl_CGHoldoverReliefCostTotalBaseCost" xlink:type="arc"/>
      <link:loc xlink:href="ct-CG-2013-07-21.xsd#ct-CG_CGHoldoverReliefNotionalBaseCostBFTotalBaseCost" xlink:label="lbl_CGHoldoverReliefNotionalBaseCostBFTotalBaseCost" xlink:type="locator"/>
      <link:presentationArc order="2.0" xlink:arcrole="http://www.xbrl.org/2003/arcrole/parent-child" xlink:from="lbl_CGHoldoverReliefTotal" xlink:to="lbl_CGHoldoverReliefNotionalBaseCostBFTotalBaseCost" xlink:type="arc"/>
      <link:loc xlink:href="ct-CG-2013-07-21.xsd#ct-CG_CGHoldoverReliefAdditionsTotalBaseCost" xlink:label="lbl_CGHoldoverReliefAdditionsTotalBaseCost" xlink:type="locator"/>
      <link:presentationArc order="3.0" xlink:arcrole="http://www.xbrl.org/2003/arcrole/parent-child" xlink:from="lbl_CGHoldoverReliefTotal" xlink:to="lbl_CGHoldoverReliefAdditionsTotalBaseCost" xlink:type="arc"/>
      <link:loc xlink:href="ct-CG-2013-07-21.xsd#ct-CG_CGHoldoverReliefGainsHeldOverTotalBaseCost" xlink:label="lbl_CGHoldoverReliefGainsHeldOverTotalBaseCost" xlink:type="locator"/>
      <link:presentationArc order="4.0" xlink:arcrole="http://www.xbrl.org/2003/arcrole/parent-child" xlink:from="lbl_CGHoldoverReliefTotal" xlink:to="lbl_CGHoldoverReliefGainsHeldOverTotalBaseCost" xlink:type="arc"/>
      <link:loc xlink:href="ct-CG-2013-07-21.xsd#ct-CG_CGHoldoverReliefDisposalsTotalBaseCost" xlink:label="lbl_CGHoldoverReliefDisposalsTotalBaseCost" xlink:type="locator"/>
      <link:presentationArc order="5.0" xlink:arcrole="http://www.xbrl.org/2003/arcrole/parent-child" xlink:from="lbl_CGHoldoverReliefTotal" xlink:to="lbl_CGHoldoverReliefDisposalsTotalBaseCost" xlink:type="arc"/>
      <link:loc xlink:href="ct-CG-2013-07-21.xsd#ct-CG_CGHoldoverReliefBaseCostCFTotalBaseCost" xlink:label="lbl_CGHoldoverReliefBaseCostCFTotalBaseCost" xlink:type="locator"/>
      <link:presentationArc order="6.0" xlink:arcrole="http://www.xbrl.org/2003/arcrole/parent-child" xlink:from="lbl_CGHoldoverReliefTotal" xlink:to="lbl_CGHoldoverReliefBaseCostCFTotalBaseCost" xlink:type="arc"/>
      <link:loc xlink:href="ct-CG-2013-07-21.xsd#ct-CG_CGHoldoverReliefCostCapacityBFTotalCostCapacity" xlink:label="lbl_CGHoldoverReliefCostCapacityBFTotalCostCapacity" xlink:type="locator"/>
      <link:presentationArc order="7.0" xlink:arcrole="http://www.xbrl.org/2003/arcrole/parent-child" xlink:from="lbl_CGHoldoverReliefTotal" xlink:to="lbl_CGHoldoverReliefCostCapacityBFTotalCostCapacity" xlink:type="arc"/>
      <link:loc xlink:href="ct-CG-2013-07-21.xsd#ct-CG_CGHoldoverReliefProceedsHeldOverTotalCostCapacity" xlink:label="lbl_CGHoldoverReliefProceedsHeldOverTotalCostCapacity" xlink:type="locator"/>
      <link:presentationArc order="8.0" xlink:arcrole="http://www.xbrl.org/2003/arcrole/parent-child" xlink:from="lbl_CGHoldoverReliefTotal" xlink:to="lbl_CGHoldoverReliefProceedsHeldOverTotalCostCapacity" xlink:type="arc"/>
      <link:loc xlink:href="ct-CG-2013-07-21.xsd#ct-CG_CGHoldoverReliefDisposalsTotalCostCapacity" xlink:label="lbl_CGHoldoverReliefDisposalsTotalCostCapacity" xlink:type="locator"/>
      <link:presentationArc order="9.0" xlink:arcrole="http://www.xbrl.org/2003/arcrole/parent-child" xlink:from="lbl_CGHoldoverReliefTotal" xlink:to="lbl_CGHoldoverReliefDisposalsTotalCostCapacity" xlink:type="arc"/>
      <link:loc xlink:href="ct-CG-2013-07-21.xsd#ct-CG_CGHoldoverReliefCostCapacityCFTotalCostCapacity" xlink:label="lbl_CGHoldoverReliefCostCapacityCFTotalCostCapacity" xlink:type="locator"/>
      <link:presentationArc order="10.0" xlink:arcrole="http://www.xbrl.org/2003/arcrole/parent-child" xlink:from="lbl_CGHoldoverReliefTotal" xlink:to="lbl_CGHoldoverReliefCostCapacityCFTotalCostCapacity" xlink:type="arc"/>
      <link:loc xlink:href="ct-CG-2013-07-21.xsd#ct-CG_CGHoldoverReliefCumulativeGainsHeldOverTotal" xlink:label="lbl_CGHoldoverReliefCumulativeGainsHeldOverTotal" xlink:type="locator"/>
      <link:presentationArc order="11.0" xlink:arcrole="http://www.xbrl.org/2003/arcrole/parent-child" xlink:from="lbl_CGHoldoverReliefTotal" xlink:to="lbl_CGHoldoverReliefCumulativeGainsHeldOverTotal" xlink:type="arc"/>
      <link:loc xlink:href="ct-CG-2013-07-21.xsd#ct-CG_CGHoldoverReliefGainsCrystallisingTotal" xlink:label="lbl_CGHoldoverReliefGainsCrystallisingTotal" xlink:type="locator"/>
      <link:presentationArc order="12.0" xlink:arcrole="http://www.xbrl.org/2003/arcrole/parent-child" xlink:from="lbl_CGHoldoverReliefTotal" xlink:to="lbl_CGHoldoverReliefGainsCrystallisingTotal" xlink:type="arc"/>
      <link:loc xlink:href="ct-CG-2013-07-21.xsd#ct-CG_CGHoldoverReliefIndividualItem" xlink:label="lbl_CGHoldoverReliefIndividualItem" xlink:type="locator"/>
      <link:presentationArc order="2.0" xlink:arcrole="http://www.xbrl.org/2003/arcrole/parent-child" xlink:from="lbl_CGHoldoverRelief" xlink:to="lbl_CGHoldoverReliefIndividualItem" xlink:type="arc"/>
      <link:loc xlink:href="ct-CG-2013-07-21.xsd#ct-CG_CGHoldoverReliefDescription" xlink:label="lbl_CGHoldoverReliefDescription" xlink:type="locator"/>
      <link:presentationArc order="1.0" xlink:arcrole="http://www.xbrl.org/2003/arcrole/parent-child" xlink:from="lbl_CGHoldoverReliefIndividualItem" xlink:to="lbl_CGHoldoverReliefDescription" xlink:type="arc"/>
      <link:loc xlink:href="ct-CG-2013-07-21.xsd#ct-CG_CGHoldoverReliefDateAcquired" xlink:label="lbl_CGHoldoverReliefDateAcquired" xlink:type="locator"/>
      <link:presentationArc order="2.0" xlink:arcrole="http://www.xbrl.org/2003/arcrole/parent-child" xlink:from="lbl_CGHoldoverReliefIndividualItem" xlink:to="lbl_CGHoldoverReliefDateAcquired" xlink:type="arc"/>
      <link:loc xlink:href="ct-CG-2013-07-21.xsd#ct-CG_CGHoldoverReliefCostBaseCost" xlink:label="lbl_CGHoldoverReliefCostBaseCost" xlink:type="locator"/>
      <link:presentationArc order="3.0" xlink:arcrole="http://www.xbrl.org/2003/arcrole/parent-child" xlink:from="lbl_CGHoldoverReliefIndividualItem" xlink:to="lbl_CGHoldoverReliefCostBaseCost" xlink:type="arc"/>
      <link:loc xlink:href="ct-CG-2013-07-21.xsd#ct-CG_CGHoldoverReliefNotionalBaseCostBFBaseCost" xlink:label="lbl_CGHoldoverReliefNotionalBaseCostBFBaseCost" xlink:type="locator"/>
      <link:presentationArc order="4.0" xlink:arcrole="http://www.xbrl.org/2003/arcrole/parent-child" xlink:from="lbl_CGHoldoverReliefIndividualItem" xlink:to="lbl_CGHoldoverReliefNotionalBaseCostBFBaseCost" xlink:type="arc"/>
      <link:loc xlink:href="ct-CG-2013-07-21.xsd#ct-CG_CGHoldoverReliefAdditionsBaseCost" xlink:label="lbl_CGHoldoverReliefAdditionsBaseCost" xlink:type="locator"/>
      <link:presentationArc order="5.0" xlink:arcrole="http://www.xbrl.org/2003/arcrole/parent-child" xlink:from="lbl_CGHoldoverReliefIndividualItem" xlink:to="lbl_CGHoldoverReliefAdditionsBaseCost" xlink:type="arc"/>
      <link:loc xlink:href="ct-CG-2013-07-21.xsd#ct-CG_CGHoldoverReliefGainsHeldOverBaseCost" xlink:label="lbl_CGHoldoverReliefGainsHeldOverBaseCost" xlink:type="locator"/>
      <link:presentationArc order="6.0" xlink:arcrole="http://www.xbrl.org/2003/arcrole/parent-child" xlink:from="lbl_CGHoldoverReliefIndividualItem" xlink:to="lbl_CGHoldoverReliefGainsHeldOverBaseCost" xlink:type="arc"/>
      <link:loc xlink:href="ct-CG-2013-07-21.xsd#ct-CG_CGHoldoverReliefDisposalsBaseCost" xlink:label="lbl_CGHoldoverReliefDisposalsBaseCost" xlink:type="locator"/>
      <link:presentationArc order="7.0" xlink:arcrole="http://www.xbrl.org/2003/arcrole/parent-child" xlink:from="lbl_CGHoldoverReliefIndividualItem" xlink:to="lbl_CGHoldoverReliefDisposalsBaseCost" xlink:type="arc"/>
      <link:loc xlink:href="ct-CG-2013-07-21.xsd#ct-CG_CGHoldoverReliefBaseCostCFBaseCost" xlink:label="lbl_CGHoldoverReliefBaseCostCFBaseCost" xlink:type="locator"/>
      <link:presentationArc order="8.0" xlink:arcrole="http://www.xbrl.org/2003/arcrole/parent-child" xlink:from="lbl_CGHoldoverReliefIndividualItem" xlink:to="lbl_CGHoldoverReliefBaseCostCFBaseCost" xlink:type="arc"/>
      <link:loc xlink:href="ct-CG-2013-07-21.xsd#ct-CG_CGHoldoverReliefCostCapacityBFCostCapacity" xlink:label="lbl_CGHoldoverReliefCostCapacityBFCostCapacity" xlink:type="locator"/>
      <link:presentationArc order="9.0" xlink:arcrole="http://www.xbrl.org/2003/arcrole/parent-child" xlink:from="lbl_CGHoldoverReliefIndividualItem" xlink:to="lbl_CGHoldoverReliefCostCapacityBFCostCapacity" xlink:type="arc"/>
      <link:loc xlink:href="ct-CG-2013-07-21.xsd#ct-CG_CGHoldoverReliefProceedsHeldOverCostCapacity" xlink:label="lbl_CGHoldoverReliefProceedsHeldOverCostCapacity" xlink:type="locator"/>
      <link:presentationArc order="10.0" xlink:arcrole="http://www.xbrl.org/2003/arcrole/parent-child" xlink:from="lbl_CGHoldoverReliefIndividualItem" xlink:to="lbl_CGHoldoverReliefProceedsHeldOverCostCapacity" xlink:type="arc"/>
      <link:loc xlink:href="ct-CG-2013-07-21.xsd#ct-CG_CGHoldoverReliefDisposalsCostCapacity" xlink:label="lbl_CGHoldoverReliefDisposalsCostCapacity" xlink:type="locator"/>
      <link:presentationArc order="11.0" xlink:arcrole="http://www.xbrl.org/2003/arcrole/parent-child" xlink:from="lbl_CGHoldoverReliefIndividualItem" xlink:to="lbl_CGHoldoverReliefDisposalsCostCapacity" xlink:type="arc"/>
      <link:loc xlink:href="ct-CG-2013-07-21.xsd#ct-CG_CGHoldoverReliefCostCapacityCFCostCapacity" xlink:label="lbl_CGHoldoverReliefCostCapacityCFCostCapacity" xlink:type="locator"/>
      <link:presentationArc order="12.0" xlink:arcrole="http://www.xbrl.org/2003/arcrole/parent-child" xlink:from="lbl_CGHoldoverReliefIndividualItem" xlink:to="lbl_CGHoldoverReliefCostCapacityCFCostCapacity" xlink:type="arc"/>
      <link:loc xlink:href="ct-CG-2013-07-21.xsd#ct-CG_CGHoldoverReliefCumulativeGainsHeldOver" xlink:label="lbl_CGHoldoverReliefCumulativeGainsHeldOver" xlink:type="locator"/>
      <link:presentationArc order="13.0" xlink:arcrole="http://www.xbrl.org/2003/arcrole/parent-child" xlink:from="lbl_CGHoldoverReliefIndividualItem" xlink:to="lbl_CGHoldoverReliefCumulativeGainsHeldOver" xlink:type="arc"/>
      <link:loc xlink:href="ct-CG-2013-07-21.xsd#ct-CG_CGHoldoverReliefGainsCrystallising" xlink:label="lbl_CGHoldoverReliefGainsCrystallising" xlink:type="locator"/>
      <link:presentationArc order="14.0" xlink:arcrole="http://www.xbrl.org/2003/arcrole/parent-child" xlink:from="lbl_CGHoldoverReliefIndividualItem" xlink:to="lbl_CGHoldoverReliefGainsCrystallising" xlink:type="arc"/>
      <link:loc xlink:href="ct-CG-2013-07-21.xsd#ct-CG_CGRolloverRelief" xlink:label="lbl_CGRolloverRelief" xlink:type="locator"/>
      <link:presentationArc order="3.0" xlink:arcrole="http://www.xbrl.org/2003/arcrole/parent-child" xlink:from="lbl_ChargeableGains" xlink:to="lbl_CGRolloverRelief" xlink:type="arc"/>
      <link:loc xlink:href="ct-CG-2013-07-21.xsd#ct-CG_CGRolloverReliefTotal" xlink:label="lbl_CGRolloverReliefTotal" xlink:type="locator"/>
      <link:presentationArc order="1.0" xlink:arcrole="http://www.xbrl.org/2003/arcrole/parent-child" xlink:from="lbl_CGRolloverRelief" xlink:to="lbl_CGRolloverReliefTotal" xlink:type="arc"/>
      <link:loc xlink:href="ct-CG-2013-07-21.xsd#ct-CG_CGRolloverReliefCostTotal" xlink:label="lbl_CGRolloverReliefCostTotal" xlink:type="locator"/>
      <link:presentationArc order="1.0" xlink:arcrole="http://www.xbrl.org/2003/arcrole/parent-child" xlink:from="lbl_CGRolloverReliefTotal" xlink:to="lbl_CGRolloverReliefCostTotal" xlink:type="arc"/>
      <link:loc xlink:href="ct-CG-2013-07-21.xsd#ct-CG_CGRolloverReliefBaseCostBFTotalBaseCost" xlink:label="lbl_CGRolloverReliefBaseCostBFTotalBaseCost" xlink:type="locator"/>
      <link:presentationArc order="2.0" xlink:arcrole="http://www.xbrl.org/2003/arcrole/parent-child" xlink:from="lbl_CGRolloverReliefTotal" xlink:to="lbl_CGRolloverReliefBaseCostBFTotalBaseCost" xlink:type="arc"/>
      <link:loc xlink:href="ct-CG-2013-07-21.xsd#ct-CG_CGRolloverReliefAdditionsTotalBaseCost" xlink:label="lbl_CGRolloverReliefAdditionsTotalBaseCost" xlink:type="locator"/>
      <link:presentationArc order="3.0" xlink:arcrole="http://www.xbrl.org/2003/arcrole/parent-child" xlink:from="lbl_CGRolloverReliefTotal" xlink:to="lbl_CGRolloverReliefAdditionsTotalBaseCost" xlink:type="arc"/>
      <link:loc xlink:href="ct-CG-2013-07-21.xsd#ct-CG_CGRolloverReliefGainsOfPeriodRolledOverTotalBaseCost" xlink:label="lbl_CGRolloverReliefGainsOfPeriodRolledOverTotalBaseCost" xlink:type="locator"/>
      <link:presentationArc order="4.0" xlink:arcrole="http://www.xbrl.org/2003/arcrole/parent-child" xlink:from="lbl_CGRolloverReliefTotal" xlink:to="lbl_CGRolloverReliefGainsOfPeriodRolledOverTotalBaseCost" xlink:type="arc"/>
      <link:loc xlink:href="ct-CG-2013-07-21.xsd#ct-CG_CGRolloverReliefDisposalsTotalBaseCost" xlink:label="lbl_CGRolloverReliefDisposalsTotalBaseCost" xlink:type="locator"/>
      <link:presentationArc order="5.0" xlink:arcrole="http://www.xbrl.org/2003/arcrole/parent-child" xlink:from="lbl_CGRolloverReliefTotal" xlink:to="lbl_CGRolloverReliefDisposalsTotalBaseCost" xlink:type="arc"/>
      <link:loc xlink:href="ct-CG-2013-07-21.xsd#ct-CG_CGRolloverReliefBaseCostCFTotalBaseCost" xlink:label="lbl_CGRolloverReliefBaseCostCFTotalBaseCost" xlink:type="locator"/>
      <link:presentationArc order="6.0" xlink:arcrole="http://www.xbrl.org/2003/arcrole/parent-child" xlink:from="lbl_CGRolloverReliefTotal" xlink:to="lbl_CGRolloverReliefBaseCostCFTotalBaseCost" xlink:type="arc"/>
      <link:loc xlink:href="ct-CG-2013-07-21.xsd#ct-CG_CGRolloverReliefCostCapacityBFTotalCostCapacity" xlink:label="lbl_CGRolloverReliefCostCapacityBFTotalCostCapacity" xlink:type="locator"/>
      <link:presentationArc order="7.0" xlink:arcrole="http://www.xbrl.org/2003/arcrole/parent-child" xlink:from="lbl_CGRolloverReliefTotal" xlink:to="lbl_CGRolloverReliefCostCapacityBFTotalCostCapacity" xlink:type="arc"/>
      <link:loc xlink:href="ct-CG-2013-07-21.xsd#ct-CG_CGRolloverReliefProceedsRolledOverTotalCostCapacity" xlink:label="lbl_CGRolloverReliefProceedsRolledOverTotalCostCapacity" xlink:type="locator"/>
      <link:presentationArc order="8.0" xlink:arcrole="http://www.xbrl.org/2003/arcrole/parent-child" xlink:from="lbl_CGRolloverReliefTotal" xlink:to="lbl_CGRolloverReliefProceedsRolledOverTotalCostCapacity" xlink:type="arc"/>
      <link:loc xlink:href="ct-CG-2013-07-21.xsd#ct-CG_CGRolloverReliefDisposalsTotalCostCapacity" xlink:label="lbl_CGRolloverReliefDisposalsTotalCostCapacity" xlink:type="locator"/>
      <link:presentationArc order="9.0" xlink:arcrole="http://www.xbrl.org/2003/arcrole/parent-child" xlink:from="lbl_CGRolloverReliefTotal" xlink:to="lbl_CGRolloverReliefDisposalsTotalCostCapacity" xlink:type="arc"/>
      <link:loc xlink:href="ct-CG-2013-07-21.xsd#ct-CG_CGRolloverReliefCostCapacityCFTotalCostCapacity" xlink:label="lbl_CGRolloverReliefCostCapacityCFTotalCostCapacity" xlink:type="locator"/>
      <link:presentationArc order="10.0" xlink:arcrole="http://www.xbrl.org/2003/arcrole/parent-child" xlink:from="lbl_CGRolloverReliefTotal" xlink:to="lbl_CGRolloverReliefCostCapacityCFTotalCostCapacity" xlink:type="arc"/>
      <link:loc xlink:href="ct-CG-2013-07-21.xsd#ct-CG_CGRolloverReliefCumulativeGainsRolledInTotal" xlink:label="lbl_CGRolloverReliefCumulativeGainsRolledInTotal" xlink:type="locator"/>
      <link:presentationArc order="11.0" xlink:arcrole="http://www.xbrl.org/2003/arcrole/parent-child" xlink:from="lbl_CGRolloverReliefTotal" xlink:to="lbl_CGRolloverReliefCumulativeGainsRolledInTotal" xlink:type="arc"/>
      <link:loc xlink:href="ct-CG-2013-07-21.xsd#ct-CG_CGRolloverReliefIndividualItem" xlink:label="lbl_CGRolloverReliefIndividualItem" xlink:type="locator"/>
      <link:presentationArc order="2.0" xlink:arcrole="http://www.xbrl.org/2003/arcrole/parent-child" xlink:from="lbl_CGRolloverRelief" xlink:to="lbl_CGRolloverReliefIndividualItem" xlink:type="arc"/>
      <link:loc xlink:href="ct-CG-2013-07-21.xsd#ct-CG_CGRolloverReliefAssetDescriptionItem" xlink:label="lbl_CGRolloverReliefAssetDescriptionItem" xlink:type="locator"/>
      <link:presentationArc order="1.0" xlink:arcrole="http://www.xbrl.org/2003/arcrole/parent-child" xlink:from="lbl_CGRolloverReliefIndividualItem" xlink:to="lbl_CGRolloverReliefAssetDescriptionItem" xlink:type="arc"/>
      <link:loc xlink:href="ct-CG-2013-07-21.xsd#ct-CG_CGRolloverReliefDateOfAcquisitionItem" xlink:label="lbl_CGRolloverReliefDateOfAcquisitionItem" xlink:type="locator"/>
      <link:presentationArc order="2.0" xlink:arcrole="http://www.xbrl.org/2003/arcrole/parent-child" xlink:from="lbl_CGRolloverReliefIndividualItem" xlink:to="lbl_CGRolloverReliefDateOfAcquisitionItem" xlink:type="arc"/>
      <link:loc xlink:href="ct-CG-2013-07-21.xsd#ct-CG_CGRolloverReliefCostItem" xlink:label="lbl_CGRolloverReliefCostItem" xlink:type="locator"/>
      <link:presentationArc order="3.0" xlink:arcrole="http://www.xbrl.org/2003/arcrole/parent-child" xlink:from="lbl_CGRolloverReliefIndividualItem" xlink:to="lbl_CGRolloverReliefCostItem" xlink:type="arc"/>
      <link:loc xlink:href="ct-CG-2013-07-21.xsd#ct-CG_CGRolloverReliefBaseCostBFItemBaseCost" xlink:label="lbl_CGRolloverReliefBaseCostBFItemBaseCost" xlink:type="locator"/>
      <link:presentationArc order="4.0" xlink:arcrole="http://www.xbrl.org/2003/arcrole/parent-child" xlink:from="lbl_CGRolloverReliefIndividualItem" xlink:to="lbl_CGRolloverReliefBaseCostBFItemBaseCost" xlink:type="arc"/>
      <link:loc xlink:href="ct-CG-2013-07-21.xsd#ct-CG_CGRolloverReliefAdditionsItemBaseCost" xlink:label="lbl_CGRolloverReliefAdditionsItemBaseCost" xlink:type="locator"/>
      <link:presentationArc order="5.0" xlink:arcrole="http://www.xbrl.org/2003/arcrole/parent-child" xlink:from="lbl_CGRolloverReliefIndividualItem" xlink:to="lbl_CGRolloverReliefAdditionsItemBaseCost" xlink:type="arc"/>
      <link:loc xlink:href="ct-CG-2013-07-21.xsd#ct-CG_CGRolloverReliefGainsOfPeriodRolledOverItemBaseCost" xlink:label="lbl_CGRolloverReliefGainsOfPeriodRolledOverItemBaseCost" xlink:type="locator"/>
      <link:presentationArc order="6.0" xlink:arcrole="http://www.xbrl.org/2003/arcrole/parent-child" xlink:from="lbl_CGRolloverReliefIndividualItem" xlink:to="lbl_CGRolloverReliefGainsOfPeriodRolledOverItemBaseCost" xlink:type="arc"/>
      <link:loc xlink:href="ct-CG-2013-07-21.xsd#ct-CG_CGRolloverReliefDisposalsItemBaseCost" xlink:label="lbl_CGRolloverReliefDisposalsItemBaseCost" xlink:type="locator"/>
      <link:presentationArc order="7.0" xlink:arcrole="http://www.xbrl.org/2003/arcrole/parent-child" xlink:from="lbl_CGRolloverReliefIndividualItem" xlink:to="lbl_CGRolloverReliefDisposalsItemBaseCost" xlink:type="arc"/>
      <link:loc xlink:href="ct-CG-2013-07-21.xsd#ct-CG_CGRolloverReliefBaseCostCFItemBaseCost" xlink:label="lbl_CGRolloverReliefBaseCostCFItemBaseCost" xlink:type="locator"/>
      <link:presentationArc order="8.0" xlink:arcrole="http://www.xbrl.org/2003/arcrole/parent-child" xlink:from="lbl_CGRolloverReliefIndividualItem" xlink:to="lbl_CGRolloverReliefBaseCostCFItemBaseCost" xlink:type="arc"/>
      <link:loc xlink:href="ct-CG-2013-07-21.xsd#ct-CG_CGRolloverReliefCostCapacityBFItemCostCapacity" xlink:label="lbl_CGRolloverReliefCostCapacityBFItemCostCapacity" xlink:type="locator"/>
      <link:presentationArc order="9.0" xlink:arcrole="http://www.xbrl.org/2003/arcrole/parent-child" xlink:from="lbl_CGRolloverReliefIndividualItem" xlink:to="lbl_CGRolloverReliefCostCapacityBFItemCostCapacity" xlink:type="arc"/>
      <link:loc xlink:href="ct-CG-2013-07-21.xsd#ct-CG_CGRolloverReliefProceedsRolledOverItemCostCapacity" xlink:label="lbl_CGRolloverReliefProceedsRolledOverItemCostCapacity" xlink:type="locator"/>
      <link:presentationArc order="10.0" xlink:arcrole="http://www.xbrl.org/2003/arcrole/parent-child" xlink:from="lbl_CGRolloverReliefIndividualItem" xlink:to="lbl_CGRolloverReliefProceedsRolledOverItemCostCapacity" xlink:type="arc"/>
      <link:loc xlink:href="ct-CG-2013-07-21.xsd#ct-CG_CGRolloverReliefDisposalsItemCostCapacity" xlink:label="lbl_CGRolloverReliefDisposalsItemCostCapacity" xlink:type="locator"/>
      <link:presentationArc order="11.0" xlink:arcrole="http://www.xbrl.org/2003/arcrole/parent-child" xlink:from="lbl_CGRolloverReliefIndividualItem" xlink:to="lbl_CGRolloverReliefDisposalsItemCostCapacity" xlink:type="arc"/>
      <link:loc xlink:href="ct-CG-2013-07-21.xsd#ct-CG_CGRolloverReliefCostCapacityCFItemCostCapacity" xlink:label="lbl_CGRolloverReliefCostCapacityCFItemCostCapacity" xlink:type="locator"/>
      <link:presentationArc order="12.0" xlink:arcrole="http://www.xbrl.org/2003/arcrole/parent-child" xlink:from="lbl_CGRolloverReliefIndividualItem" xlink:to="lbl_CGRolloverReliefCostCapacityCFItemCostCapacity" xlink:type="arc"/>
      <link:loc xlink:href="ct-CG-2013-07-21.xsd#ct-CG_CGRolloverReliefCumulativeGainsRolledInItem" xlink:label="lbl_CGRolloverReliefCumulativeGainsRolledInItem" xlink:type="locator"/>
      <link:presentationArc order="13.0" xlink:arcrole="http://www.xbrl.org/2003/arcrole/parent-child" xlink:from="lbl_CGRolloverReliefIndividualItem" xlink:to="lbl_CGRolloverReliefCumulativeGainsRolledInItem" xlink:type="arc"/>
      <link:loc xlink:href="ct-CG-2013-07-21.xsd#ct-CG_CGComputationOfGainsAndLosses" xlink:label="lbl_CGComputationOfGainsAndLosses" xlink:type="locator"/>
      <link:presentationArc order="4.0" xlink:arcrole="http://www.xbrl.org/2003/arcrole/parent-child" xlink:from="lbl_ChargeableGains" xlink:to="lbl_CGComputationOfGainsAndLosses" xlink:type="arc"/>
      <link:presentationArc order="1.0" xlink:arcrole="http://www.xbrl.org/2003/arcrole/parent-child" xlink:from="lbl_CGComputationOfGainsAndLosses" xlink:to="lbl_CGComputationOfGainsAndLossesTotalGains" xlink:type="arc"/>
      <link:presentationArc order="2.0" xlink:arcrole="http://www.xbrl.org/2003/arcrole/parent-child" xlink:from="lbl_CGComputationOfGainsAndLosses" xlink:to="lbl_CGComputationOfGainsAndLossesTotalLosses" xlink:type="arc"/>
      <link:loc xlink:href="ct-CG-2013-07-21.xsd#ct-CG_CGComputationOfGainsAndLossesIndividualComputations" xlink:label="lbl_CGComputationOfGainsAndLossesIndividualComputations" xlink:type="locator"/>
      <link:presentationArc order="3.0" xlink:arcrole="http://www.xbrl.org/2003/arcrole/parent-child" xlink:from="lbl_CGComputationOfGainsAndLosses" xlink:to="lbl_CGComputationOfGainsAndLossesIndividualComputations" xlink:type="arc"/>
      <link:loc xlink:href="ct-CG-2013-07-21.xsd#ct-CG_CGComputationOfGainsAndLossesIndividualComputationsDescriptionOfAsset" xlink:label="lbl_CGComputationOfGainsAndLossesIndividualComputationsDescriptionOfAsset" xlink:type="locator"/>
      <link:presentationArc order="1.0" xlink:arcrole="http://www.xbrl.org/2003/arcrole/parent-child" xlink:from="lbl_CGComputationOfGainsAndLossesIndividualComputations" xlink:to="lbl_CGComputationOfGainsAndLossesIndividualComputationsDescriptionOfAsset" xlink:type="arc"/>
      <link:loc xlink:href="ct-CG-2013-07-21.xsd#ct-CG_CGComputationOfGainsAndLossesIndividualComputationsDateOfDisposal" xlink:label="lbl_CGComputationOfGainsAndLossesIndividualComputationsDateOfDisposal" xlink:type="locator"/>
      <link:presentationArc order="2.0" xlink:arcrole="http://www.xbrl.org/2003/arcrole/parent-child" xlink:from="lbl_CGComputationOfGainsAndLossesIndividualComputations" xlink:to="lbl_CGComputationOfGainsAndLossesIndividualComputationsDateOfDisposal" xlink:type="arc"/>
      <link:loc xlink:href="ct-CG-2013-07-21.xsd#ct-CG_CGComputationOfGainsAndLossesIndividualComputationsProceeds" xlink:label="lbl_CGComputationOfGainsAndLossesIndividualComputationsProceeds" xlink:type="locator"/>
      <link:presentationArc order="3.0" xlink:arcrole="http://www.xbrl.org/2003/arcrole/parent-child" xlink:from="lbl_CGComputationOfGainsAndLossesIndividualComputations" xlink:to="lbl_CGComputationOfGainsAndLossesIndividualComputationsProceeds" xlink:type="arc"/>
      <link:loc xlink:href="ct-CG-2013-07-21.xsd#ct-CG_CGComputationOfGainsAndLossesIndividualComputationsIncidentalCostsOfDisposal" xlink:label="lbl_CGComputationOfGainsAndLossesIndividualComputationsIncidentalCostsOfDisposal" xlink:type="locator"/>
      <link:presentationArc order="4.0" xlink:arcrole="http://www.xbrl.org/2003/arcrole/parent-child" xlink:from="lbl_CGComputationOfGainsAndLossesIndividualComputations" xlink:to="lbl_CGComputationOfGainsAndLossesIndividualComputationsIncidentalCostsOfDisposal" xlink:type="arc"/>
      <link:loc xlink:href="ct-CG-2013-07-21.xsd#ct-CG_CGComputationOfGainsAndLossesIndividualComputationsValueOfPartRetained" xlink:label="lbl_CGComputationOfGainsAndLossesIndividualComputationsValueOfPartRetained" xlink:type="locator"/>
      <link:presentationArc order="5.0" xlink:arcrole="http://www.xbrl.org/2003/arcrole/parent-child" xlink:from="lbl_CGComputationOfGainsAndLossesIndividualComputations" xlink:to="lbl_CGComputationOfGainsAndLossesIndividualComputationsValueOfPartRetained" xlink:type="arc"/>
      <link:loc xlink:href="ct-CG-2013-07-21.xsd#ct-CG_CGComputationOfGainsAndLossesIndividualComputationsCostBasisCosts" xlink:label="lbl_CGComputationOfGainsAndLossesIndividualComputationsCostBasisCosts" xlink:type="locator"/>
      <link:presentationArc order="6.0" xlink:arcrole="http://www.xbrl.org/2003/arcrole/parent-child" xlink:from="lbl_CGComputationOfGainsAndLossesIndividualComputations" xlink:to="lbl_CGComputationOfGainsAndLossesIndividualComputationsCostBasisCosts" xlink:type="arc"/>
      <link:loc xlink:href="ct-CG-2013-07-21.xsd#ct-CG_CGComputationOfGainsAndLossesIndividualComputationsCostBasisCostsNetOfS42Apportionment" xlink:label="lbl_CGComputationOfGainsAndLossesIndividualComputationsCostBasisCostsNetOfS42Apportionment" xlink:type="locator"/>
      <link:presentationArc order="7.0" xlink:arcrole="http://www.xbrl.org/2003/arcrole/parent-child" xlink:from="lbl_CGComputationOfGainsAndLossesIndividualComputations" xlink:to="lbl_CGComputationOfGainsAndLossesIndividualComputationsCostBasisCostsNetOfS42Apportionment" xlink:type="arc"/>
      <link:loc xlink:href="ct-CG-2013-07-21.xsd#ct-CG_CGComputationOfGainsAndLossesIndividualComputationsCostBasisIndexationAllowance" xlink:label="lbl_CGComputationOfGainsAndLossesIndividualComputationsCostBasisIndexationAllowance" xlink:type="locator"/>
      <link:presentationArc order="8.0" xlink:arcrole="http://www.xbrl.org/2003/arcrole/parent-child" xlink:from="lbl_CGComputationOfGainsAndLossesIndividualComputations" xlink:to="lbl_CGComputationOfGainsAndLossesIndividualComputationsCostBasisIndexationAllowance" xlink:type="arc"/>
      <link:loc xlink:href="ct-CG-2013-07-21.xsd#ct-CG_CGComputationOfGainsAndLossesIndividualComputationsCostBasisIndexedGainOrLoss" xlink:label="lbl_CGComputationOfGainsAndLossesIndividualComputationsCostBasisIndexedGainOrLoss" xlink:type="locator"/>
      <link:presentationArc order="9.0" xlink:arcrole="http://www.xbrl.org/2003/arcrole/parent-child" xlink:from="lbl_CGComputationOfGainsAndLossesIndividualComputations" xlink:to="lbl_CGComputationOfGainsAndLossesIndividualComputationsCostBasisIndexedGainOrLoss" xlink:type="arc"/>
      <link:loc xlink:href="ct-CG-2013-07-21.xsd#ct-CG_CGComputationOfGainsAndLossesIndividualComputationsCostBasisTimeApportionedGainOrLoss" xlink:label="lbl_CGComputationOfGainsAndLossesIndividualComputationsCostBasisTimeApportionedGainOrLoss" xlink:type="locator"/>
      <link:presentationArc order="10.0" xlink:arcrole="http://www.xbrl.org/2003/arcrole/parent-child" xlink:from="lbl_CGComputationOfGainsAndLossesIndividualComputations" xlink:to="lbl_CGComputationOfGainsAndLossesIndividualComputationsCostBasisTimeApportionedGainOrLoss" xlink:type="arc"/>
      <link:loc xlink:href="ct-CG-2013-07-21.xsd#ct-CG_CGComputationOfGainsAndLossesIndividualComputationsDetailsOfCostsAndIndexationOnCostBasis" xlink:label="lbl_CGComputationOfGainsAndLossesIndividualComputationsDetailsOfCostsAndIndexationOnCostBasis" xlink:type="locator"/>
      <link:presentationArc order="11.0" xlink:arcrole="http://www.xbrl.org/2003/arcrole/parent-child" xlink:from="lbl_CGComputationOfGainsAndLossesIndividualComputations" xlink:to="lbl_CGComputationOfGainsAndLossesIndividualComputationsDetailsOfCostsAndIndexationOnCostBasis" xlink:type="arc"/>
      <link:loc xlink:href="ct-CG-2013-07-21.xsd#ct-CG_CGComputationOfGainsAndLossesIndividualComputationsCostBasisAcquisitionDate" xlink:label="lbl_CGComputationOfGainsAndLossesIndividualComputationsCostBasisAcquisitionDate" xlink:type="locator"/>
      <link:presentationArc order="1.0" xlink:arcrole="http://www.xbrl.org/2003/arcrole/parent-child" xlink:from="lbl_CGComputationOfGainsAndLossesIndividualComputationsDetailsOfCostsAndIndexationOnCostBasis" xlink:to="lbl_CGComputationOfGainsAndLossesIndividualComputationsCostBasisAcquisitionDate" xlink:type="arc"/>
      <link:loc xlink:href="ct-CG-2013-07-21.xsd#ct-CG_CGComputationOfGainsAndLossesIndividualComputationsCostBasisAcquisitionCost" xlink:label="lbl_CGComputationOfGainsAndLossesIndividualComputationsCostBasisAcquisitionCost" xlink:type="locator"/>
      <link:presentationArc order="2.0" xlink:arcrole="http://www.xbrl.org/2003/arcrole/parent-child" xlink:from="lbl_CGComputationOfGainsAndLossesIndividualComputationsDetailsOfCostsAndIndexationOnCostBasis" xlink:to="lbl_CGComputationOfGainsAndLossesIndividualComputationsCostBasisAcquisitionCost" xlink:type="arc"/>
      <link:loc xlink:href="ct-CG-2013-07-21.xsd#ct-CG_CGComputationOfGainsAndLossesIndividualComputationsCostBasisAcquisitionIndexation" xlink:label="lbl_CGComputationOfGainsAndLossesIndividualComputationsCostBasisAcquisitionIndexation" xlink:type="locator"/>
      <link:presentationArc order="3.0" xlink:arcrole="http://www.xbrl.org/2003/arcrole/parent-child" xlink:from="lbl_CGComputationOfGainsAndLossesIndividualComputationsDetailsOfCostsAndIndexationOnCostBasis" xlink:to="lbl_CGComputationOfGainsAndLossesIndividualComputationsCostBasisAcquisitionIndexation" xlink:type="arc"/>
      <link:loc xlink:href="ct-CG-2013-07-21.xsd#ct-CG_CGComputationOfGainsAndLossesIndividualComputationsCostBasisIncidentalAcquisitionCostsDate" xlink:label="lbl_CGComputationOfGainsAndLossesIndividualComputationsCostBasisIncidentalAcquisitionCostsDate" xlink:type="locator"/>
      <link:presentationArc order="4.0" xlink:arcrole="http://www.xbrl.org/2003/arcrole/parent-child" xlink:from="lbl_CGComputationOfGainsAndLossesIndividualComputationsDetailsOfCostsAndIndexationOnCostBasis" xlink:to="lbl_CGComputationOfGainsAndLossesIndividualComputationsCostBasisIncidentalAcquisitionCostsDate" xlink:type="arc"/>
      <link:loc xlink:href="ct-CG-2013-07-21.xsd#ct-CG_CGComputationOfGainsAndLossesIndividualComputationsCostBasisIncindentalAcquisitionCostsAmount" xlink:label="lbl_CGComputationOfGainsAndLossesIndividualComputationsCostBasisIncindentalAcquisitionCostsAmount" xlink:type="locator"/>
      <link:presentationArc order="5.0" xlink:arcrole="http://www.xbrl.org/2003/arcrole/parent-child" xlink:from="lbl_CGComputationOfGainsAndLossesIndividualComputationsDetailsOfCostsAndIndexationOnCostBasis" xlink:to="lbl_CGComputationOfGainsAndLossesIndividualComputationsCostBasisIncindentalAcquisitionCostsAmount" xlink:type="arc"/>
      <link:loc xlink:href="ct-CG-2013-07-21.xsd#ct-CG_CGComputationOfGainsAndLossesIndividualComputationsCostBasisIncidentalAcquisitionCostsIndexation" xlink:label="lbl_CGComputationOfGainsAndLossesIndividualComputationsCostBasisIncidentalAcquisitionCostsIndexation" xlink:type="locator"/>
      <link:presentationArc order="6.0" xlink:arcrole="http://www.xbrl.org/2003/arcrole/parent-child" xlink:from="lbl_CGComputationOfGainsAndLossesIndividualComputationsDetailsOfCostsAndIndexationOnCostBasis" xlink:to="lbl_CGComputationOfGainsAndLossesIndividualComputationsCostBasisIncidentalAcquisitionCostsIndexation" xlink:type="arc"/>
      <link:loc xlink:href="ct-CG-2013-07-21.xsd#ct-CG_CGComputationOfGainsAndLossesIndividualComputationsCostBasisEnhancementExpenditure1Description" xlink:label="lbl_CGComputationOfGainsAndLossesIndividualComputationsCostBasisEnhancementExpenditure1Description" xlink:type="locator"/>
      <link:presentationArc order="7.0" xlink:arcrole="http://www.xbrl.org/2003/arcrole/parent-child" xlink:from="lbl_CGComputationOfGainsAndLossesIndividualComputationsDetailsOfCostsAndIndexationOnCostBasis" xlink:to="lbl_CGComputationOfGainsAndLossesIndividualComputationsCostBasisEnhancementExpenditure1Description" xlink:type="arc"/>
      <link:loc xlink:href="ct-CG-2013-07-21.xsd#ct-CG_CGComputationOfGainsAndLossesIndividualComputationsCostBasisEnhancementExpenditure2Description" xlink:label="lbl_CGComputationOfGainsAndLossesIndividualComputationsCostBasisEnhancementExpenditure2Description" xlink:type="locator"/>
      <link:presentationArc order="8.0" xlink:arcrole="http://www.xbrl.org/2003/arcrole/parent-child" xlink:from="lbl_CGComputationOfGainsAndLossesIndividualComputationsDetailsOfCostsAndIndexationOnCostBasis" xlink:to="lbl_CGComputationOfGainsAndLossesIndividualComputationsCostBasisEnhancementExpenditure2Description" xlink:type="arc"/>
      <link:loc xlink:href="ct-CG-2013-07-21.xsd#ct-CG_CGComputationOfGainsAndLossesIndividualComputationsCostBasisEnhancementExpenditure3Description" xlink:label="lbl_CGComputationOfGainsAndLossesIndividualComputationsCostBasisEnhancementExpenditure3Description" xlink:type="locator"/>
      <link:presentationArc order="9.0" xlink:arcrole="http://www.xbrl.org/2003/arcrole/parent-child" xlink:from="lbl_CGComputationOfGainsAndLossesIndividualComputationsDetailsOfCostsAndIndexationOnCostBasis" xlink:to="lbl_CGComputationOfGainsAndLossesIndividualComputationsCostBasisEnhancementExpenditure3Description" xlink:type="arc"/>
      <link:loc xlink:href="ct-CG-2013-07-21.xsd#ct-CG_CGComputationOfGainsAndLossesIndividualComputationsCostBasisEnhancementExpenditure4Description" xlink:label="lbl_CGComputationOfGainsAndLossesIndividualComputationsCostBasisEnhancementExpenditure4Description" xlink:type="locator"/>
      <link:presentationArc order="10.0" xlink:arcrole="http://www.xbrl.org/2003/arcrole/parent-child" xlink:from="lbl_CGComputationOfGainsAndLossesIndividualComputationsDetailsOfCostsAndIndexationOnCostBasis" xlink:to="lbl_CGComputationOfGainsAndLossesIndividualComputationsCostBasisEnhancementExpenditure4Description" xlink:type="arc"/>
      <link:loc xlink:href="ct-CG-2013-07-21.xsd#ct-CG_CGComputationOfGainsAndLossesIndividualComputationsCostBasisEnhancementExpenditure5Description" xlink:label="lbl_CGComputationOfGainsAndLossesIndividualComputationsCostBasisEnhancementExpenditure5Description" xlink:type="locator"/>
      <link:presentationArc order="11.0" xlink:arcrole="http://www.xbrl.org/2003/arcrole/parent-child" xlink:from="lbl_CGComputationOfGainsAndLossesIndividualComputationsDetailsOfCostsAndIndexationOnCostBasis" xlink:to="lbl_CGComputationOfGainsAndLossesIndividualComputationsCostBasisEnhancementExpenditure5Description" xlink:type="arc"/>
      <link:loc xlink:href="ct-CG-2013-07-21.xsd#ct-CG_CGComputationOfGainsAndLossesIndividualComputationsCostBasisEnhancementExpenditure6Description" xlink:label="lbl_CGComputationOfGainsAndLossesIndividualComputationsCostBasisEnhancementExpenditure6Description" xlink:type="locator"/>
      <link:presentationArc order="12.0" xlink:arcrole="http://www.xbrl.org/2003/arcrole/parent-child" xlink:from="lbl_CGComputationOfGainsAndLossesIndividualComputationsDetailsOfCostsAndIndexationOnCostBasis" xlink:to="lbl_CGComputationOfGainsAndLossesIndividualComputationsCostBasisEnhancementExpenditure6Description" xlink:type="arc"/>
      <link:loc xlink:href="ct-CG-2013-07-21.xsd#ct-CG_CGComputationOfGainsAndLossesIndividualComputationsCostBasisEnhancementExpenditure1Date" xlink:label="lbl_CGComputationOfGainsAndLossesIndividualComputationsCostBasisEnhancementExpenditure1Date" xlink:type="locator"/>
      <link:presentationArc order="13.0" xlink:arcrole="http://www.xbrl.org/2003/arcrole/parent-child" xlink:from="lbl_CGComputationOfGainsAndLossesIndividualComputationsDetailsOfCostsAndIndexationOnCostBasis" xlink:to="lbl_CGComputationOfGainsAndLossesIndividualComputationsCostBasisEnhancementExpenditure1Date" xlink:type="arc"/>
      <link:loc xlink:href="ct-CG-2013-07-21.xsd#ct-CG_CGComputationOfGainsAndLossesIndividualComputationsCostBasisEnhancementExpenditure2Date" xlink:label="lbl_CGComputationOfGainsAndLossesIndividualComputationsCostBasisEnhancementExpenditure2Date" xlink:type="locator"/>
      <link:presentationArc order="14.0" xlink:arcrole="http://www.xbrl.org/2003/arcrole/parent-child" xlink:from="lbl_CGComputationOfGainsAndLossesIndividualComputationsDetailsOfCostsAndIndexationOnCostBasis" xlink:to="lbl_CGComputationOfGainsAndLossesIndividualComputationsCostBasisEnhancementExpenditure2Date" xlink:type="arc"/>
      <link:loc xlink:href="ct-CG-2013-07-21.xsd#ct-CG_CGComputationOfGainsAndLossesIndividualComputationsCostBasisEnhancementExpenditure3Date" xlink:label="lbl_CGComputationOfGainsAndLossesIndividualComputationsCostBasisEnhancementExpenditure3Date" xlink:type="locator"/>
      <link:presentationArc order="15.0" xlink:arcrole="http://www.xbrl.org/2003/arcrole/parent-child" xlink:from="lbl_CGComputationOfGainsAndLossesIndividualComputationsDetailsOfCostsAndIndexationOnCostBasis" xlink:to="lbl_CGComputationOfGainsAndLossesIndividualComputationsCostBasisEnhancementExpenditure3Date" xlink:type="arc"/>
      <link:loc xlink:href="ct-CG-2013-07-21.xsd#ct-CG_CGComputationOfGainsAndLossesIndividualComputationsCostBasisEnhancementExpenditure4Date" xlink:label="lbl_CGComputationOfGainsAndLossesIndividualComputationsCostBasisEnhancementExpenditure4Date" xlink:type="locator"/>
      <link:presentationArc order="16.0" xlink:arcrole="http://www.xbrl.org/2003/arcrole/parent-child" xlink:from="lbl_CGComputationOfGainsAndLossesIndividualComputationsDetailsOfCostsAndIndexationOnCostBasis" xlink:to="lbl_CGComputationOfGainsAndLossesIndividualComputationsCostBasisEnhancementExpenditure4Date" xlink:type="arc"/>
      <link:loc xlink:href="ct-CG-2013-07-21.xsd#ct-CG_CGComputationOfGainsAndLossesIndividualComputationsCostBasisEnhancementExpenditure5Date" xlink:label="lbl_CGComputationOfGainsAndLossesIndividualComputationsCostBasisEnhancementExpenditure5Date" xlink:type="locator"/>
      <link:presentationArc order="17.0" xlink:arcrole="http://www.xbrl.org/2003/arcrole/parent-child" xlink:from="lbl_CGComputationOfGainsAndLossesIndividualComputationsDetailsOfCostsAndIndexationOnCostBasis" xlink:to="lbl_CGComputationOfGainsAndLossesIndividualComputationsCostBasisEnhancementExpenditure5Date" xlink:type="arc"/>
      <link:loc xlink:href="ct-CG-2013-07-21.xsd#ct-CG_CGComputationOfGainsAndLossesIndividualComputationsCostBasisEnhancementExpenditure6Date" xlink:label="lbl_CGComputationOfGainsAndLossesIndividualComputationsCostBasisEnhancementExpenditure6Date" xlink:type="locator"/>
      <link:presentationArc order="18.0" xlink:arcrole="http://www.xbrl.org/2003/arcrole/parent-child" xlink:from="lbl_CGComputationOfGainsAndLossesIndividualComputationsDetailsOfCostsAndIndexationOnCostBasis" xlink:to="lbl_CGComputationOfGainsAndLossesIndividualComputationsCostBasisEnhancementExpenditure6Date" xlink:type="arc"/>
      <link:loc xlink:href="ct-CG-2013-07-21.xsd#ct-CG_CGComputationOfGainsAndLossesIndividualComputationsCostBasisEnhancementExpenditure1Amount" xlink:label="lbl_CGComputationOfGainsAndLossesIndividualComputationsCostBasisEnhancementExpenditure1Amount" xlink:type="locator"/>
      <link:presentationArc order="19.0" xlink:arcrole="http://www.xbrl.org/2003/arcrole/parent-child" xlink:from="lbl_CGComputationOfGainsAndLossesIndividualComputationsDetailsOfCostsAndIndexationOnCostBasis" xlink:to="lbl_CGComputationOfGainsAndLossesIndividualComputationsCostBasisEnhancementExpenditure1Amount" xlink:type="arc"/>
      <link:loc xlink:href="ct-CG-2013-07-21.xsd#ct-CG_CGComputationOfGainsAndLossesIndividualComputationsCostBasisEnhancementExpenditure2Amount" xlink:label="lbl_CGComputationOfGainsAndLossesIndividualComputationsCostBasisEnhancementExpenditure2Amount" xlink:type="locator"/>
      <link:presentationArc order="20.0" xlink:arcrole="http://www.xbrl.org/2003/arcrole/parent-child" xlink:from="lbl_CGComputationOfGainsAndLossesIndividualComputationsDetailsOfCostsAndIndexationOnCostBasis" xlink:to="lbl_CGComputationOfGainsAndLossesIndividualComputationsCostBasisEnhancementExpenditure2Amount" xlink:type="arc"/>
      <link:loc xlink:href="ct-CG-2013-07-21.xsd#ct-CG_CGComputationOfGainsAndLossesIndividualComputationsCostBasisEnhancementExpenditure3Amount" xlink:label="lbl_CGComputationOfGainsAndLossesIndividualComputationsCostBasisEnhancementExpenditure3Amount" xlink:type="locator"/>
      <link:presentationArc order="21.0" xlink:arcrole="http://www.xbrl.org/2003/arcrole/parent-child" xlink:from="lbl_CGComputationOfGainsAndLossesIndividualComputationsDetailsOfCostsAndIndexationOnCostBasis" xlink:to="lbl_CGComputationOfGainsAndLossesIndividualComputationsCostBasisEnhancementExpenditure3Amount" xlink:type="arc"/>
      <link:loc xlink:href="ct-CG-2013-07-21.xsd#ct-CG_CGComputationOfGainsAndLossesIndividualComputationsCostBasisEnhancementExpenditure4Amount" xlink:label="lbl_CGComputationOfGainsAndLossesIndividualComputationsCostBasisEnhancementExpenditure4Amount" xlink:type="locator"/>
      <link:presentationArc order="22.0" xlink:arcrole="http://www.xbrl.org/2003/arcrole/parent-child" xlink:from="lbl_CGComputationOfGainsAndLossesIndividualComputationsDetailsOfCostsAndIndexationOnCostBasis" xlink:to="lbl_CGComputationOfGainsAndLossesIndividualComputationsCostBasisEnhancementExpenditure4Amount" xlink:type="arc"/>
      <link:loc xlink:href="ct-CG-2013-07-21.xsd#ct-CG_CGComputationOfGainsAndLossesIndividualComputationsCostBasisEnhancementExpenditure5Amount" xlink:label="lbl_CGComputationOfGainsAndLossesIndividualComputationsCostBasisEnhancementExpenditure5Amount" xlink:type="locator"/>
      <link:presentationArc order="23.0" xlink:arcrole="http://www.xbrl.org/2003/arcrole/parent-child" xlink:from="lbl_CGComputationOfGainsAndLossesIndividualComputationsDetailsOfCostsAndIndexationOnCostBasis" xlink:to="lbl_CGComputationOfGainsAndLossesIndividualComputationsCostBasisEnhancementExpenditure5Amount" xlink:type="arc"/>
      <link:loc xlink:href="ct-CG-2013-07-21.xsd#ct-CG_CGComputationOfGainsAndLossesIndividualComputationsCostBasisEnhancementExpenditure6Amount" xlink:label="lbl_CGComputationOfGainsAndLossesIndividualComputationsCostBasisEnhancementExpenditure6Amount" xlink:type="locator"/>
      <link:presentationArc order="24.0" xlink:arcrole="http://www.xbrl.org/2003/arcrole/parent-child" xlink:from="lbl_CGComputationOfGainsAndLossesIndividualComputationsDetailsOfCostsAndIndexationOnCostBasis" xlink:to="lbl_CGComputationOfGainsAndLossesIndividualComputationsCostBasisEnhancementExpenditure6Amount" xlink:type="arc"/>
      <link:loc xlink:href="ct-CG-2013-07-21.xsd#ct-CG_CGComputationOfGainsAndLossesIndividualComputationsCostBasisEnhancementExpenditure1Indexation" xlink:label="lbl_CGComputationOfGainsAndLossesIndividualComputationsCostBasisEnhancementExpenditure1Indexation" xlink:type="locator"/>
      <link:presentationArc order="25.0" xlink:arcrole="http://www.xbrl.org/2003/arcrole/parent-child" xlink:from="lbl_CGComputationOfGainsAndLossesIndividualComputationsDetailsOfCostsAndIndexationOnCostBasis" xlink:to="lbl_CGComputationOfGainsAndLossesIndividualComputationsCostBasisEnhancementExpenditure1Indexation" xlink:type="arc"/>
      <link:loc xlink:href="ct-CG-2013-07-21.xsd#ct-CG_CGComputationOfGainsAndLossesIndividualComputationsCostBasisEnhancementExpenditure2Indexation" xlink:label="lbl_CGComputationOfGainsAndLossesIndividualComputationsCostBasisEnhancementExpenditure2Indexation" xlink:type="locator"/>
      <link:presentationArc order="26.0" xlink:arcrole="http://www.xbrl.org/2003/arcrole/parent-child" xlink:from="lbl_CGComputationOfGainsAndLossesIndividualComputationsDetailsOfCostsAndIndexationOnCostBasis" xlink:to="lbl_CGComputationOfGainsAndLossesIndividualComputationsCostBasisEnhancementExpenditure2Indexation" xlink:type="arc"/>
      <link:loc xlink:href="ct-CG-2013-07-21.xsd#ct-CG_CGComputationOfGainsAndLossesIndividualComputationsCostBasisEnhancementExpenditure3Indexation" xlink:label="lbl_CGComputationOfGainsAndLossesIndividualComputationsCostBasisEnhancementExpenditure3Indexation" xlink:type="locator"/>
      <link:presentationArc order="27.0" xlink:arcrole="http://www.xbrl.org/2003/arcrole/parent-child" xlink:from="lbl_CGComputationOfGainsAndLossesIndividualComputationsDetailsOfCostsAndIndexationOnCostBasis" xlink:to="lbl_CGComputationOfGainsAndLossesIndividualComputationsCostBasisEnhancementExpenditure3Indexation" xlink:type="arc"/>
      <link:loc xlink:href="ct-CG-2013-07-21.xsd#ct-CG_CGComputationOfGainsAndLossesIndividualComputationsCostBasisEnhancementExpenditure4Indexation" xlink:label="lbl_CGComputationOfGainsAndLossesIndividualComputationsCostBasisEnhancementExpenditure4Indexation" xlink:type="locator"/>
      <link:presentationArc order="28.0" xlink:arcrole="http://www.xbrl.org/2003/arcrole/parent-child" xlink:from="lbl_CGComputationOfGainsAndLossesIndividualComputationsDetailsOfCostsAndIndexationOnCostBasis" xlink:to="lbl_CGComputationOfGainsAndLossesIndividualComputationsCostBasisEnhancementExpenditure4Indexation" xlink:type="arc"/>
      <link:loc xlink:href="ct-CG-2013-07-21.xsd#ct-CG_CGComputationOfGainsAndLossesIndividualComputationsCostBasisEnhancementExpenditure5Indexation" xlink:label="lbl_CGComputationOfGainsAndLossesIndividualComputationsCostBasisEnhancementExpenditure5Indexation" xlink:type="locator"/>
      <link:presentationArc order="29.0" xlink:arcrole="http://www.xbrl.org/2003/arcrole/parent-child" xlink:from="lbl_CGComputationOfGainsAndLossesIndividualComputationsDetailsOfCostsAndIndexationOnCostBasis" xlink:to="lbl_CGComputationOfGainsAndLossesIndividualComputationsCostBasisEnhancementExpenditure5Indexation" xlink:type="arc"/>
      <link:loc xlink:href="ct-CG-2013-07-21.xsd#ct-CG_CGComputationOfGainsAndLossesIndividualComputationsCostBasisEnhancementExpenditure6Indexation" xlink:label="lbl_CGComputationOfGainsAndLossesIndividualComputationsCostBasisEnhancementExpenditure6Indexation" xlink:type="locator"/>
      <link:presentationArc order="30.0" xlink:arcrole="http://www.xbrl.org/2003/arcrole/parent-child" xlink:from="lbl_CGComputationOfGainsAndLossesIndividualComputationsDetailsOfCostsAndIndexationOnCostBasis" xlink:to="lbl_CGComputationOfGainsAndLossesIndividualComputationsCostBasisEnhancementExpenditure6Indexation" xlink:type="arc"/>
      <link:loc xlink:href="ct-CG-2013-07-21.xsd#ct-CG_CGComputationOfGainsAndLossesIndividualComputationsCostBasisIndexationRestriction" xlink:label="lbl_CGComputationOfGainsAndLossesIndividualComputationsCostBasisIndexationRestriction" xlink:type="locator"/>
      <link:presentationArc order="31.0" xlink:arcrole="http://www.xbrl.org/2003/arcrole/parent-child" xlink:from="lbl_CGComputationOfGainsAndLossesIndividualComputationsDetailsOfCostsAndIndexationOnCostBasis" xlink:to="lbl_CGComputationOfGainsAndLossesIndividualComputationsCostBasisIndexationRestriction" xlink:type="arc"/>
      <link:loc xlink:href="ct-CG-2013-07-21.xsd#ct-CG_CGComputationOfGainsAndLossesIndividualComputations1965ValuationBasisCosts" xlink:label="lbl_CGComputationOfGainsAndLossesIndividualComputations1965ValuationBasisCosts" xlink:type="locator"/>
      <link:presentationArc order="12.0" xlink:arcrole="http://www.xbrl.org/2003/arcrole/parent-child" xlink:from="lbl_CGComputationOfGainsAndLossesIndividualComputations" xlink:to="lbl_CGComputationOfGainsAndLossesIndividualComputations1965ValuationBasisCosts" xlink:type="arc"/>
      <link:loc xlink:href="ct-CG-2013-07-21.xsd#ct-CG_CGComputationOfGainsAndLossesIndividualComputations1965ValuationBasisCostsNetOfS42Apportionment" xlink:label="lbl_CGComputationOfGainsAndLossesIndividualComputations1965ValuationBasisCostsNetOfS42Apportionment" xlink:type="locator"/>
      <link:presentationArc order="13.0" xlink:arcrole="http://www.xbrl.org/2003/arcrole/parent-child" xlink:from="lbl_CGComputationOfGainsAndLossesIndividualComputations" xlink:to="lbl_CGComputationOfGainsAndLossesIndividualComputations1965ValuationBasisCostsNetOfS42Apportionment" xlink:type="arc"/>
      <link:loc xlink:href="ct-CG-2013-07-21.xsd#ct-CG_CGComputationOfGainsAndLossesIndividualComputations1965ValuationBasisIndexationAllowance" xlink:label="lbl_CGComputationOfGainsAndLossesIndividualComputations1965ValuationBasisIndexationAllowance" xlink:type="locator"/>
      <link:presentationArc order="14.0" xlink:arcrole="http://www.xbrl.org/2003/arcrole/parent-child" xlink:from="lbl_CGComputationOfGainsAndLossesIndividualComputations" xlink:to="lbl_CGComputationOfGainsAndLossesIndividualComputations1965ValuationBasisIndexationAllowance" xlink:type="arc"/>
      <link:loc xlink:href="ct-CG-2013-07-21.xsd#ct-CG_CGComputationOfGainsAndLossesIndividualComputations1965ValuationBasisIndexedGainOrLoss" xlink:label="lbl_CGComputationOfGainsAndLossesIndividualComputations1965ValuationBasisIndexedGainOrLoss" xlink:type="locator"/>
      <link:presentationArc order="15.0" xlink:arcrole="http://www.xbrl.org/2003/arcrole/parent-child" xlink:from="lbl_CGComputationOfGainsAndLossesIndividualComputations" xlink:to="lbl_CGComputationOfGainsAndLossesIndividualComputations1965ValuationBasisIndexedGainOrLoss" xlink:type="arc"/>
      <link:loc xlink:href="ct-CG-2013-07-21.xsd#ct-CG_CGComputationOfGainsAndLossesIndividualComputations1982ValuationBasisCosts" xlink:label="lbl_CGComputationOfGainsAndLossesIndividualComputations1982ValuationBasisCosts" xlink:type="locator"/>
      <link:presentationArc order="16.0" xlink:arcrole="http://www.xbrl.org/2003/arcrole/parent-child" xlink:from="lbl_CGComputationOfGainsAndLossesIndividualComputations" xlink:to="lbl_CGComputationOfGainsAndLossesIndividualComputations1982ValuationBasisCosts" xlink:type="arc"/>
      <link:loc xlink:href="ct-CG-2013-07-21.xsd#ct-CG_CGComputationOfGainsAndLossesIndividualComputations1982ValuationBasisCostsNetOfS42Apportionment" xlink:label="lbl_CGComputationOfGainsAndLossesIndividualComputations1982ValuationBasisCostsNetOfS42Apportionment" xlink:type="locator"/>
      <link:presentationArc order="17.0" xlink:arcrole="http://www.xbrl.org/2003/arcrole/parent-child" xlink:from="lbl_CGComputationOfGainsAndLossesIndividualComputations" xlink:to="lbl_CGComputationOfGainsAndLossesIndividualComputations1982ValuationBasisCostsNetOfS42Apportionment" xlink:type="arc"/>
      <link:loc xlink:href="ct-CG-2013-07-21.xsd#ct-CG_CGComputationOfGainsAndLossesIndividualComputations1982ValuationBasisIndexationAllowance" xlink:label="lbl_CGComputationOfGainsAndLossesIndividualComputations1982ValuationBasisIndexationAllowance" xlink:type="locator"/>
      <link:presentationArc order="18.0" xlink:arcrole="http://www.xbrl.org/2003/arcrole/parent-child" xlink:from="lbl_CGComputationOfGainsAndLossesIndividualComputations" xlink:to="lbl_CGComputationOfGainsAndLossesIndividualComputations1982ValuationBasisIndexationAllowance" xlink:type="arc"/>
      <link:loc xlink:href="ct-CG-2013-07-21.xsd#ct-CG_CGComputationOfGainsAndLossesIndividualComputations1982ValuationBasisIndexedGainOrLoss" xlink:label="lbl_CGComputationOfGainsAndLossesIndividualComputations1982ValuationBasisIndexedGainOrLoss" xlink:type="locator"/>
      <link:presentationArc order="19.0" xlink:arcrole="http://www.xbrl.org/2003/arcrole/parent-child" xlink:from="lbl_CGComputationOfGainsAndLossesIndividualComputations" xlink:to="lbl_CGComputationOfGainsAndLossesIndividualComputations1982ValuationBasisIndexedGainOrLoss" xlink:type="arc"/>
      <link:loc xlink:href="ct-CG-2013-07-21.xsd#ct-CG_CGComputationOfGainsAndLossesIndividualComputationsHeldoverGainAccruing" xlink:label="lbl_CGComputationOfGainsAndLossesIndividualComputationsHeldoverGainAccruing" xlink:type="locator"/>
      <link:presentationArc order="20.0" xlink:arcrole="http://www.xbrl.org/2003/arcrole/parent-child" xlink:from="lbl_CGComputationOfGainsAndLossesIndividualComputations" xlink:to="lbl_CGComputationOfGainsAndLossesIndividualComputationsHeldoverGainAccruing" xlink:type="arc"/>
      <link:loc xlink:href="ct-CG-2013-07-21.xsd#ct-CG_CGComputationOfGainsAndLossesIndividualComputationsDeferredGainAccruing" xlink:label="lbl_CGComputationOfGainsAndLossesIndividualComputationsDeferredGainAccruing" xlink:type="locator"/>
      <link:presentationArc order="21.0" xlink:arcrole="http://www.xbrl.org/2003/arcrole/parent-child" xlink:from="lbl_CGComputationOfGainsAndLossesIndividualComputations" xlink:to="lbl_CGComputationOfGainsAndLossesIndividualComputationsDeferredGainAccruing" xlink:type="arc"/>
      <link:loc xlink:href="ct-CG-2013-07-21.xsd#ct-CG_CGComputationOfGainsAndLossesIndividualComputationsGainOrLoss" xlink:label="lbl_CGComputationOfGainsAndLossesIndividualComputationsGainOrLoss" xlink:type="locator"/>
      <link:presentationArc order="22.0" xlink:arcrole="http://www.xbrl.org/2003/arcrole/parent-child" xlink:from="lbl_CGComputationOfGainsAndLossesIndividualComputations" xlink:to="lbl_CGComputationOfGainsAndLossesIndividualComputationsGainOrLoss" xlink:type="arc"/>
      <link:loc xlink:href="ct-CG-2013-07-21.xsd#ct-CG_CGComputationOfGainsAndLossesIndividualComputationsGainOrLossAdjustments" xlink:label="lbl_CGComputationOfGainsAndLossesIndividualComputationsGainOrLossAdjustments" xlink:type="locator"/>
      <link:presentationArc order="23.0" xlink:arcrole="http://www.xbrl.org/2003/arcrole/parent-child" xlink:from="lbl_CGComputationOfGainsAndLossesIndividualComputations" xlink:to="lbl_CGComputationOfGainsAndLossesIndividualComputationsGainOrLossAdjustments" xlink:type="arc"/>
      <link:loc xlink:href="ct-CG-2013-07-21.xsd#ct-CG_CGComputationOfGainsAndLossesIndividualComputationsGain" xlink:label="lbl_CGComputationOfGainsAndLossesIndividualComputationsGain" xlink:type="locator"/>
      <link:presentationArc order="24.0" xlink:arcrole="http://www.xbrl.org/2003/arcrole/parent-child" xlink:from="lbl_CGComputationOfGainsAndLossesIndividualComputations" xlink:to="lbl_CGComputationOfGainsAndLossesIndividualComputationsGain" xlink:type="arc"/>
      <link:loc xlink:href="ct-CG-2013-07-21.xsd#ct-CG_CGComputationOfGainsAndLossesIndividualComputationsRolloverRelief" xlink:label="lbl_CGComputationOfGainsAndLossesIndividualComputationsRolloverRelief" xlink:type="locator"/>
      <link:presentationArc order="25.0" xlink:arcrole="http://www.xbrl.org/2003/arcrole/parent-child" xlink:from="lbl_CGComputationOfGainsAndLossesIndividualComputations" xlink:to="lbl_CGComputationOfGainsAndLossesIndividualComputationsRolloverRelief" xlink:type="arc"/>
      <link:loc xlink:href="ct-CG-2013-07-21.xsd#ct-CG_CGComputationOfGainsAndLossesIndividualComputationsRingFenceReinvestment" xlink:label="lbl_CGComputationOfGainsAndLossesIndividualComputationsRingFenceReinvestment" xlink:type="locator"/>
      <link:presentationArc order="26.0" xlink:arcrole="http://www.xbrl.org/2003/arcrole/parent-child" xlink:from="lbl_CGComputationOfGainsAndLossesIndividualComputations" xlink:to="lbl_CGComputationOfGainsAndLossesIndividualComputationsRingFenceReinvestment" xlink:type="arc"/>
      <link:loc xlink:href="ct-CG-2013-07-21.xsd#ct-CG_CGComputationOfGainsAndLossesIndividualComputationsGainDeferred" xlink:label="lbl_CGComputationOfGainsAndLossesIndividualComputationsGainDeferred" xlink:type="locator"/>
      <link:presentationArc order="27.0" xlink:arcrole="http://www.xbrl.org/2003/arcrole/parent-child" xlink:from="lbl_CGComputationOfGainsAndLossesIndividualComputations" xlink:to="lbl_CGComputationOfGainsAndLossesIndividualComputationsGainDeferred" xlink:type="arc"/>
      <link:loc xlink:href="ct-CG-2013-07-21.xsd#ct-CG_CGComputationOfGainsAndLossesIndividualComputationsOtherReliefsAndExemptions" xlink:label="lbl_CGComputationOfGainsAndLossesIndividualComputationsOtherReliefsAndExemptions" xlink:type="locator"/>
      <link:presentationArc order="28.0" xlink:arcrole="http://www.xbrl.org/2003/arcrole/parent-child" xlink:from="lbl_CGComputationOfGainsAndLossesIndividualComputations" xlink:to="lbl_CGComputationOfGainsAndLossesIndividualComputationsOtherReliefsAndExemptions" xlink:type="arc"/>
      <link:loc xlink:href="ct-CG-2013-07-21.xsd#ct-CG_CGComputationOfGainsAndLossesIndividualComputationsChargeableGain" xlink:label="lbl_CGComputationOfGainsAndLossesIndividualComputationsChargeableGain" xlink:type="locator"/>
      <link:presentationArc order="29.0" xlink:arcrole="http://www.xbrl.org/2003/arcrole/parent-child" xlink:from="lbl_CGComputationOfGainsAndLossesIndividualComputations" xlink:to="lbl_CGComputationOfGainsAndLossesIndividualComputationsChargeableGain" xlink:type="arc"/>
      <link:loc xlink:href="ct-CG-2013-07-21.xsd#ct-CG_CGComputationOfGainsAndLossesIndividualComputationsLoss" xlink:label="lbl_CGComputationOfGainsAndLossesIndividualComputationsLoss" xlink:type="locator"/>
      <link:presentationArc order="30.0" xlink:arcrole="http://www.xbrl.org/2003/arcrole/parent-child" xlink:from="lbl_CGComputationOfGainsAndLossesIndividualComputations" xlink:to="lbl_CGComputationOfGainsAndLossesIndividualComputationsLoss" xlink:type="arc"/>
      <link:loc xlink:href="ct-CG-2013-07-21.xsd#ct-CG_CGComputationOfGainsAndLossesIndividualComputationsDisallowableLosses" xlink:label="lbl_CGComputationOfGainsAndLossesIndividualComputationsDisallowableLosses" xlink:type="locator"/>
      <link:presentationArc order="31.0" xlink:arcrole="http://www.xbrl.org/2003/arcrole/parent-child" xlink:from="lbl_CGComputationOfGainsAndLossesIndividualComputations" xlink:to="lbl_CGComputationOfGainsAndLossesIndividualComputationsDisallowableLosses" xlink:type="arc"/>
      <link:loc xlink:href="ct-CG-2013-07-21.xsd#ct-CG_CGComputationOfGainsAndLossesIndividualComputationsDepreciatoryTransactions" xlink:label="lbl_CGComputationOfGainsAndLossesIndividualComputationsDepreciatoryTransactions" xlink:type="locator"/>
      <link:presentationArc order="32.0" xlink:arcrole="http://www.xbrl.org/2003/arcrole/parent-child" xlink:from="lbl_CGComputationOfGainsAndLossesIndividualComputations" xlink:to="lbl_CGComputationOfGainsAndLossesIndividualComputationsDepreciatoryTransactions" xlink:type="arc"/>
      <link:loc xlink:href="ct-CG-2013-07-21.xsd#ct-CG_CGComputationOfGainsAndLossesIndividualComputationsOtherRestrictionsToLoss" xlink:label="lbl_CGComputationOfGainsAndLossesIndividualComputationsOtherRestrictionsToLoss" xlink:type="locator"/>
      <link:presentationArc order="33.0" xlink:arcrole="http://www.xbrl.org/2003/arcrole/parent-child" xlink:from="lbl_CGComputationOfGainsAndLossesIndividualComputations" xlink:to="lbl_CGComputationOfGainsAndLossesIndividualComputationsOtherRestrictionsToLoss" xlink:type="arc"/>
      <link:loc xlink:href="ct-CG-2013-07-21.xsd#ct-CG_CGComputationOfGainsAndLossesIndividualComputationsAllowableLoss" xlink:label="lbl_CGComputationOfGainsAndLossesIndividualComputationsAllowableLoss" xlink:type="locator"/>
      <link:presentationArc order="34.0" xlink:arcrole="http://www.xbrl.org/2003/arcrole/parent-child" xlink:from="lbl_CGComputationOfGainsAndLossesIndividualComputations" xlink:to="lbl_CGComputationOfGainsAndLossesIndividualComputationsAllowableLoss" xlink:type="arc"/>
      <link:loc xlink:href="ct-CG-2013-07-21.xsd#ct-CG_CGComputationOfGainsAndLossesIndividualComputationsNoGainNoLoss" xlink:label="lbl_CGComputationOfGainsAndLossesIndividualComputationsNoGainNoLoss" xlink:type="locator"/>
      <link:presentationArc order="35.0" xlink:arcrole="http://www.xbrl.org/2003/arcrole/parent-child" xlink:from="lbl_CGComputationOfGainsAndLossesIndividualComputations" xlink:to="lbl_CGComputationOfGainsAndLossesIndividualComputationsNoGainNoLoss" xlink:type="arc"/>
      <link:loc xlink:href="ct-CG-2013-07-21.xsd#ct-CG_CGComputationOfGainsAndLossesIndividualComputationsS171TransferIn" xlink:label="lbl_CGComputationOfGainsAndLossesIndividualComputationsS171TransferIn" xlink:type="locator"/>
      <link:presentationArc order="36.0" xlink:arcrole="http://www.xbrl.org/2003/arcrole/parent-child" xlink:from="lbl_CGComputationOfGainsAndLossesIndividualComputations" xlink:to="lbl_CGComputationOfGainsAndLossesIndividualComputationsS171TransferIn" xlink:type="arc"/>
      <link:loc xlink:href="ct-CG-2013-07-21.xsd#ct-CG_CGComputationOfGainsAndLossesIndividualComputationsS171ATransferIn" xlink:label="lbl_CGComputationOfGainsAndLossesIndividualComputationsS171ATransferIn" xlink:type="locator"/>
      <link:presentationArc order="37.0" xlink:arcrole="http://www.xbrl.org/2003/arcrole/parent-child" xlink:from="lbl_CGComputationOfGainsAndLossesIndividualComputations" xlink:to="lbl_CGComputationOfGainsAndLossesIndividualComputationsS171ATransferIn" xlink:type="arc"/>
      <link:loc xlink:href="ct-CG-2013-07-21.xsd#ct-CG_CGComputationOfGainsAndLossesIndividualComputationsS171TransferOut" xlink:label="lbl_CGComputationOfGainsAndLossesIndividualComputationsS171TransferOut" xlink:type="locator"/>
      <link:presentationArc order="38.0" xlink:arcrole="http://www.xbrl.org/2003/arcrole/parent-child" xlink:from="lbl_CGComputationOfGainsAndLossesIndividualComputations" xlink:to="lbl_CGComputationOfGainsAndLossesIndividualComputationsS171TransferOut" xlink:type="arc"/>
      <link:loc xlink:href="ct-CG-2013-07-21.xsd#ct-CG_CGComputationOfGainsAndLossesIndividualComputationsS171ATransferOut" xlink:label="lbl_CGComputationOfGainsAndLossesIndividualComputationsS171ATransferOut" xlink:type="locator"/>
      <link:presentationArc order="39.0" xlink:arcrole="http://www.xbrl.org/2003/arcrole/parent-child" xlink:from="lbl_CGComputationOfGainsAndLossesIndividualComputations" xlink:to="lbl_CGComputationOfGainsAndLossesIndividualComputationsS171ATransferOut" xlink:type="arc"/>
      <link:loc xlink:href="ct-CG-2013-07-21.xsd#ct-CG_CGComputationOfGainsAndLossesIndividualComputationsS179DegroupingCharge" xlink:label="lbl_CGComputationOfGainsAndLossesIndividualComputationsS179DegroupingCharge" xlink:type="locator"/>
      <link:presentationArc order="40.0" xlink:arcrole="http://www.xbrl.org/2003/arcrole/parent-child" xlink:from="lbl_CGComputationOfGainsAndLossesIndividualComputations" xlink:to="lbl_CGComputationOfGainsAndLossesIndividualComputationsS179DegroupingCharge" xlink:type="arc"/>
      <link:loc xlink:href="ct-CG-2013-07-21.xsd#ct-CG_CGComputationOfGainsAndLossesIndividualComputationsS179AReallocationIn" xlink:label="lbl_CGComputationOfGainsAndLossesIndividualComputationsS179AReallocationIn" xlink:type="locator"/>
      <link:presentationArc order="41.0" xlink:arcrole="http://www.xbrl.org/2003/arcrole/parent-child" xlink:from="lbl_CGComputationOfGainsAndLossesIndividualComputations" xlink:to="lbl_CGComputationOfGainsAndLossesIndividualComputationsS179AReallocationIn" xlink:type="arc"/>
      <link:loc xlink:href="ct-CG-2013-07-21.xsd#ct-CG_CGComputationOfGainsAndLossesIndividualComputationsS179AReallocationOut" xlink:label="lbl_CGComputationOfGainsAndLossesIndividualComputationsS179AReallocationOut" xlink:type="locator"/>
      <link:presentationArc order="42.0" xlink:arcrole="http://www.xbrl.org/2003/arcrole/parent-child" xlink:from="lbl_CGComputationOfGainsAndLossesIndividualComputations" xlink:to="lbl_CGComputationOfGainsAndLossesIndividualComputationsS179AReallocationOut" xlink:type="arc"/>
      <link:loc xlink:href="ct-CG-2013-07-21.xsd#ct-CG_CGComputationOfGainsAndLossesIndividualComputationsS24NegligibleValueClaim" xlink:label="lbl_CGComputationOfGainsAndLossesIndividualComputationsS24NegligibleValueClaim" xlink:type="locator"/>
      <link:presentationArc order="43.0" xlink:arcrole="http://www.xbrl.org/2003/arcrole/parent-child" xlink:from="lbl_CGComputationOfGainsAndLossesIndividualComputations" xlink:to="lbl_CGComputationOfGainsAndLossesIndividualComputationsS24NegligibleValueClaim" xlink:type="arc"/>
      <link:loc xlink:href="ct-CG-2013-07-21.xsd#ct-CG_CGComputationOfGainsAndLossesIndividualComputationsOilLicenceSwap" xlink:label="lbl_CGComputationOfGainsAndLossesIndividualComputationsOilLicenceSwap" xlink:type="locator"/>
      <link:presentationArc order="44.0" xlink:arcrole="http://www.xbrl.org/2003/arcrole/parent-child" xlink:from="lbl_CGComputationOfGainsAndLossesIndividualComputations" xlink:to="lbl_CGComputationOfGainsAndLossesIndividualComputationsOilLicenceSwap" xlink:type="arc"/>
      <link:loc xlink:href="ct-CG-2013-07-21.xsd#ct-CG_CGComputationOfGainsAndLossesIndividualComputationsAllowanceForForeignTax" xlink:label="lbl_CGComputationOfGainsAndLossesIndividualComputationsAllowanceForForeignTax" xlink:type="locator"/>
      <link:presentationArc order="45.0" xlink:arcrole="http://www.xbrl.org/2003/arcrole/parent-child" xlink:from="lbl_CGComputationOfGainsAndLossesIndividualComputations" xlink:to="lbl_CGComputationOfGainsAndLossesIndividualComputationsAllowanceForForeignTax" xlink:type="arc"/>
   </link:presentationLink>
</linkbase>
