<?xml version="1.0" encoding="UTF-8" standalone="yes"?>
<linkbase xmlns="http://www.xbrl.org/2003/linkbase" xmlns:link="http://www.xbrl.org/2003/linkbase" xmlns:xlink="http://www.w3.org/1999/xlink" xmlns:xsi="http://www.w3.org/2001/XMLSchema-instance" xsi:schemaLocation="http://www.xbrl.org/2003/linkbase http://www.xbrl.org/2003/xbrl-linkbase-2003-12-31.xsd">
   <link:roleRef roleURI="http://www.govtalk.gov.uk/uk/fr/tax/uk-hmrc-ct-roles/2013-07-21/role/GlobalItems" xlink:href="ct-roles-2013-07-21.xsd#GlobalItems" xlink:type="simple"/>
   <link:presentationLink xlink:role="http://www.govtalk.gov.uk/uk/fr/tax/uk-hmrc-ct-roles/2013-07-21/role/GlobalItems" xlink:type="extended">
      <link:loc xlink:href="ct-CT-2013-07-21.xsd#ct-CT_DescriptorCompanyName" xlink:label="lbl_DescriptorCompanyName" xlink:type="locator"/>
      <link:loc xlink:href="ct-CT-2013-07-21.xsd#ct-CT_Descriptor" xlink:label="lbl_Descriptor" xlink:type="locator"/>
      <link:presentationArc order="1.0" xlink:arcrole="http://www.xbrl.org/2003/arcrole/parent-child" xlink:from="lbl_Descriptor" xlink:to="lbl_DescriptorCompanyName" xlink:type="arc"/>
      <link:loc xlink:href="ct-CT-2013-07-21.xsd#ct-CT_DescriptorTaxDistrict" xlink:label="lbl_DescriptorTaxDistrict" xlink:type="locator"/>
      <link:presentationArc order="2.0" xlink:arcrole="http://www.xbrl.org/2003/arcrole/parent-child" xlink:from="lbl_Descriptor" xlink:to="lbl_DescriptorTaxDistrict" xlink:type="arc"/>
      <link:loc xlink:href="ct-CT-2013-07-21.xsd#ct-CT_DescriptorTaxReference" xlink:label="lbl_DescriptorTaxReference" xlink:type="locator"/>
      <link:presentationArc order="3.0" xlink:arcrole="http://www.xbrl.org/2003/arcrole/parent-child" xlink:from="lbl_Descriptor" xlink:to="lbl_DescriptorTaxReference" xlink:type="arc"/>
      <link:loc xlink:href="ct-CT-2013-07-21.xsd#ct-CT_DescriptorStartOfPeriodForWhichReturnRequired" xlink:label="lbl_DescriptorStartOfPeriodForWhichReturnRequired" xlink:type="locator"/>
      <link:presentationArc order="4.0" xlink:arcrole="http://www.xbrl.org/2003/arcrole/parent-child" xlink:from="lbl_Descriptor" xlink:to="lbl_DescriptorStartOfPeriodForWhichReturnRequired" xlink:type="arc"/>
      <link:loc xlink:href="ct-CT-2013-07-21.xsd#ct-CT_DescriptorEndOfPeriodForWhichReturnRequired" xlink:label="lbl_DescriptorEndOfPeriodForWhichReturnRequired" xlink:type="locator"/>
      <link:presentationArc order="5.0" xlink:arcrole="http://www.xbrl.org/2003/arcrole/parent-child" xlink:from="lbl_Descriptor" xlink:to="lbl_DescriptorEndOfPeriodForWhichReturnRequired" xlink:type="arc"/>
   </link:presentationLink>
</linkbase>
