<?xml version="1.0" encoding="UTF-8" standalone="yes"?>
<linkbase xmlns="http://www.xbrl.org/2003/linkbase" xmlns:link="http://www.xbrl.org/2003/linkbase" xmlns:xlink="http://www.w3.org/1999/xlink" xmlns:xsi="http://www.w3.org/2001/XMLSchema-instance" xsi:schemaLocation="http://www.xbrl.org/2003/linkbase http://www.xbrl.org/2003/xbrl-linkbase-2003-12-31.xsd">
   <link:roleRef roleURI="http://www.govtalk.gov.uk/uk/fr/tax/uk-hmrc-ct-roles/2013-07-21/role/B_AdvanceCorporationTaxAndFrankedInvestmentIncome" xlink:href="ct-roles-full-2013-07-21.xsd#B_AdvanceCorporationTaxAndFrankedInvestmentIncome" xlink:type="simple"/>
   <link:presentationLink xlink:role="http://www.govtalk.gov.uk/uk/fr/tax/uk-hmrc-ct-roles/2013-07-21/role/B_AdvanceCorporationTaxAndFrankedInvestmentIncome" xlink:type="extended">
      <link:loc xlink:href="ct-Tax-2013-07-21.xsd#ct-Tax_CalculationOfCTLiabilityACTShadowACT" xlink:label="lbl_CalculationOfCTLiabilityACTShadowACT" xlink:type="locator"/>
      <link:loc xlink:href="ct-default-2013-07-21.xsd#ct-default_AdvanceCorporationTaxAndFrankedInvestmentIncome" xlink:label="lbl_AdvanceCorporationTaxAndFrankedInvestmentIncome" xlink:type="locator"/>
      <link:presentationArc order="1.0" xlink:arcrole="http://www.xbrl.org/2003/arcrole/parent-child" xlink:from="lbl_AdvanceCorporationTaxAndFrankedInvestmentIncome" xlink:to="lbl_CalculationOfCTLiabilityACTShadowACT" xlink:type="arc"/>
      <link:loc xlink:href="ct-Tax-2013-07-21.xsd#ct-Tax_CalculationOfCTLiabilityACTShadowACTBF" xlink:label="lbl_CalculationOfCTLiabilityACTShadowACTBF" xlink:type="locator"/>
      <link:presentationArc order="1.0" xlink:arcrole="http://www.xbrl.org/2003/arcrole/parent-child" xlink:from="lbl_CalculationOfCTLiabilityACTShadowACT" xlink:to="lbl_CalculationOfCTLiabilityACTShadowACTBF" xlink:type="arc"/>
      <link:loc xlink:href="ct-Tax-2013-07-21.xsd#ct-Tax_CalculationOfCTLiabilityACTShadowACTThisAndPriorPeriods" xlink:label="lbl_CalculationOfCTLiabilityACTShadowACTThisAndPriorPeriods" xlink:type="locator"/>
      <link:presentationArc order="2.0" xlink:arcrole="http://www.xbrl.org/2003/arcrole/parent-child" xlink:from="lbl_CalculationOfCTLiabilityACTShadowACT" xlink:to="lbl_CalculationOfCTLiabilityACTShadowACTThisAndPriorPeriods" xlink:type="arc"/>
      <link:loc xlink:href="ct-default-2013-07-21.xsd#ct-default_AdvanceCorporationTaxAndFrankedInvestmentIncomeShadowACTShadowACTBroughtBackFromLaterPeriod" xlink:label="lbl_AdvanceCorporationTaxAndFrankedInvestmentIncomeShadowACTShadowACTBroughtBackFromLaterPeriod" xlink:type="locator"/>
      <link:presentationArc order="3.0" xlink:arcrole="http://www.xbrl.org/2003/arcrole/parent-child" xlink:from="lbl_CalculationOfCTLiabilityACTShadowACT" xlink:to="lbl_AdvanceCorporationTaxAndFrankedInvestmentIncomeShadowACTShadowACTBroughtBackFromLaterPeriod" xlink:type="arc"/>
      <link:loc xlink:href="ct-default-2013-07-21.xsd#ct-default_AdvanceCorporationTaxAndFrankedInvestmentIncomeShadowACTShadowACTAllocatedByOtherGroupCompanyCompanies" xlink:label="lbl_AdvanceCorporationTaxAndFrankedInvestmentIncomeShadowACTShadowACTAllocatedByOtherGroupCompanyCompanies" xlink:type="locator"/>
      <link:presentationArc order="4.0" xlink:arcrole="http://www.xbrl.org/2003/arcrole/parent-child" xlink:from="lbl_CalculationOfCTLiabilityACTShadowACT" xlink:to="lbl_AdvanceCorporationTaxAndFrankedInvestmentIncomeShadowACTShadowACTAllocatedByOtherGroupCompanyCompanies" xlink:type="arc"/>
      <link:loc xlink:href="ct-Tax-2013-07-21.xsd#ct-Tax_CalculationOfCTLiabilityACTShadowACTOffset" xlink:label="lbl_CalculationOfCTLiabilityACTShadowACTOffset" xlink:type="locator"/>
      <link:presentationArc order="5.0" xlink:arcrole="http://www.xbrl.org/2003/arcrole/parent-child" xlink:from="lbl_CalculationOfCTLiabilityACTShadowACT" xlink:to="lbl_CalculationOfCTLiabilityACTShadowACTOffset" xlink:type="arc"/>
      <link:loc xlink:href="ct-default-2013-07-21.xsd#ct-default_AdvanceCorporationTaxAndFrankedInvestmentIncomeShadowACTShadowACTCarriedBack" xlink:label="lbl_AdvanceCorporationTaxAndFrankedInvestmentIncomeShadowACTShadowACTCarriedBack" xlink:type="locator"/>
      <link:presentationArc order="6.0" xlink:arcrole="http://www.xbrl.org/2003/arcrole/parent-child" xlink:from="lbl_CalculationOfCTLiabilityACTShadowACT" xlink:to="lbl_AdvanceCorporationTaxAndFrankedInvestmentIncomeShadowACTShadowACTCarriedBack" xlink:type="arc"/>
      <link:loc xlink:href="ct-default-2013-07-21.xsd#ct-default_AdvanceCorporationTaxAndFrankedInvestmentIncomeShadowACTShadowACTAllocatedToOtherGroupCompanyCompanies" xlink:label="lbl_AdvanceCorporationTaxAndFrankedInvestmentIncomeShadowACTShadowACTAllocatedToOtherGroupCompanyCompanies" xlink:type="locator"/>
      <link:presentationArc order="7.0" xlink:arcrole="http://www.xbrl.org/2003/arcrole/parent-child" xlink:from="lbl_CalculationOfCTLiabilityACTShadowACT" xlink:to="lbl_AdvanceCorporationTaxAndFrankedInvestmentIncomeShadowACTShadowACTAllocatedToOtherGroupCompanyCompanies" xlink:type="arc"/>
      <link:loc xlink:href="ct-default-2013-07-21.xsd#ct-default_AdvanceCorporationTaxAndFrankedInvestmentIncomeShadowACTTotalShadowACTUsed" xlink:label="lbl_AdvanceCorporationTaxAndFrankedInvestmentIncomeShadowACTTotalShadowACTUsed" xlink:type="locator"/>
      <link:presentationArc order="8.0" xlink:arcrole="http://www.xbrl.org/2003/arcrole/parent-child" xlink:from="lbl_CalculationOfCTLiabilityACTShadowACT" xlink:to="lbl_AdvanceCorporationTaxAndFrankedInvestmentIncomeShadowACTTotalShadowACTUsed" xlink:type="arc"/>
      <link:loc xlink:href="ct-Tax-2013-07-21.xsd#ct-Tax_CalculationOfCTLiabilityACTShadowACTCF" xlink:label="lbl_CalculationOfCTLiabilityACTShadowACTCF" xlink:type="locator"/>
      <link:presentationArc order="9.0" xlink:arcrole="http://www.xbrl.org/2003/arcrole/parent-child" xlink:from="lbl_CalculationOfCTLiabilityACTShadowACT" xlink:to="lbl_CalculationOfCTLiabilityACTShadowACTCF" xlink:type="arc"/>
      <link:loc xlink:href="ct-default-2013-07-21.xsd#ct-default_AdvanceCorporationTaxAndFrankedInvestmentIncomeFrankedDistributionsAndIncome" xlink:label="lbl_AdvanceCorporationTaxAndFrankedInvestmentIncomeFrankedDistributionsAndIncome" xlink:type="locator"/>
      <link:presentationArc order="2.0" xlink:arcrole="http://www.xbrl.org/2003/arcrole/parent-child" xlink:from="lbl_AdvanceCorporationTaxAndFrankedInvestmentIncome" xlink:to="lbl_AdvanceCorporationTaxAndFrankedInvestmentIncomeFrankedDistributionsAndIncome" xlink:type="arc"/>
      <link:loc xlink:href="ct-Tax-2013-07-21.xsd#ct-Tax_CalculationOfCTLiabilityACTFrankedDistributions" xlink:label="lbl_CalculationOfCTLiabilityACTFrankedDistributions" xlink:type="locator"/>
      <link:presentationArc order="1.0" xlink:arcrole="http://www.xbrl.org/2003/arcrole/parent-child" xlink:from="lbl_AdvanceCorporationTaxAndFrankedInvestmentIncomeFrankedDistributionsAndIncome" xlink:to="lbl_CalculationOfCTLiabilityACTFrankedDistributions" xlink:type="arc"/>
      <link:loc xlink:href="ct-Tax-2013-07-21.xsd#ct-Tax_CalculationOfCTLiabilityACTNetFrankedDistributions" xlink:label="lbl_CalculationOfCTLiabilityACTNetFrankedDistributions" xlink:type="locator"/>
      <link:presentationArc order="2.0" xlink:arcrole="http://www.xbrl.org/2003/arcrole/parent-child" xlink:from="lbl_AdvanceCorporationTaxAndFrankedInvestmentIncomeFrankedDistributionsAndIncome" xlink:to="lbl_CalculationOfCTLiabilityACTNetFrankedDistributions" xlink:type="arc"/>
      <link:loc xlink:href="ct-default-2013-07-21.xsd#ct-default_AdvanceCorporationTaxAndFrankedInvestmentIncomeFrankedDistributionsAndIncomeSurplusFIIBF" xlink:label="lbl_AdvanceCorporationTaxAndFrankedInvestmentIncomeFrankedDistributionsAndIncomeSurplusFIIBF" xlink:type="locator"/>
      <link:presentationArc order="3.0" xlink:arcrole="http://www.xbrl.org/2003/arcrole/parent-child" xlink:from="lbl_AdvanceCorporationTaxAndFrankedInvestmentIncomeFrankedDistributionsAndIncome" xlink:to="lbl_AdvanceCorporationTaxAndFrankedInvestmentIncomeFrankedDistributionsAndIncomeSurplusFIIBF" xlink:type="arc"/>
      <link:loc xlink:href="ct-Tax-2013-07-21.xsd#ct-Tax_CalculationOfCTLiabilityACTFrankedInvestmentIncome" xlink:label="lbl_CalculationOfCTLiabilityACTFrankedInvestmentIncome" xlink:type="locator"/>
      <link:presentationArc order="4.0" xlink:arcrole="http://www.xbrl.org/2003/arcrole/parent-child" xlink:from="lbl_AdvanceCorporationTaxAndFrankedInvestmentIncomeFrankedDistributionsAndIncome" xlink:to="lbl_CalculationOfCTLiabilityACTFrankedInvestmentIncome" xlink:type="arc"/>
      <link:loc xlink:href="ct-default-2013-07-21.xsd#ct-default_AdvanceCorporationTaxAndFrankedInvestmentIncomeFrankedDistributionsAndIncome98XFIIReceivedInPeriod" xlink:label="lbl_AdvanceCorporationTaxAndFrankedInvestmentIncomeFrankedDistributionsAndIncome98XFIIReceivedInPeriod" xlink:type="locator"/>
      <link:presentationArc order="5.0" xlink:arcrole="http://www.xbrl.org/2003/arcrole/parent-child" xlink:from="lbl_AdvanceCorporationTaxAndFrankedInvestmentIncomeFrankedDistributionsAndIncome" xlink:to="lbl_AdvanceCorporationTaxAndFrankedInvestmentIncomeFrankedDistributionsAndIncome98XFIIReceivedInPeriod" xlink:type="arc"/>
      <link:presentationArc order="6.0" xlink:arcrole="http://www.xbrl.org/2003/arcrole/parent-child" xlink:from="lbl_AdvanceCorporationTaxAndFrankedInvestmentIncomeFrankedDistributionsAndIncome" xlink:to="lbl_CalculationOfCTLiabilityACTShadowACTThisAndPriorPeriods" xlink:type="arc"/>
      <link:loc xlink:href="ct-default-2013-07-21.xsd#ct-default_AdvanceCorporationTaxAndFrankedInvestmentIncomeFrankedDistributionsAndIncomeShadowACTOfPeriodSurplusFIICF" xlink:label="lbl_AdvanceCorporationTaxAndFrankedInvestmentIncomeFrankedDistributionsAndIncomeShadowACTOfPeriodSurplusFIICF" xlink:type="locator"/>
      <link:presentationArc order="7.0" xlink:arcrole="http://www.xbrl.org/2003/arcrole/parent-child" xlink:from="lbl_AdvanceCorporationTaxAndFrankedInvestmentIncomeFrankedDistributionsAndIncome" xlink:to="lbl_AdvanceCorporationTaxAndFrankedInvestmentIncomeFrankedDistributionsAndIncomeShadowACTOfPeriodSurplusFIICF" xlink:type="arc"/>
      <link:loc xlink:href="ct-Tax-2013-07-21.xsd#ct-Tax_CalculationOfCTLiabilityAdvancedCorporationTaxShadowAdvancedCorporationTaxCapacityCalculation" xlink:label="lbl_CalculationOfCTLiabilityAdvancedCorporationTaxShadowAdvancedCorporationTaxCapacityCalculation" xlink:type="locator"/>
      <link:presentationArc order="3.0" xlink:arcrole="http://www.xbrl.org/2003/arcrole/parent-child" xlink:from="lbl_AdvanceCorporationTaxAndFrankedInvestmentIncome" xlink:to="lbl_CalculationOfCTLiabilityAdvancedCorporationTaxShadowAdvancedCorporationTaxCapacityCalculation" xlink:type="arc"/>
      <link:loc xlink:href="ct-Tax-2013-07-21.xsd#ct-Tax_CalculationOfCTLiabilityProfits" xlink:label="lbl_CalculationOfCTLiabilityProfits" xlink:type="locator"/>
      <link:presentationArc order="1.0" xlink:arcrole="http://www.xbrl.org/2003/arcrole/parent-child" xlink:from="lbl_CalculationOfCTLiabilityAdvancedCorporationTaxShadowAdvancedCorporationTaxCapacityCalculation" xlink:to="lbl_CalculationOfCTLiabilityProfits" xlink:type="arc"/>
      <link:loc xlink:href="ct-Tax-2013-07-21.xsd#ct-Tax_CalculationOfCTLiabilityACTShadowACTCapacity" xlink:label="lbl_CalculationOfCTLiabilityACTShadowACTCapacity" xlink:type="locator"/>
      <link:presentationArc order="2.0" xlink:arcrole="http://www.xbrl.org/2003/arcrole/parent-child" xlink:from="lbl_CalculationOfCTLiabilityAdvancedCorporationTaxShadowAdvancedCorporationTaxCapacityCalculation" xlink:to="lbl_CalculationOfCTLiabilityACTShadowACTCapacity" xlink:type="arc"/>
      <link:presentationArc order="3.0" xlink:arcrole="http://www.xbrl.org/2003/arcrole/parent-child" xlink:from="lbl_CalculationOfCTLiabilityAdvancedCorporationTaxShadowAdvancedCorporationTaxCapacityCalculation" xlink:to="lbl_CalculationOfCTLiabilityACTShadowACTOffset" xlink:type="arc"/>
      <link:loc xlink:href="ct-default-2013-07-21.xsd#ct-default_AdvanceCorporationTaxAndFrankedInvestmentIncomeACTCapacityUnrelievedSurplusACTCapacity" xlink:label="lbl_AdvanceCorporationTaxAndFrankedInvestmentIncomeACTCapacityUnrelievedSurplusACTCapacity" xlink:type="locator"/>
      <link:presentationArc order="4.0" xlink:arcrole="http://www.xbrl.org/2003/arcrole/parent-child" xlink:from="lbl_CalculationOfCTLiabilityAdvancedCorporationTaxShadowAdvancedCorporationTaxCapacityCalculation" xlink:to="lbl_AdvanceCorporationTaxAndFrankedInvestmentIncomeACTCapacityUnrelievedSurplusACTCapacity" xlink:type="arc"/>
      <link:loc xlink:href="ct-Tax-2013-07-21.xsd#ct-Tax_CalculationOfCTLiabilityACTSetOff" xlink:label="lbl_CalculationOfCTLiabilityACTSetOff" xlink:type="locator"/>
      <link:presentationArc order="5.0" xlink:arcrole="http://www.xbrl.org/2003/arcrole/parent-child" xlink:from="lbl_CalculationOfCTLiabilityAdvancedCorporationTaxShadowAdvancedCorporationTaxCapacityCalculation" xlink:to="lbl_CalculationOfCTLiabilityACTSetOff" xlink:type="arc"/>
      <link:loc xlink:href="ct-Tax-2013-07-21.xsd#ct-Tax_CalculationOfCTLiabilityAdvancedCorporationTaxSummary" xlink:label="lbl_CalculationOfCTLiabilityAdvancedCorporationTaxSummary" xlink:type="locator"/>
      <link:presentationArc order="4.0" xlink:arcrole="http://www.xbrl.org/2003/arcrole/parent-child" xlink:from="lbl_AdvanceCorporationTaxAndFrankedInvestmentIncome" xlink:to="lbl_CalculationOfCTLiabilityAdvancedCorporationTaxSummary" xlink:type="arc"/>
      <link:loc xlink:href="ct-Tax-2013-07-21.xsd#ct-Tax_CalculationOfCTLiabilityACTBF" xlink:label="lbl_CalculationOfCTLiabilityACTBF" xlink:type="locator"/>
      <link:presentationArc order="1.0" xlink:arcrole="http://www.xbrl.org/2003/arcrole/parent-child" xlink:from="lbl_CalculationOfCTLiabilityAdvancedCorporationTaxSummary" xlink:to="lbl_CalculationOfCTLiabilityACTBF" xlink:type="arc"/>
      <link:loc xlink:href="ct-Tax-2013-07-21.xsd#ct-Tax_CalculationOfCTLiabilityACTTransferred" xlink:label="lbl_CalculationOfCTLiabilityACTTransferred" xlink:type="locator"/>
      <link:presentationArc order="2.0" xlink:arcrole="http://www.xbrl.org/2003/arcrole/parent-child" xlink:from="lbl_CalculationOfCTLiabilityAdvancedCorporationTaxSummary" xlink:to="lbl_CalculationOfCTLiabilityACTTransferred" xlink:type="arc"/>
      <link:loc xlink:href="ct-default-2013-07-21.xsd#ct-default_AdvanceCorporationTaxAndFrankedInvestmentIncomeACTSummarySurplusACTTransferredByCompany" xlink:label="lbl_AdvanceCorporationTaxAndFrankedInvestmentIncomeACTSummarySurplusACTTransferredByCompany" xlink:type="locator"/>
      <link:presentationArc order="3.0" xlink:arcrole="http://www.xbrl.org/2003/arcrole/parent-child" xlink:from="lbl_CalculationOfCTLiabilityAdvancedCorporationTaxSummary" xlink:to="lbl_AdvanceCorporationTaxAndFrankedInvestmentIncomeACTSummarySurplusACTTransferredByCompany" xlink:type="arc"/>
      <link:presentationArc order="4.0" xlink:arcrole="http://www.xbrl.org/2003/arcrole/parent-child" xlink:from="lbl_CalculationOfCTLiabilityAdvancedCorporationTaxSummary" xlink:to="lbl_CalculationOfCTLiabilityACTSetOff" xlink:type="arc"/>
      <link:loc xlink:href="ct-Tax-2013-07-21.xsd#ct-Tax_CalculationOfCTLiabilityACTCarriedBack" xlink:label="lbl_CalculationOfCTLiabilityACTCarriedBack" xlink:type="locator"/>
      <link:presentationArc order="5.0" xlink:arcrole="http://www.xbrl.org/2003/arcrole/parent-child" xlink:from="lbl_CalculationOfCTLiabilityAdvancedCorporationTaxSummary" xlink:to="lbl_CalculationOfCTLiabilityACTCarriedBack" xlink:type="arc"/>
      <link:loc xlink:href="ct-Tax-2013-07-21.xsd#ct-Tax_CalculationOfCTLiabilityACTCF" xlink:label="lbl_CalculationOfCTLiabilityACTCF" xlink:type="locator"/>
      <link:presentationArc order="6.0" xlink:arcrole="http://www.xbrl.org/2003/arcrole/parent-child" xlink:from="lbl_CalculationOfCTLiabilityAdvancedCorporationTaxSummary" xlink:to="lbl_CalculationOfCTLiabilityACTCF" xlink:type="arc"/>
   </link:presentationLink>
</linkbase>
