<?xml version="1.0" encoding="UTF-8" standalone="yes"?>
<linkbase xmlns="http://www.xbrl.org/2003/linkbase" xmlns:link="http://www.xbrl.org/2003/linkbase" xmlns:xlink="http://www.w3.org/1999/xlink" xmlns:xsi="http://www.w3.org/2001/XMLSchema-instance" xsi:schemaLocation="http://www.xbrl.org/2003/linkbase http://www.xbrl.org/2003/xbrl-linkbase-2003-12-31.xsd">
   <link:roleRef roleURI="http://www.govtalk.gov.uk/uk/fr/tax/uk-hmrc-ct-roles/2013-07-21/role/J_OtherIncomeAndReliefs" xlink:href="ct-roles-full-2013-07-21.xsd#J_OtherIncomeAndReliefs" xlink:type="simple"/>
   <link:presentationLink xlink:role="http://www.govtalk.gov.uk/uk/fr/tax/uk-hmrc-ct-roles/2013-07-21/role/J_OtherIncomeAndReliefs" xlink:type="extended">
      <link:loc xlink:href="ct-OtherInc-2013-07-21.xsd#ct-OtherInc_OtherIncomeAndReliefsIncomeFromWhichITDeducted" xlink:label="lbl_OtherIncomeAndReliefsIncomeFromWhichITDeducted" xlink:type="locator"/>
      <link:loc xlink:href="ct-OtherInc-2013-07-21.xsd#ct-OtherInc_OtherIncomeAndReliefs" xlink:label="lbl_OtherIncomeAndReliefs" xlink:type="locator"/>
      <link:presentationArc order="1.0" xlink:arcrole="http://www.xbrl.org/2003/arcrole/parent-child" xlink:from="lbl_OtherIncomeAndReliefs" xlink:to="lbl_OtherIncomeAndReliefsIncomeFromWhichITDeducted" xlink:type="arc"/>
      <link:loc xlink:href="ct-OtherInc-2013-07-21.xsd#ct-OtherInc_OtherIncomeAndReliefsIncomeFromWhichITDeductedTotal" xlink:label="lbl_OtherIncomeAndReliefsIncomeFromWhichITDeductedTotal" xlink:type="locator"/>
      <link:presentationArc order="1.0" xlink:arcrole="http://www.xbrl.org/2003/arcrole/parent-child" xlink:from="lbl_OtherIncomeAndReliefsIncomeFromWhichITDeducted" xlink:to="lbl_OtherIncomeAndReliefsIncomeFromWhichITDeductedTotal" xlink:type="arc"/>
      <link:loc xlink:href="ct-OtherInc-2013-07-21.xsd#ct-OtherInc_OtherIncomeAndReliefsIncomeFromWhichITDeductedAmountReceivableBFTotal" xlink:label="lbl_OtherIncomeAndReliefsIncomeFromWhichITDeductedAmountReceivableBFTotal" xlink:type="locator"/>
      <link:presentationArc order="1.0" xlink:arcrole="http://www.xbrl.org/2003/arcrole/parent-child" xlink:from="lbl_OtherIncomeAndReliefsIncomeFromWhichITDeductedTotal" xlink:to="lbl_OtherIncomeAndReliefsIncomeFromWhichITDeductedAmountReceivableBFTotal" xlink:type="arc"/>
      <link:loc xlink:href="ct-OtherInc-2013-07-21.xsd#ct-OtherInc_OtherIncomeAndReliefsIncomeFromWhichITDeductedCreditedToProfitAndLossAcTotal" xlink:label="lbl_OtherIncomeAndReliefsIncomeFromWhichITDeductedCreditedToProfitAndLossAcTotal" xlink:type="locator"/>
      <link:presentationArc order="2.0" xlink:arcrole="http://www.xbrl.org/2003/arcrole/parent-child" xlink:from="lbl_OtherIncomeAndReliefsIncomeFromWhichITDeductedTotal" xlink:to="lbl_OtherIncomeAndReliefsIncomeFromWhichITDeductedCreditedToProfitAndLossAcTotal" xlink:type="arc"/>
      <link:loc xlink:href="ct-OtherInc-2013-07-21.xsd#ct-OtherInc_IncomeFromWhichITDeductedTotal" xlink:label="lbl_IncomeFromWhichITDeductedTotal" xlink:type="locator"/>
      <link:presentationArc order="3.0" xlink:arcrole="http://www.xbrl.org/2003/arcrole/parent-child" xlink:from="lbl_OtherIncomeAndReliefsIncomeFromWhichITDeductedTotal" xlink:to="lbl_IncomeFromWhichITDeductedTotal" xlink:type="arc"/>
      <link:loc xlink:href="ct-OtherInc-2013-07-21.xsd#ct-OtherInc_OtherIncomeAndReliefsIncomeFromWhichITDeductedAmountReceivableCFTotal" xlink:label="lbl_OtherIncomeAndReliefsIncomeFromWhichITDeductedAmountReceivableCFTotal" xlink:type="locator"/>
      <link:presentationArc order="4.0" xlink:arcrole="http://www.xbrl.org/2003/arcrole/parent-child" xlink:from="lbl_OtherIncomeAndReliefsIncomeFromWhichITDeductedTotal" xlink:to="lbl_OtherIncomeAndReliefsIncomeFromWhichITDeductedAmountReceivableCFTotal" xlink:type="arc"/>
      <link:loc xlink:href="ct-Tax-2013-07-21.xsd#ct-Tax_CalculationOfCTLiabilityIncomeTaxDeducted" xlink:label="lbl_CalculationOfCTLiabilityIncomeTaxDeducted" xlink:type="locator"/>
      <link:presentationArc order="5.0" xlink:arcrole="http://www.xbrl.org/2003/arcrole/parent-child" xlink:from="lbl_OtherIncomeAndReliefsIncomeFromWhichITDeductedTotal" xlink:to="lbl_CalculationOfCTLiabilityIncomeTaxDeducted" xlink:type="arc"/>
      <link:loc xlink:href="ct-OtherInc-2013-07-21.xsd#ct-OtherInc_OtherIncomeAndReliefsIncomeFromWhichITDeductedTaxDeductedFromPID" xlink:label="lbl_OtherIncomeAndReliefsIncomeFromWhichITDeductedTaxDeductedFromPID" xlink:type="locator"/>
      <link:presentationArc order="2.0" xlink:arcrole="http://www.xbrl.org/2003/arcrole/parent-child" xlink:from="lbl_OtherIncomeAndReliefsIncomeFromWhichITDeducted" xlink:to="lbl_OtherIncomeAndReliefsIncomeFromWhichITDeductedTaxDeductedFromPID" xlink:type="arc"/>
      <link:loc xlink:href="ct-OtherInc-2013-07-21.xsd#ct-OtherInc_OtherIncomeAndReliefsIncomeFromWhichITDeductedIndividualItem" xlink:label="lbl_OtherIncomeAndReliefsIncomeFromWhichITDeductedIndividualItem" xlink:type="locator"/>
      <link:presentationArc order="3.0" xlink:arcrole="http://www.xbrl.org/2003/arcrole/parent-child" xlink:from="lbl_OtherIncomeAndReliefsIncomeFromWhichITDeducted" xlink:to="lbl_OtherIncomeAndReliefsIncomeFromWhichITDeductedIndividualItem" xlink:type="arc"/>
      <link:loc xlink:href="ct-OtherInc-2013-07-21.xsd#ct-OtherInc_OtherIncomeAndReliefsIncomeFromWhichITDeductedDescription" xlink:label="lbl_OtherIncomeAndReliefsIncomeFromWhichITDeductedDescription" xlink:type="locator"/>
      <link:presentationArc order="1.0" xlink:arcrole="http://www.xbrl.org/2003/arcrole/parent-child" xlink:from="lbl_OtherIncomeAndReliefsIncomeFromWhichITDeductedIndividualItem" xlink:to="lbl_OtherIncomeAndReliefsIncomeFromWhichITDeductedDescription" xlink:type="arc"/>
      <link:loc xlink:href="ct-OtherInc-2013-07-21.xsd#ct-OtherInc_OtherIncomeAndReliefsIncomeFromWhichITDeductedAmountReceivableBF" xlink:label="lbl_OtherIncomeAndReliefsIncomeFromWhichITDeductedAmountReceivableBF" xlink:type="locator"/>
      <link:presentationArc order="2.0" xlink:arcrole="http://www.xbrl.org/2003/arcrole/parent-child" xlink:from="lbl_OtherIncomeAndReliefsIncomeFromWhichITDeductedIndividualItem" xlink:to="lbl_OtherIncomeAndReliefsIncomeFromWhichITDeductedAmountReceivableBF" xlink:type="arc"/>
      <link:loc xlink:href="ct-OtherInc-2013-07-21.xsd#ct-OtherInc_OtherIncomeAndReliefsIncomeFromWhichITDeductedCreditedToProfitAndLossAc" xlink:label="lbl_OtherIncomeAndReliefsIncomeFromWhichITDeductedCreditedToProfitAndLossAc" xlink:type="locator"/>
      <link:presentationArc order="3.0" xlink:arcrole="http://www.xbrl.org/2003/arcrole/parent-child" xlink:from="lbl_OtherIncomeAndReliefsIncomeFromWhichITDeductedIndividualItem" xlink:to="lbl_OtherIncomeAndReliefsIncomeFromWhichITDeductedCreditedToProfitAndLossAc" xlink:type="arc"/>
      <link:loc xlink:href="ct-OtherInc-2013-07-21.xsd#ct-OtherInc_OtherIncomeAndReliefsIncomeFromWhichITDeductedReceivedInPeriod" xlink:label="lbl_OtherIncomeAndReliefsIncomeFromWhichITDeductedReceivedInPeriod" xlink:type="locator"/>
      <link:presentationArc order="4.0" xlink:arcrole="http://www.xbrl.org/2003/arcrole/parent-child" xlink:from="lbl_OtherIncomeAndReliefsIncomeFromWhichITDeductedIndividualItem" xlink:to="lbl_OtherIncomeAndReliefsIncomeFromWhichITDeductedReceivedInPeriod" xlink:type="arc"/>
      <link:loc xlink:href="ct-OtherInc-2013-07-21.xsd#ct-OtherInc_OtherIncomeAndReliefsIncomeFromWhichITDeductedAmountReceivableCF" xlink:label="lbl_OtherIncomeAndReliefsIncomeFromWhichITDeductedAmountReceivableCF" xlink:type="locator"/>
      <link:presentationArc order="5.0" xlink:arcrole="http://www.xbrl.org/2003/arcrole/parent-child" xlink:from="lbl_OtherIncomeAndReliefsIncomeFromWhichITDeductedIndividualItem" xlink:to="lbl_OtherIncomeAndReliefsIncomeFromWhichITDeductedAmountReceivableCF" xlink:type="arc"/>
      <link:loc xlink:href="ct-OtherInc-2013-07-21.xsd#ct-OtherInc_OtherIncomeAndReliefsIncomeFromWhichITDeductedIncomeTaxSuffered" xlink:label="lbl_OtherIncomeAndReliefsIncomeFromWhichITDeductedIncomeTaxSuffered" xlink:type="locator"/>
      <link:presentationArc order="6.0" xlink:arcrole="http://www.xbrl.org/2003/arcrole/parent-child" xlink:from="lbl_OtherIncomeAndReliefsIncomeFromWhichITDeductedIndividualItem" xlink:to="lbl_OtherIncomeAndReliefsIncomeFromWhichITDeductedIncomeTaxSuffered" xlink:type="arc"/>
      <link:loc xlink:href="ct-OtherInc-2013-07-21.xsd#ct-OtherInc_OtherIncomeAndReliefsIntragroupIncomeFromWhichTaxNotDeducted" xlink:label="lbl_OtherIncomeAndReliefsIntragroupIncomeFromWhichTaxNotDeducted" xlink:type="locator"/>
      <link:presentationArc order="2.0" xlink:arcrole="http://www.xbrl.org/2003/arcrole/parent-child" xlink:from="lbl_OtherIncomeAndReliefs" xlink:to="lbl_OtherIncomeAndReliefsIntragroupIncomeFromWhichTaxNotDeducted" xlink:type="arc"/>
      <link:loc xlink:href="ct-OtherInc-2013-07-21.xsd#ct-OtherInc_OtherIncomeAndReliefsIntragroupIncomeFromWhichTaxNotDeductedTotal" xlink:label="lbl_OtherIncomeAndReliefsIntragroupIncomeFromWhichTaxNotDeductedTotal" xlink:type="locator"/>
      <link:presentationArc order="1.0" xlink:arcrole="http://www.xbrl.org/2003/arcrole/parent-child" xlink:from="lbl_OtherIncomeAndReliefsIntragroupIncomeFromWhichTaxNotDeducted" xlink:to="lbl_OtherIncomeAndReliefsIntragroupIncomeFromWhichTaxNotDeductedTotal" xlink:type="arc"/>
      <link:loc xlink:href="ct-OtherInc-2013-07-21.xsd#ct-OtherInc_OtherIncomeAndReliefsIntragroupIncomeFromWhichTaxNotDeductedAmountReceivableBFTotal" xlink:label="lbl_OtherIncomeAndReliefsIntragroupIncomeFromWhichTaxNotDeductedAmountReceivableBFTotal" xlink:type="locator"/>
      <link:presentationArc order="1.0" xlink:arcrole="http://www.xbrl.org/2003/arcrole/parent-child" xlink:from="lbl_OtherIncomeAndReliefsIntragroupIncomeFromWhichTaxNotDeductedTotal" xlink:to="lbl_OtherIncomeAndReliefsIntragroupIncomeFromWhichTaxNotDeductedAmountReceivableBFTotal" xlink:type="arc"/>
      <link:loc xlink:href="ct-OtherInc-2013-07-21.xsd#ct-OtherInc_OtherIncomeAndReliefsIntragroupIncomeFromWhichTaxNotDeductedCreditedToProfitAndLossAcTotal" xlink:label="lbl_OtherIncomeAndReliefsIntragroupIncomeFromWhichTaxNotDeductedCreditedToProfitAndLossAcTotal" xlink:type="locator"/>
      <link:presentationArc order="2.0" xlink:arcrole="http://www.xbrl.org/2003/arcrole/parent-child" xlink:from="lbl_OtherIncomeAndReliefsIntragroupIncomeFromWhichTaxNotDeductedTotal" xlink:to="lbl_OtherIncomeAndReliefsIntragroupIncomeFromWhichTaxNotDeductedCreditedToProfitAndLossAcTotal" xlink:type="arc"/>
      <link:loc xlink:href="ct-OtherInc-2013-07-21.xsd#ct-OtherInc_IntraGroupIncomeS247Total" xlink:label="lbl_IntraGroupIncomeS247Total" xlink:type="locator"/>
      <link:presentationArc order="3.0" xlink:arcrole="http://www.xbrl.org/2003/arcrole/parent-child" xlink:from="lbl_OtherIncomeAndReliefsIntragroupIncomeFromWhichTaxNotDeductedTotal" xlink:to="lbl_IntraGroupIncomeS247Total" xlink:type="arc"/>
      <link:loc xlink:href="ct-OtherInc-2013-07-21.xsd#ct-OtherInc_OtherIncomeAndReliefsIntragroupIncomeFromWhichTaxNotDeductedAmountReceivableCFTotal" xlink:label="lbl_OtherIncomeAndReliefsIntragroupIncomeFromWhichTaxNotDeductedAmountReceivableCFTotal" xlink:type="locator"/>
      <link:presentationArc order="4.0" xlink:arcrole="http://www.xbrl.org/2003/arcrole/parent-child" xlink:from="lbl_OtherIncomeAndReliefsIntragroupIncomeFromWhichTaxNotDeductedTotal" xlink:to="lbl_OtherIncomeAndReliefsIntragroupIncomeFromWhichTaxNotDeductedAmountReceivableCFTotal" xlink:type="arc"/>
      <link:loc xlink:href="ct-OtherInc-2013-07-21.xsd#ct-OtherInc_OtherIncomeAndReliefsIntragroupIncomeFromWhichTaxNotDeductedIndividualItem" xlink:label="lbl_OtherIncomeAndReliefsIntragroupIncomeFromWhichTaxNotDeductedIndividualItem" xlink:type="locator"/>
      <link:presentationArc order="2.0" xlink:arcrole="http://www.xbrl.org/2003/arcrole/parent-child" xlink:from="lbl_OtherIncomeAndReliefsIntragroupIncomeFromWhichTaxNotDeducted" xlink:to="lbl_OtherIncomeAndReliefsIntragroupIncomeFromWhichTaxNotDeductedIndividualItem" xlink:type="arc"/>
      <link:loc xlink:href="ct-OtherInc-2013-07-21.xsd#ct-OtherInc_OtherIncomeAndReliefsIntragroupIncomeFromWhichTaxNotDeductedDescription" xlink:label="lbl_OtherIncomeAndReliefsIntragroupIncomeFromWhichTaxNotDeductedDescription" xlink:type="locator"/>
      <link:presentationArc order="1.0" xlink:arcrole="http://www.xbrl.org/2003/arcrole/parent-child" xlink:from="lbl_OtherIncomeAndReliefsIntragroupIncomeFromWhichTaxNotDeductedIndividualItem" xlink:to="lbl_OtherIncomeAndReliefsIntragroupIncomeFromWhichTaxNotDeductedDescription" xlink:type="arc"/>
      <link:loc xlink:href="ct-OtherInc-2013-07-21.xsd#ct-OtherInc_OtherIncomeAndReliefsIntragroupIncomeFromWhichTaxNotDeductedAmountReceivableBF" xlink:label="lbl_OtherIncomeAndReliefsIntragroupIncomeFromWhichTaxNotDeductedAmountReceivableBF" xlink:type="locator"/>
      <link:presentationArc order="2.0" xlink:arcrole="http://www.xbrl.org/2003/arcrole/parent-child" xlink:from="lbl_OtherIncomeAndReliefsIntragroupIncomeFromWhichTaxNotDeductedIndividualItem" xlink:to="lbl_OtherIncomeAndReliefsIntragroupIncomeFromWhichTaxNotDeductedAmountReceivableBF" xlink:type="arc"/>
      <link:loc xlink:href="ct-OtherInc-2013-07-21.xsd#ct-OtherInc_OtherIncomeAndReliefsIntragroupIncomeFromWhichTaxNotDeductedCreditedToProfitAndLossAc" xlink:label="lbl_OtherIncomeAndReliefsIntragroupIncomeFromWhichTaxNotDeductedCreditedToProfitAndLossAc" xlink:type="locator"/>
      <link:presentationArc order="3.0" xlink:arcrole="http://www.xbrl.org/2003/arcrole/parent-child" xlink:from="lbl_OtherIncomeAndReliefsIntragroupIncomeFromWhichTaxNotDeductedIndividualItem" xlink:to="lbl_OtherIncomeAndReliefsIntragroupIncomeFromWhichTaxNotDeductedCreditedToProfitAndLossAc" xlink:type="arc"/>
      <link:loc xlink:href="ct-OtherInc-2013-07-21.xsd#ct-OtherInc_OtherIncomeAndReliefsIntragroupIncomeFromWhichTaxNotDeductedReceivedInPeriod" xlink:label="lbl_OtherIncomeAndReliefsIntragroupIncomeFromWhichTaxNotDeductedReceivedInPeriod" xlink:type="locator"/>
      <link:presentationArc order="4.0" xlink:arcrole="http://www.xbrl.org/2003/arcrole/parent-child" xlink:from="lbl_OtherIncomeAndReliefsIntragroupIncomeFromWhichTaxNotDeductedIndividualItem" xlink:to="lbl_OtherIncomeAndReliefsIntragroupIncomeFromWhichTaxNotDeductedReceivedInPeriod" xlink:type="arc"/>
      <link:loc xlink:href="ct-OtherInc-2013-07-21.xsd#ct-OtherInc_OtherIncomeAndReliefsIntragroupIncomeFromWhichTaxNotDeductedAmountReceivableCF" xlink:label="lbl_OtherIncomeAndReliefsIntragroupIncomeFromWhichTaxNotDeductedAmountReceivableCF" xlink:type="locator"/>
      <link:presentationArc order="5.0" xlink:arcrole="http://www.xbrl.org/2003/arcrole/parent-child" xlink:from="lbl_OtherIncomeAndReliefsIntragroupIncomeFromWhichTaxNotDeductedIndividualItem" xlink:to="lbl_OtherIncomeAndReliefsIntragroupIncomeFromWhichTaxNotDeductedAmountReceivableCF" xlink:type="arc"/>
      <link:loc xlink:href="ct-OtherInc-2013-07-21.xsd#ct-OtherInc_OtherIncomeAndReliefsGroupReliefClaims" xlink:label="lbl_OtherIncomeAndReliefsGroupReliefClaims" xlink:type="locator"/>
      <link:presentationArc order="3.0" xlink:arcrole="http://www.xbrl.org/2003/arcrole/parent-child" xlink:from="lbl_OtherIncomeAndReliefs" xlink:to="lbl_OtherIncomeAndReliefsGroupReliefClaims" xlink:type="arc"/>
      <link:loc xlink:href="ct-OtherInc-2013-07-21.xsd#ct-OtherInc_OtherIncomeAndReliefsGroupReliefClaimsTotal" xlink:label="lbl_OtherIncomeAndReliefsGroupReliefClaimsTotal" xlink:type="locator"/>
      <link:presentationArc order="1.0" xlink:arcrole="http://www.xbrl.org/2003/arcrole/parent-child" xlink:from="lbl_OtherIncomeAndReliefsGroupReliefClaims" xlink:to="lbl_OtherIncomeAndReliefsGroupReliefClaimsTotal" xlink:type="arc"/>
      <link:loc xlink:href="ct-OtherInc-2013-07-21.xsd#ct-OtherInc_OtherIncomeAndReliefsGroupReliefClaimed" xlink:label="lbl_OtherIncomeAndReliefsGroupReliefClaimed" xlink:type="locator"/>
      <link:presentationArc order="1.0" xlink:arcrole="http://www.xbrl.org/2003/arcrole/parent-child" xlink:from="lbl_OtherIncomeAndReliefsGroupReliefClaimsTotal" xlink:to="lbl_OtherIncomeAndReliefsGroupReliefClaimed" xlink:type="arc"/>
      <link:loc xlink:href="ct-OtherInc-2013-07-21.xsd#ct-OtherInc_OtherIncomeAndReliefsGroupReliefClaimsLossesOfPermanentEstablishmentInUK" xlink:label="lbl_OtherIncomeAndReliefsGroupReliefClaimsLossesOfPermanentEstablishmentInUK" xlink:type="locator"/>
      <link:presentationArc order="2.0" xlink:arcrole="http://www.xbrl.org/2003/arcrole/parent-child" xlink:from="lbl_OtherIncomeAndReliefsGroupReliefClaimsTotal" xlink:to="lbl_OtherIncomeAndReliefsGroupReliefClaimsLossesOfPermanentEstablishmentInUK" xlink:type="arc"/>
      <link:loc xlink:href="ct-OtherInc-2013-07-21.xsd#ct-OtherInc_OtherIncomeAndReliefsGroupReliefClaimsOtherLossesOfNonResidentCompany" xlink:label="lbl_OtherIncomeAndReliefsGroupReliefClaimsOtherLossesOfNonResidentCompany" xlink:type="locator"/>
      <link:presentationArc order="3.0" xlink:arcrole="http://www.xbrl.org/2003/arcrole/parent-child" xlink:from="lbl_OtherIncomeAndReliefsGroupReliefClaimsTotal" xlink:to="lbl_OtherIncomeAndReliefsGroupReliefClaimsOtherLossesOfNonResidentCompany" xlink:type="arc"/>
      <link:loc xlink:href="ct-OtherInc-2013-07-21.xsd#ct-OtherInc_OtherIncomeAndReliefsGroupReliefClaimsIndividualItem" xlink:label="lbl_OtherIncomeAndReliefsGroupReliefClaimsIndividualItem" xlink:type="locator"/>
      <link:presentationArc order="2.0" xlink:arcrole="http://www.xbrl.org/2003/arcrole/parent-child" xlink:from="lbl_OtherIncomeAndReliefsGroupReliefClaims" xlink:to="lbl_OtherIncomeAndReliefsGroupReliefClaimsIndividualItem" xlink:type="arc"/>
      <link:loc xlink:href="ct-OtherInc-2013-07-21.xsd#ct-OtherInc_OtherIncomeAndReliefsGroupReliefClaimsSurrenderingCompanyName" xlink:label="lbl_OtherIncomeAndReliefsGroupReliefClaimsSurrenderingCompanyName" xlink:type="locator"/>
      <link:presentationArc order="1.0" xlink:arcrole="http://www.xbrl.org/2003/arcrole/parent-child" xlink:from="lbl_OtherIncomeAndReliefsGroupReliefClaimsIndividualItem" xlink:to="lbl_OtherIncomeAndReliefsGroupReliefClaimsSurrenderingCompanyName" xlink:type="arc"/>
      <link:loc xlink:href="ct-OtherInc-2013-07-21.xsd#ct-OtherInc_OtherIncomeAndReliefsGroupReliefClaimsSurrenderingCompanyAccountingPeriod" xlink:label="lbl_OtherIncomeAndReliefsGroupReliefClaimsSurrenderingCompanyAccountingPeriod" xlink:type="locator"/>
      <link:presentationArc order="2.0" xlink:arcrole="http://www.xbrl.org/2003/arcrole/parent-child" xlink:from="lbl_OtherIncomeAndReliefsGroupReliefClaimsIndividualItem" xlink:to="lbl_OtherIncomeAndReliefsGroupReliefClaimsSurrenderingCompanyAccountingPeriod" xlink:type="arc"/>
      <link:loc xlink:href="ct-OtherInc-2013-07-21.xsd#ct-OtherInc_OtherIncomeAndReliefsGroupReliefClaimsSurrenderingCompanyTaxReference" xlink:label="lbl_OtherIncomeAndReliefsGroupReliefClaimsSurrenderingCompanyTaxReference" xlink:type="locator"/>
      <link:presentationArc order="3.0" xlink:arcrole="http://www.xbrl.org/2003/arcrole/parent-child" xlink:from="lbl_OtherIncomeAndReliefsGroupReliefClaimsIndividualItem" xlink:to="lbl_OtherIncomeAndReliefsGroupReliefClaimsSurrenderingCompanyTaxReference" xlink:type="arc"/>
      <link:loc xlink:href="ct-OtherInc-2013-07-21.xsd#ct-OtherInc_OtherIncomeAndReliefsGroupReliefClaimsAmountClaimed" xlink:label="lbl_OtherIncomeAndReliefsGroupReliefClaimsAmountClaimed" xlink:type="locator"/>
      <link:presentationArc order="4.0" xlink:arcrole="http://www.xbrl.org/2003/arcrole/parent-child" xlink:from="lbl_OtherIncomeAndReliefsGroupReliefClaimsIndividualItem" xlink:to="lbl_OtherIncomeAndReliefsGroupReliefClaimsAmountClaimed" xlink:type="arc"/>
      <link:loc xlink:href="ct-OtherInc-2013-07-21.xsd#ct-OtherInc_OtherIncomeAndReliefsLossesAvailableForSurrender" xlink:label="lbl_OtherIncomeAndReliefsLossesAvailableForSurrender" xlink:type="locator"/>
      <link:presentationArc order="4.0" xlink:arcrole="http://www.xbrl.org/2003/arcrole/parent-child" xlink:from="lbl_OtherIncomeAndReliefs" xlink:to="lbl_OtherIncomeAndReliefsLossesAvailableForSurrender" xlink:type="arc"/>
      <link:loc xlink:href="ct-OtherInc-2013-07-21.xsd#ct-OtherInc_OtherIncomeAndReliefsLossesAvailableForSurrenderMaximumAvailable" xlink:label="lbl_OtherIncomeAndReliefsLossesAvailableForSurrenderMaximumAvailable" xlink:type="locator"/>
      <link:presentationArc order="1.0" xlink:arcrole="http://www.xbrl.org/2003/arcrole/parent-child" xlink:from="lbl_OtherIncomeAndReliefsLossesAvailableForSurrender" xlink:to="lbl_OtherIncomeAndReliefsLossesAvailableForSurrenderMaximumAvailable" xlink:type="arc"/>
      <link:loc xlink:href="ct-OtherInc-2013-07-21.xsd#ct-OtherInc_OtherIncomeAndReliefsLossesAvailableForSurrenderTradingLossesMaximumAvailable" xlink:label="lbl_OtherIncomeAndReliefsLossesAvailableForSurrenderTradingLossesMaximumAvailable" xlink:type="locator"/>
      <link:presentationArc order="1.0" xlink:arcrole="http://www.xbrl.org/2003/arcrole/parent-child" xlink:from="lbl_OtherIncomeAndReliefsLossesAvailableForSurrenderMaximumAvailable" xlink:to="lbl_OtherIncomeAndReliefsLossesAvailableForSurrenderTradingLossesMaximumAvailable" xlink:type="arc"/>
      <link:loc xlink:href="ct-OtherInc-2013-07-21.xsd#ct-OtherInc_OtherIncomeAndReliefsLossesAvailableForSurrenderExcessOfNonTradeCapAllowMaximumAvailable" xlink:label="lbl_OtherIncomeAndReliefsLossesAvailableForSurrenderExcessOfNonTradeCapAllowMaximumAvailable" xlink:type="locator"/>
      <link:presentationArc order="2.0" xlink:arcrole="http://www.xbrl.org/2003/arcrole/parent-child" xlink:from="lbl_OtherIncomeAndReliefsLossesAvailableForSurrenderMaximumAvailable" xlink:to="lbl_OtherIncomeAndReliefsLossesAvailableForSurrenderExcessOfNonTradeCapAllowMaximumAvailable" xlink:type="arc"/>
      <link:loc xlink:href="ct-OtherInc-2013-07-21.xsd#ct-OtherInc_OtherIncomeAndReliefsLossesAvailableForSurrenderNonTradingLossesOnIntangibleFixedAssetsMaximumAvailable" xlink:label="lbl_OtherIncomeAndReliefsLossesAvailableForSurrenderNonTradingLossesOnIntangibleFixedAssetsMaximumAvailable" xlink:type="locator"/>
      <link:presentationArc order="3.0" xlink:arcrole="http://www.xbrl.org/2003/arcrole/parent-child" xlink:from="lbl_OtherIncomeAndReliefsLossesAvailableForSurrenderMaximumAvailable" xlink:to="lbl_OtherIncomeAndReliefsLossesAvailableForSurrenderNonTradingLossesOnIntangibleFixedAssetsMaximumAvailable" xlink:type="arc"/>
      <link:loc xlink:href="ct-OtherInc-2013-07-21.xsd#ct-OtherInc_OtherIncomeAndReliefsLossesAvailableForSurrenderExcessOfManagementExpensesMaximumAvailable" xlink:label="lbl_OtherIncomeAndReliefsLossesAvailableForSurrenderExcessOfManagementExpensesMaximumAvailable" xlink:type="locator"/>
      <link:presentationArc order="4.0" xlink:arcrole="http://www.xbrl.org/2003/arcrole/parent-child" xlink:from="lbl_OtherIncomeAndReliefsLossesAvailableForSurrenderMaximumAvailable" xlink:to="lbl_OtherIncomeAndReliefsLossesAvailableForSurrenderExcessOfManagementExpensesMaximumAvailable" xlink:type="arc"/>
      <link:loc xlink:href="ct-OtherInc-2013-07-21.xsd#ct-OtherInc_OtherIncomeAndReliefsLossesAvailableForSurrenderExcessScheduleALossesMaximumAvailable" xlink:label="lbl_OtherIncomeAndReliefsLossesAvailableForSurrenderExcessScheduleALossesMaximumAvailable" xlink:type="locator"/>
      <link:presentationArc order="5.0" xlink:arcrole="http://www.xbrl.org/2003/arcrole/parent-child" xlink:from="lbl_OtherIncomeAndReliefsLossesAvailableForSurrenderMaximumAvailable" xlink:to="lbl_OtherIncomeAndReliefsLossesAvailableForSurrenderExcessScheduleALossesMaximumAvailable" xlink:type="arc"/>
      <link:loc xlink:href="ct-default-2013-07-21.xsd#ct-default_InvestmentIncomeAndReliefsChargesExcess" xlink:label="lbl_InvestmentIncomeAndReliefsChargesExcess" xlink:type="locator"/>
      <link:presentationArc order="6.0" xlink:arcrole="http://www.xbrl.org/2003/arcrole/parent-child" xlink:from="lbl_OtherIncomeAndReliefsLossesAvailableForSurrenderMaximumAvailable" xlink:to="lbl_InvestmentIncomeAndReliefsChargesExcess" xlink:type="arc"/>
      <link:loc xlink:href="ct-OtherInc-2013-07-21.xsd#ct-OtherInc_OtherIncomeAndReliefsLossesAvailableForSurrenderNonTradingDeficitMaximumAvailable" xlink:label="lbl_OtherIncomeAndReliefsLossesAvailableForSurrenderNonTradingDeficitMaximumAvailable" xlink:type="locator"/>
      <link:presentationArc order="7.0" xlink:arcrole="http://www.xbrl.org/2003/arcrole/parent-child" xlink:from="lbl_OtherIncomeAndReliefsLossesAvailableForSurrenderMaximumAvailable" xlink:to="lbl_OtherIncomeAndReliefsLossesAvailableForSurrenderNonTradingDeficitMaximumAvailable" xlink:type="arc"/>
      <link:loc xlink:href="ct-OtherInc-2013-07-21.xsd#ct-OtherInc_OtherIncomeAndReliefsLossesAvailableForSurrenderSurrendered" xlink:label="lbl_OtherIncomeAndReliefsLossesAvailableForSurrenderSurrendered" xlink:type="locator"/>
      <link:presentationArc order="2.0" xlink:arcrole="http://www.xbrl.org/2003/arcrole/parent-child" xlink:from="lbl_OtherIncomeAndReliefsLossesAvailableForSurrender" xlink:to="lbl_OtherIncomeAndReliefsLossesAvailableForSurrenderSurrendered" xlink:type="arc"/>
      <link:loc xlink:href="ct-OtherInc-2013-07-21.xsd#ct-OtherInc_OtherIncomeAndReliefsLossesAvailableForSurrenderTradingLossesSurrendered" xlink:label="lbl_OtherIncomeAndReliefsLossesAvailableForSurrenderTradingLossesSurrendered" xlink:type="locator"/>
      <link:presentationArc order="1.0" xlink:arcrole="http://www.xbrl.org/2003/arcrole/parent-child" xlink:from="lbl_OtherIncomeAndReliefsLossesAvailableForSurrenderSurrendered" xlink:to="lbl_OtherIncomeAndReliefsLossesAvailableForSurrenderTradingLossesSurrendered" xlink:type="arc"/>
      <link:loc xlink:href="ct-OtherInc-2013-07-21.xsd#ct-OtherInc_OtherIncomeAndReliefsLossesAvailableForSurrenderExcessOfNonTradeCapAllowSurrendered" xlink:label="lbl_OtherIncomeAndReliefsLossesAvailableForSurrenderExcessOfNonTradeCapAllowSurrendered" xlink:type="locator"/>
      <link:presentationArc order="2.0" xlink:arcrole="http://www.xbrl.org/2003/arcrole/parent-child" xlink:from="lbl_OtherIncomeAndReliefsLossesAvailableForSurrenderSurrendered" xlink:to="lbl_OtherIncomeAndReliefsLossesAvailableForSurrenderExcessOfNonTradeCapAllowSurrendered" xlink:type="arc"/>
      <link:loc xlink:href="ct-OtherInc-2013-07-21.xsd#ct-OtherInc_OtherIncomeAndReliefsLossesAvailableForSurrenderNonTradingLossesOnIntangibleFixedAssetsSurrendered" xlink:label="lbl_OtherIncomeAndReliefsLossesAvailableForSurrenderNonTradingLossesOnIntangibleFixedAssetsSurrendered" xlink:type="locator"/>
      <link:presentationArc order="3.0" xlink:arcrole="http://www.xbrl.org/2003/arcrole/parent-child" xlink:from="lbl_OtherIncomeAndReliefsLossesAvailableForSurrenderSurrendered" xlink:to="lbl_OtherIncomeAndReliefsLossesAvailableForSurrenderNonTradingLossesOnIntangibleFixedAssetsSurrendered" xlink:type="arc"/>
      <link:loc xlink:href="ct-OtherInc-2013-07-21.xsd#ct-OtherInc_OtherIncomeAndReliefsLossesAvailableForSurrenderExcessOfManagementExpensesSurrendered" xlink:label="lbl_OtherIncomeAndReliefsLossesAvailableForSurrenderExcessOfManagementExpensesSurrendered" xlink:type="locator"/>
      <link:presentationArc order="4.0" xlink:arcrole="http://www.xbrl.org/2003/arcrole/parent-child" xlink:from="lbl_OtherIncomeAndReliefsLossesAvailableForSurrenderSurrendered" xlink:to="lbl_OtherIncomeAndReliefsLossesAvailableForSurrenderExcessOfManagementExpensesSurrendered" xlink:type="arc"/>
      <link:loc xlink:href="ct-OtherInc-2013-07-21.xsd#ct-OtherInc_OtherIncomeAndReliefsLossesAvailableForSurrenderExcessScheduleALossesSurrendered" xlink:label="lbl_OtherIncomeAndReliefsLossesAvailableForSurrenderExcessScheduleALossesSurrendered" xlink:type="locator"/>
      <link:presentationArc order="5.0" xlink:arcrole="http://www.xbrl.org/2003/arcrole/parent-child" xlink:from="lbl_OtherIncomeAndReliefsLossesAvailableForSurrenderSurrendered" xlink:to="lbl_OtherIncomeAndReliefsLossesAvailableForSurrenderExcessScheduleALossesSurrendered" xlink:type="arc"/>
      <link:loc xlink:href="ct-OtherInc-2013-07-21.xsd#ct-OtherInc_OtherIncomeAndReliefsLossesAvailableForSurrenderExcessChargesSurrendered" xlink:label="lbl_OtherIncomeAndReliefsLossesAvailableForSurrenderExcessChargesSurrendered" xlink:type="locator"/>
      <link:presentationArc order="6.0" xlink:arcrole="http://www.xbrl.org/2003/arcrole/parent-child" xlink:from="lbl_OtherIncomeAndReliefsLossesAvailableForSurrenderSurrendered" xlink:to="lbl_OtherIncomeAndReliefsLossesAvailableForSurrenderExcessChargesSurrendered" xlink:type="arc"/>
      <link:loc xlink:href="ct-OtherInc-2013-07-21.xsd#ct-OtherInc_OtherIncomeAndReliefsLossesAvailableForSurrenderNonTradingDeficitSurrendered" xlink:label="lbl_OtherIncomeAndReliefsLossesAvailableForSurrenderNonTradingDeficitSurrendered" xlink:type="locator"/>
      <link:presentationArc order="7.0" xlink:arcrole="http://www.xbrl.org/2003/arcrole/parent-child" xlink:from="lbl_OtherIncomeAndReliefsLossesAvailableForSurrenderSurrendered" xlink:to="lbl_OtherIncomeAndReliefsLossesAvailableForSurrenderNonTradingDeficitSurrendered" xlink:type="arc"/>
      <link:loc xlink:href="ct-OtherInc-2013-07-21.xsd#ct-OtherInc_OtherIncomeAndReliefsLossesAvailableForSurrenderTotalSurrendered" xlink:label="lbl_OtherIncomeAndReliefsLossesAvailableForSurrenderTotalSurrendered" xlink:type="locator"/>
      <link:presentationArc order="8.0" xlink:arcrole="http://www.xbrl.org/2003/arcrole/parent-child" xlink:from="lbl_OtherIncomeAndReliefsLossesAvailableForSurrenderSurrendered" xlink:to="lbl_OtherIncomeAndReliefsLossesAvailableForSurrenderTotalSurrendered" xlink:type="arc"/>
      <link:loc xlink:href="ct-OtherInc-2013-07-21.xsd#ct-OtherInc_OtherIncomeAndReliefsGroupReliefSurrenders" xlink:label="lbl_OtherIncomeAndReliefsGroupReliefSurrenders" xlink:type="locator"/>
      <link:presentationArc order="5.0" xlink:arcrole="http://www.xbrl.org/2003/arcrole/parent-child" xlink:from="lbl_OtherIncomeAndReliefs" xlink:to="lbl_OtherIncomeAndReliefsGroupReliefSurrenders" xlink:type="arc"/>
      <link:loc xlink:href="ct-OtherInc-2013-07-21.xsd#ct-OtherInc_OtherIncomeAndReliefsGroupReliefSurrendersTotal" xlink:label="lbl_OtherIncomeAndReliefsGroupReliefSurrendersTotal" xlink:type="locator"/>
      <link:presentationArc order="1.0" xlink:arcrole="http://www.xbrl.org/2003/arcrole/parent-child" xlink:from="lbl_OtherIncomeAndReliefsGroupReliefSurrenders" xlink:to="lbl_OtherIncomeAndReliefsGroupReliefSurrendersTotal" xlink:type="arc"/>
      <link:presentationArc order="1.0" xlink:arcrole="http://www.xbrl.org/2003/arcrole/parent-child" xlink:from="lbl_OtherIncomeAndReliefsGroupReliefSurrendersTotal" xlink:to="lbl_OtherIncomeAndReliefsLossesAvailableForSurrenderTotalSurrendered" xlink:type="arc"/>
      <link:loc xlink:href="ct-OtherInc-2013-07-21.xsd#ct-OtherInc_OtherIncomeAndReliefsGroupReliefSurrendersIndividualItem" xlink:label="lbl_OtherIncomeAndReliefsGroupReliefSurrendersIndividualItem" xlink:type="locator"/>
      <link:presentationArc order="2.0" xlink:arcrole="http://www.xbrl.org/2003/arcrole/parent-child" xlink:from="lbl_OtherIncomeAndReliefsGroupReliefSurrenders" xlink:to="lbl_OtherIncomeAndReliefsGroupReliefSurrendersIndividualItem" xlink:type="arc"/>
      <link:loc xlink:href="ct-OtherInc-2013-07-21.xsd#ct-OtherInc_OtherIncomeAndReliefsGroupReliefSurrendersClaimantCompanyName" xlink:label="lbl_OtherIncomeAndReliefsGroupReliefSurrendersClaimantCompanyName" xlink:type="locator"/>
      <link:presentationArc order="1.0" xlink:arcrole="http://www.xbrl.org/2003/arcrole/parent-child" xlink:from="lbl_OtherIncomeAndReliefsGroupReliefSurrendersIndividualItem" xlink:to="lbl_OtherIncomeAndReliefsGroupReliefSurrendersClaimantCompanyName" xlink:type="arc"/>
      <link:loc xlink:href="ct-OtherInc-2013-07-21.xsd#ct-OtherInc_OtherIncomeAndReliefsGroupReliefSurrendersClaimantCompanyAccountingPeriod" xlink:label="lbl_OtherIncomeAndReliefsGroupReliefSurrendersClaimantCompanyAccountingPeriod" xlink:type="locator"/>
      <link:presentationArc order="2.0" xlink:arcrole="http://www.xbrl.org/2003/arcrole/parent-child" xlink:from="lbl_OtherIncomeAndReliefsGroupReliefSurrendersIndividualItem" xlink:to="lbl_OtherIncomeAndReliefsGroupReliefSurrendersClaimantCompanyAccountingPeriod" xlink:type="arc"/>
      <link:loc xlink:href="ct-OtherInc-2013-07-21.xsd#ct-OtherInc_OtherIncomeAndReliefsGroupReliefSurrendersClaimantCompanyTaxReference" xlink:label="lbl_OtherIncomeAndReliefsGroupReliefSurrendersClaimantCompanyTaxReference" xlink:type="locator"/>
      <link:presentationArc order="3.0" xlink:arcrole="http://www.xbrl.org/2003/arcrole/parent-child" xlink:from="lbl_OtherIncomeAndReliefsGroupReliefSurrendersIndividualItem" xlink:to="lbl_OtherIncomeAndReliefsGroupReliefSurrendersClaimantCompanyTaxReference" xlink:type="arc"/>
      <link:loc xlink:href="ct-OtherInc-2013-07-21.xsd#ct-OtherInc_OtherIncomeAndReliefsGroupReliefSurrendersAmountSurrendered" xlink:label="lbl_OtherIncomeAndReliefsGroupReliefSurrendersAmountSurrendered" xlink:type="locator"/>
      <link:presentationArc order="4.0" xlink:arcrole="http://www.xbrl.org/2003/arcrole/parent-child" xlink:from="lbl_OtherIncomeAndReliefsGroupReliefSurrendersIndividualItem" xlink:to="lbl_OtherIncomeAndReliefsGroupReliefSurrendersAmountSurrendered" xlink:type="arc"/>
      <link:loc xlink:href="ct-OtherInc-2013-07-21.xsd#ct-OtherInc_OtherIncomeAndReliefsShortLeasePremiumRelief" xlink:label="lbl_OtherIncomeAndReliefsShortLeasePremiumRelief" xlink:type="locator"/>
      <link:presentationArc order="6.0" xlink:arcrole="http://www.xbrl.org/2003/arcrole/parent-child" xlink:from="lbl_OtherIncomeAndReliefs" xlink:to="lbl_OtherIncomeAndReliefsShortLeasePremiumRelief" xlink:type="arc"/>
      <link:loc xlink:href="ct-OtherInc-2013-07-21.xsd#ct-OtherInc_OtherIncomeAndReliefsShortLeasePremiumReliefTotal" xlink:label="lbl_OtherIncomeAndReliefsShortLeasePremiumReliefTotal" xlink:type="locator"/>
      <link:presentationArc order="1.0" xlink:arcrole="http://www.xbrl.org/2003/arcrole/parent-child" xlink:from="lbl_OtherIncomeAndReliefsShortLeasePremiumRelief" xlink:to="lbl_OtherIncomeAndReliefsShortLeasePremiumReliefTotal" xlink:type="arc"/>
      <link:loc xlink:href="ct-OtherInc-2013-07-21.xsd#ct-OtherInc_OtherIncomeAndReliefsShortLeasePremiumReliefDeductionBFTotal" xlink:label="lbl_OtherIncomeAndReliefsShortLeasePremiumReliefDeductionBFTotal" xlink:type="locator"/>
      <link:presentationArc order="1.0" xlink:arcrole="http://www.xbrl.org/2003/arcrole/parent-child" xlink:from="lbl_OtherIncomeAndReliefsShortLeasePremiumReliefTotal" xlink:to="lbl_OtherIncomeAndReliefsShortLeasePremiumReliefDeductionBFTotal" xlink:type="arc"/>
      <link:loc xlink:href="ct-OtherInc-2013-07-21.xsd#ct-OtherInc_OtherIncomeAndReliefsShortLeasePremiumReliefDeemedRentForPeriodCaseIDeductionTotal" xlink:label="lbl_OtherIncomeAndReliefsShortLeasePremiumReliefDeemedRentForPeriodCaseIDeductionTotal" xlink:type="locator"/>
      <link:presentationArc order="2.0" xlink:arcrole="http://www.xbrl.org/2003/arcrole/parent-child" xlink:from="lbl_OtherIncomeAndReliefsShortLeasePremiumReliefTotal" xlink:to="lbl_OtherIncomeAndReliefsShortLeasePremiumReliefDeemedRentForPeriodCaseIDeductionTotal" xlink:type="arc"/>
      <link:loc xlink:href="ct-OtherInc-2013-07-21.xsd#ct-OtherInc_OtherIncomeAndReliefsShortLeasePremiumReliefDeemedRentForPeriodScheduleADeductionTotal" xlink:label="lbl_OtherIncomeAndReliefsShortLeasePremiumReliefDeemedRentForPeriodScheduleADeductionTotal" xlink:type="locator"/>
      <link:presentationArc order="3.0" xlink:arcrole="http://www.xbrl.org/2003/arcrole/parent-child" xlink:from="lbl_OtherIncomeAndReliefsShortLeasePremiumReliefTotal" xlink:to="lbl_OtherIncomeAndReliefsShortLeasePremiumReliefDeemedRentForPeriodScheduleADeductionTotal" xlink:type="arc"/>
      <link:loc xlink:href="ct-OtherInc-2013-07-21.xsd#ct-OtherInc_OtherIncomeAndReliefsShortLeasePremiumReliefDeductionCFTotal" xlink:label="lbl_OtherIncomeAndReliefsShortLeasePremiumReliefDeductionCFTotal" xlink:type="locator"/>
      <link:presentationArc order="4.0" xlink:arcrole="http://www.xbrl.org/2003/arcrole/parent-child" xlink:from="lbl_OtherIncomeAndReliefsShortLeasePremiumReliefTotal" xlink:to="lbl_OtherIncomeAndReliefsShortLeasePremiumReliefDeductionCFTotal" xlink:type="arc"/>
      <link:loc xlink:href="ct-OtherInc-2013-07-21.xsd#ct-OtherInc_OtherIncomeAndReliefsShortLeasePremiumReliefIndividualItem" xlink:label="lbl_OtherIncomeAndReliefsShortLeasePremiumReliefIndividualItem" xlink:type="locator"/>
      <link:presentationArc order="2.0" xlink:arcrole="http://www.xbrl.org/2003/arcrole/parent-child" xlink:from="lbl_OtherIncomeAndReliefsShortLeasePremiumRelief" xlink:to="lbl_OtherIncomeAndReliefsShortLeasePremiumReliefIndividualItem" xlink:type="arc"/>
      <link:loc xlink:href="ct-OtherInc-2013-07-21.xsd#ct-OtherInc_OtherIncomeAndReliefsShortLeasePremiumReliefLeasePremises" xlink:label="lbl_OtherIncomeAndReliefsShortLeasePremiumReliefLeasePremises" xlink:type="locator"/>
      <link:presentationArc order="1.0" xlink:arcrole="http://www.xbrl.org/2003/arcrole/parent-child" xlink:from="lbl_OtherIncomeAndReliefsShortLeasePremiumReliefIndividualItem" xlink:to="lbl_OtherIncomeAndReliefsShortLeasePremiumReliefLeasePremises" xlink:type="arc"/>
      <link:loc xlink:href="ct-OtherInc-2013-07-21.xsd#ct-OtherInc_OtherIncomeAndReliefsShortLeasePremiumReliefAcquisitionDate" xlink:label="lbl_OtherIncomeAndReliefsShortLeasePremiumReliefAcquisitionDate" xlink:type="locator"/>
      <link:presentationArc order="2.0" xlink:arcrole="http://www.xbrl.org/2003/arcrole/parent-child" xlink:from="lbl_OtherIncomeAndReliefsShortLeasePremiumReliefIndividualItem" xlink:to="lbl_OtherIncomeAndReliefsShortLeasePremiumReliefAcquisitionDate" xlink:type="arc"/>
      <link:loc xlink:href="ct-OtherInc-2013-07-21.xsd#ct-OtherInc_OtherIncomeAndReliefsShortLeasePremiumReliefExpiryDate" xlink:label="lbl_OtherIncomeAndReliefsShortLeasePremiumReliefExpiryDate" xlink:type="locator"/>
      <link:presentationArc order="3.0" xlink:arcrole="http://www.xbrl.org/2003/arcrole/parent-child" xlink:from="lbl_OtherIncomeAndReliefsShortLeasePremiumReliefIndividualItem" xlink:to="lbl_OtherIncomeAndReliefsShortLeasePremiumReliefExpiryDate" xlink:type="arc"/>
      <link:loc xlink:href="ct-OtherInc-2013-07-21.xsd#ct-OtherInc_OtherIncomeAndReliefsShortLeasePremiumReliefYears" xlink:label="lbl_OtherIncomeAndReliefsShortLeasePremiumReliefYears" xlink:type="locator"/>
      <link:presentationArc order="4.0" xlink:arcrole="http://www.xbrl.org/2003/arcrole/parent-child" xlink:from="lbl_OtherIncomeAndReliefsShortLeasePremiumReliefIndividualItem" xlink:to="lbl_OtherIncomeAndReliefsShortLeasePremiumReliefYears" xlink:type="arc"/>
      <link:loc xlink:href="ct-OtherInc-2013-07-21.xsd#ct-OtherInc_OtherIncomeAndReliefsShortLeasePremiumReliefPremium" xlink:label="lbl_OtherIncomeAndReliefsShortLeasePremiumReliefPremium" xlink:type="locator"/>
      <link:presentationArc order="5.0" xlink:arcrole="http://www.xbrl.org/2003/arcrole/parent-child" xlink:from="lbl_OtherIncomeAndReliefsShortLeasePremiumReliefIndividualItem" xlink:to="lbl_OtherIncomeAndReliefsShortLeasePremiumReliefPremium" xlink:type="arc"/>
      <link:loc xlink:href="ct-OtherInc-2013-07-21.xsd#ct-OtherInc_OtherIncomeAndReliefsShortLeasePremiumReliefAmountChargeableOnLessor" xlink:label="lbl_OtherIncomeAndReliefsShortLeasePremiumReliefAmountChargeableOnLessor" xlink:type="locator"/>
      <link:presentationArc order="6.0" xlink:arcrole="http://www.xbrl.org/2003/arcrole/parent-child" xlink:from="lbl_OtherIncomeAndReliefsShortLeasePremiumReliefIndividualItem" xlink:to="lbl_OtherIncomeAndReliefsShortLeasePremiumReliefAmountChargeableOnLessor" xlink:type="arc"/>
      <link:loc xlink:href="ct-OtherInc-2013-07-21.xsd#ct-OtherInc_OtherIncomeAndReliefsShortLeasePremiumReliefAdditions" xlink:label="lbl_OtherIncomeAndReliefsShortLeasePremiumReliefAdditions" xlink:type="locator"/>
      <link:presentationArc order="7.0" xlink:arcrole="http://www.xbrl.org/2003/arcrole/parent-child" xlink:from="lbl_OtherIncomeAndReliefsShortLeasePremiumReliefIndividualItem" xlink:to="lbl_OtherIncomeAndReliefsShortLeasePremiumReliefAdditions" xlink:type="arc"/>
      <link:loc xlink:href="ct-OtherInc-2013-07-21.xsd#ct-OtherInc_OtherIncomeAndReliefsShortLeasePremiumReliefDeductionBF" xlink:label="lbl_OtherIncomeAndReliefsShortLeasePremiumReliefDeductionBF" xlink:type="locator"/>
      <link:presentationArc order="8.0" xlink:arcrole="http://www.xbrl.org/2003/arcrole/parent-child" xlink:from="lbl_OtherIncomeAndReliefsShortLeasePremiumReliefIndividualItem" xlink:to="lbl_OtherIncomeAndReliefsShortLeasePremiumReliefDeductionBF" xlink:type="arc"/>
      <link:loc xlink:href="ct-OtherInc-2013-07-21.xsd#ct-OtherInc_OtherIncomeAndReliefsShortLeasePremiumReliefDeemedRentForPeriodCaseIDeduction" xlink:label="lbl_OtherIncomeAndReliefsShortLeasePremiumReliefDeemedRentForPeriodCaseIDeduction" xlink:type="locator"/>
      <link:presentationArc order="9.0" xlink:arcrole="http://www.xbrl.org/2003/arcrole/parent-child" xlink:from="lbl_OtherIncomeAndReliefsShortLeasePremiumReliefIndividualItem" xlink:to="lbl_OtherIncomeAndReliefsShortLeasePremiumReliefDeemedRentForPeriodCaseIDeduction" xlink:type="arc"/>
      <link:loc xlink:href="ct-OtherInc-2013-07-21.xsd#ct-OtherInc_OtherIncomeAndReliefsShortLeasePremiumReliefDeemedRentForPeriodScheduleADeduction" xlink:label="lbl_OtherIncomeAndReliefsShortLeasePremiumReliefDeemedRentForPeriodScheduleADeduction" xlink:type="locator"/>
      <link:presentationArc order="10.0" xlink:arcrole="http://www.xbrl.org/2003/arcrole/parent-child" xlink:from="lbl_OtherIncomeAndReliefsShortLeasePremiumReliefIndividualItem" xlink:to="lbl_OtherIncomeAndReliefsShortLeasePremiumReliefDeemedRentForPeriodScheduleADeduction" xlink:type="arc"/>
      <link:loc xlink:href="ct-OtherInc-2013-07-21.xsd#ct-OtherInc_OtherIncomeAndReliefsShortLeasePremiumReliefDeductionCF" xlink:label="lbl_OtherIncomeAndReliefsShortLeasePremiumReliefDeductionCF" xlink:type="locator"/>
      <link:presentationArc order="11.0" xlink:arcrole="http://www.xbrl.org/2003/arcrole/parent-child" xlink:from="lbl_OtherIncomeAndReliefsShortLeasePremiumReliefIndividualItem" xlink:to="lbl_OtherIncomeAndReliefsShortLeasePremiumReliefDeductionCF" xlink:type="arc"/>
      <link:loc xlink:href="ct-OtherInc-2013-07-21.xsd#ct-OtherInc_OtherIncomeAndReliefsShortLeasePremiumReliefDisposalDate" xlink:label="lbl_OtherIncomeAndReliefsShortLeasePremiumReliefDisposalDate" xlink:type="locator"/>
      <link:presentationArc order="12.0" xlink:arcrole="http://www.xbrl.org/2003/arcrole/parent-child" xlink:from="lbl_OtherIncomeAndReliefsShortLeasePremiumReliefIndividualItem" xlink:to="lbl_OtherIncomeAndReliefsShortLeasePremiumReliefDisposalDate" xlink:type="arc"/>
      <link:loc xlink:href="ct-OtherInc-2013-07-21.xsd#ct-OtherInc_OtherIncomeAndReliefsShortLeasePremiumReliefDeductionLostOnDisposal" xlink:label="lbl_OtherIncomeAndReliefsShortLeasePremiumReliefDeductionLostOnDisposal" xlink:type="locator"/>
      <link:presentationArc order="13.0" xlink:arcrole="http://www.xbrl.org/2003/arcrole/parent-child" xlink:from="lbl_OtherIncomeAndReliefsShortLeasePremiumReliefIndividualItem" xlink:to="lbl_OtherIncomeAndReliefsShortLeasePremiumReliefDeductionLostOnDisposal" xlink:type="arc"/>
      <link:loc xlink:href="ct-DR-2013-07-21.xsd#ct-DR_LandRemediationEnhancedExpenditure" xlink:label="lbl_LandRemediationEnhancedExpenditure" xlink:type="locator"/>
      <link:presentationArc order="7.0" xlink:arcrole="http://www.xbrl.org/2003/arcrole/parent-child" xlink:from="lbl_OtherIncomeAndReliefs" xlink:to="lbl_LandRemediationEnhancedExpenditure" xlink:type="arc"/>
      <link:loc xlink:href="ct-DR-2013-07-21.xsd#ct-DR_LandRemediationEnhancedExpenditureActual" xlink:label="lbl_LandRemediationEnhancedExpenditureActual" xlink:type="locator"/>
      <link:presentationArc order="1.0" xlink:arcrole="http://www.xbrl.org/2003/arcrole/parent-child" xlink:from="lbl_LandRemediationEnhancedExpenditure" xlink:to="lbl_LandRemediationEnhancedExpenditureActual" xlink:type="arc"/>
      <link:loc xlink:href="ct-CaseI-2013-07-21.xsd#ct-CaseI_TradingProfitsIndividualTradeLandRemediationQualifyingCapitalExpenditure" xlink:label="lbl_TradingProfitsIndividualTradeLandRemediationQualifyingCapitalExpenditure" xlink:type="locator"/>
      <link:presentationArc order="1.0" xlink:arcrole="http://www.xbrl.org/2003/arcrole/parent-child" xlink:from="lbl_LandRemediationEnhancedExpenditureActual" xlink:to="lbl_TradingProfitsIndividualTradeLandRemediationQualifyingCapitalExpenditure" xlink:type="arc"/>
      <link:loc xlink:href="ct-SchA-2013-07-21.xsd#ct-SchA_IncomeFromUKLandBuildingsLandRemediationQualifyingCapitalExpenditure" xlink:label="lbl_IncomeFromUKLandBuildingsLandRemediationQualifyingCapitalExpenditure" xlink:type="locator"/>
      <link:presentationArc order="2.0" xlink:arcrole="http://www.xbrl.org/2003/arcrole/parent-child" xlink:from="lbl_LandRemediationEnhancedExpenditureActual" xlink:to="lbl_IncomeFromUKLandBuildingsLandRemediationQualifyingCapitalExpenditure" xlink:type="arc"/>
      <link:loc xlink:href="ct-DR-2013-07-21.xsd#ct-DR_LandRemediationEnhancedExpenditureEnhanced" xlink:label="lbl_LandRemediationEnhancedExpenditureEnhanced" xlink:type="locator"/>
      <link:presentationArc order="2.0" xlink:arcrole="http://www.xbrl.org/2003/arcrole/parent-child" xlink:from="lbl_LandRemediationEnhancedExpenditure" xlink:to="lbl_LandRemediationEnhancedExpenditureEnhanced" xlink:type="arc"/>
      <link:loc xlink:href="ct-CaseI-2013-07-21.xsd#ct-CaseI_TradingProfitsIndividualTradeLandRemediationEnhancedExpenditure" xlink:label="lbl_TradingProfitsIndividualTradeLandRemediationEnhancedExpenditure" xlink:type="locator"/>
      <link:presentationArc order="1.0" xlink:arcrole="http://www.xbrl.org/2003/arcrole/parent-child" xlink:from="lbl_LandRemediationEnhancedExpenditureEnhanced" xlink:to="lbl_TradingProfitsIndividualTradeLandRemediationEnhancedExpenditure" xlink:type="arc"/>
      <link:loc xlink:href="ct-SchA-2013-07-21.xsd#ct-SchA_IncomeFromUKLandBuildingsLandRemediationEnhancedExpenditure" xlink:label="lbl_IncomeFromUKLandBuildingsLandRemediationEnhancedExpenditure" xlink:type="locator"/>
      <link:presentationArc order="2.0" xlink:arcrole="http://www.xbrl.org/2003/arcrole/parent-child" xlink:from="lbl_LandRemediationEnhancedExpenditureEnhanced" xlink:to="lbl_IncomeFromUKLandBuildingsLandRemediationEnhancedExpenditure" xlink:type="arc"/>
      <link:loc xlink:href="ct-DR-2013-07-21.xsd#ct-DR_LandRemediationEnhancedExpenditureTotal" xlink:label="lbl_LandRemediationEnhancedExpenditureTotal" xlink:type="locator"/>
      <link:presentationArc order="3.0" xlink:arcrole="http://www.xbrl.org/2003/arcrole/parent-child" xlink:from="lbl_LandRemediationEnhancedExpenditureEnhanced" xlink:to="lbl_LandRemediationEnhancedExpenditureTotal" xlink:type="arc"/>
      <link:loc xlink:href="ct-OtherInc-2013-07-21.xsd#ct-OtherInc_OtherIncomeAndReliefsRefundsClaimedUnderSection102FA1989" xlink:label="lbl_OtherIncomeAndReliefsRefundsClaimedUnderSection102FA1989" xlink:type="locator"/>
      <link:presentationArc order="8.0" xlink:arcrole="http://www.xbrl.org/2003/arcrole/parent-child" xlink:from="lbl_OtherIncomeAndReliefs" xlink:to="lbl_OtherIncomeAndReliefsRefundsClaimedUnderSection102FA1989" xlink:type="arc"/>
      <link:loc xlink:href="ct-OtherInc-2013-07-21.xsd#ct-OtherInc_OtherIncomeAndReliefsRefundsClaimedUnderSection102FA1989Total" xlink:label="lbl_OtherIncomeAndReliefsRefundsClaimedUnderSection102FA1989Total" xlink:type="locator"/>
      <link:presentationArc order="1.0" xlink:arcrole="http://www.xbrl.org/2003/arcrole/parent-child" xlink:from="lbl_OtherIncomeAndReliefsRefundsClaimedUnderSection102FA1989" xlink:to="lbl_OtherIncomeAndReliefsRefundsClaimedUnderSection102FA1989Total" xlink:type="arc"/>
      <link:loc xlink:href="ct-Tax-2013-07-21.xsd#ct-Tax_CalculationOfCTLiabilitySection102SurrendersReceived" xlink:label="lbl_CalculationOfCTLiabilitySection102SurrendersReceived" xlink:type="locator"/>
      <link:presentationArc order="1.0" xlink:arcrole="http://www.xbrl.org/2003/arcrole/parent-child" xlink:from="lbl_OtherIncomeAndReliefsRefundsClaimedUnderSection102FA1989Total" xlink:to="lbl_CalculationOfCTLiabilitySection102SurrendersReceived" xlink:type="arc"/>
      <link:loc xlink:href="ct-OtherInc-2013-07-21.xsd#ct-OtherInc_OtherIncomeAndReliefsRefundsClaimedUnderSection102FA1989IndividualItem" xlink:label="lbl_OtherIncomeAndReliefsRefundsClaimedUnderSection102FA1989IndividualItem" xlink:type="locator"/>
      <link:presentationArc order="2.0" xlink:arcrole="http://www.xbrl.org/2003/arcrole/parent-child" xlink:from="lbl_OtherIncomeAndReliefsRefundsClaimedUnderSection102FA1989" xlink:to="lbl_OtherIncomeAndReliefsRefundsClaimedUnderSection102FA1989IndividualItem" xlink:type="arc"/>
      <link:loc xlink:href="ct-OtherInc-2013-07-21.xsd#ct-OtherInc_OtherIncomeAndReliefsRefundsClaimedUnderSection102FA1989SurrenderingCompanyName" xlink:label="lbl_OtherIncomeAndReliefsRefundsClaimedUnderSection102FA1989SurrenderingCompanyName" xlink:type="locator"/>
      <link:presentationArc order="1.0" xlink:arcrole="http://www.xbrl.org/2003/arcrole/parent-child" xlink:from="lbl_OtherIncomeAndReliefsRefundsClaimedUnderSection102FA1989IndividualItem" xlink:to="lbl_OtherIncomeAndReliefsRefundsClaimedUnderSection102FA1989SurrenderingCompanyName" xlink:type="arc"/>
      <link:loc xlink:href="ct-OtherInc-2013-07-21.xsd#ct-OtherInc_OtherIncomeAndReliefsRefundsClaimedUnderSection102FA1989SurrenderingCompanyTaxReference" xlink:label="lbl_OtherIncomeAndReliefsRefundsClaimedUnderSection102FA1989SurrenderingCompanyTaxReference" xlink:type="locator"/>
      <link:presentationArc order="2.0" xlink:arcrole="http://www.xbrl.org/2003/arcrole/parent-child" xlink:from="lbl_OtherIncomeAndReliefsRefundsClaimedUnderSection102FA1989IndividualItem" xlink:to="lbl_OtherIncomeAndReliefsRefundsClaimedUnderSection102FA1989SurrenderingCompanyTaxReference" xlink:type="arc"/>
      <link:loc xlink:href="ct-OtherInc-2013-07-21.xsd#ct-OtherInc_OtherIncomeAndReliefsRefundsClaimedUnderSection102FA1989AmountClaimed" xlink:label="lbl_OtherIncomeAndReliefsRefundsClaimedUnderSection102FA1989AmountClaimed" xlink:type="locator"/>
      <link:presentationArc order="3.0" xlink:arcrole="http://www.xbrl.org/2003/arcrole/parent-child" xlink:from="lbl_OtherIncomeAndReliefsRefundsClaimedUnderSection102FA1989IndividualItem" xlink:to="lbl_OtherIncomeAndReliefsRefundsClaimedUnderSection102FA1989AmountClaimed" xlink:type="arc"/>
      <link:loc xlink:href="ct-OtherInc-2013-07-21.xsd#ct-OtherInc_OtherIncomeAndReliefsRefundsSurrenderedUnderSection102FA1989" xlink:label="lbl_OtherIncomeAndReliefsRefundsSurrenderedUnderSection102FA1989" xlink:type="locator"/>
      <link:presentationArc order="9.0" xlink:arcrole="http://www.xbrl.org/2003/arcrole/parent-child" xlink:from="lbl_OtherIncomeAndReliefs" xlink:to="lbl_OtherIncomeAndReliefsRefundsSurrenderedUnderSection102FA1989" xlink:type="arc"/>
      <link:loc xlink:href="ct-OtherInc-2013-07-21.xsd#ct-OtherInc_OtherIncomeAndReliefsRefundsSurrenderedUnderSection102FA1989Total" xlink:label="lbl_OtherIncomeAndReliefsRefundsSurrenderedUnderSection102FA1989Total" xlink:type="locator"/>
      <link:presentationArc order="1.0" xlink:arcrole="http://www.xbrl.org/2003/arcrole/parent-child" xlink:from="lbl_OtherIncomeAndReliefsRefundsSurrenderedUnderSection102FA1989" xlink:to="lbl_OtherIncomeAndReliefsRefundsSurrenderedUnderSection102FA1989Total" xlink:type="arc"/>
      <link:loc xlink:href="ct-Tax-2013-07-21.xsd#ct-Tax_CalculationOfCTLiabilitySection102SurrendersToBeMade" xlink:label="lbl_CalculationOfCTLiabilitySection102SurrendersToBeMade" xlink:type="locator"/>
      <link:presentationArc order="1.0" xlink:arcrole="http://www.xbrl.org/2003/arcrole/parent-child" xlink:from="lbl_OtherIncomeAndReliefsRefundsSurrenderedUnderSection102FA1989Total" xlink:to="lbl_CalculationOfCTLiabilitySection102SurrendersToBeMade" xlink:type="arc"/>
      <link:loc xlink:href="ct-OtherInc-2013-07-21.xsd#ct-OtherInc_OtherIncomeAndReliefsRefundsSurrenderedUnderSection102FA1989IndividualItem" xlink:label="lbl_OtherIncomeAndReliefsRefundsSurrenderedUnderSection102FA1989IndividualItem" xlink:type="locator"/>
      <link:presentationArc order="2.0" xlink:arcrole="http://www.xbrl.org/2003/arcrole/parent-child" xlink:from="lbl_OtherIncomeAndReliefsRefundsSurrenderedUnderSection102FA1989" xlink:to="lbl_OtherIncomeAndReliefsRefundsSurrenderedUnderSection102FA1989IndividualItem" xlink:type="arc"/>
      <link:loc xlink:href="ct-OtherInc-2013-07-21.xsd#ct-OtherInc_OtherIncomeAndReliefsRefundsSurrenderedUnderSection102FA1989ClaimantCompanyName" xlink:label="lbl_OtherIncomeAndReliefsRefundsSurrenderedUnderSection102FA1989ClaimantCompanyName" xlink:type="locator"/>
      <link:presentationArc order="1.0" xlink:arcrole="http://www.xbrl.org/2003/arcrole/parent-child" xlink:from="lbl_OtherIncomeAndReliefsRefundsSurrenderedUnderSection102FA1989IndividualItem" xlink:to="lbl_OtherIncomeAndReliefsRefundsSurrenderedUnderSection102FA1989ClaimantCompanyName" xlink:type="arc"/>
      <link:loc xlink:href="ct-OtherInc-2013-07-21.xsd#ct-OtherInc_OtherIncomeAndReliefsRefundsSurrenderedUnderSection102FA1989ClaimantCompanyTaxReference" xlink:label="lbl_OtherIncomeAndReliefsRefundsSurrenderedUnderSection102FA1989ClaimantCompanyTaxReference" xlink:type="locator"/>
      <link:presentationArc order="2.0" xlink:arcrole="http://www.xbrl.org/2003/arcrole/parent-child" xlink:from="lbl_OtherIncomeAndReliefsRefundsSurrenderedUnderSection102FA1989IndividualItem" xlink:to="lbl_OtherIncomeAndReliefsRefundsSurrenderedUnderSection102FA1989ClaimantCompanyTaxReference" xlink:type="arc"/>
      <link:loc xlink:href="ct-OtherInc-2013-07-21.xsd#ct-OtherInc_OtherIncomeAndReliefsRefundsSurrenderedUnderSection102FA1989AmountSurrendered" xlink:label="lbl_OtherIncomeAndReliefsRefundsSurrenderedUnderSection102FA1989AmountSurrendered" xlink:type="locator"/>
      <link:presentationArc order="3.0" xlink:arcrole="http://www.xbrl.org/2003/arcrole/parent-child" xlink:from="lbl_OtherIncomeAndReliefsRefundsSurrenderedUnderSection102FA1989IndividualItem" xlink:to="lbl_OtherIncomeAndReliefsRefundsSurrenderedUnderSection102FA1989AmountSurrendered" xlink:type="arc"/>
      <link:loc xlink:href="ct-OtherInc-2013-07-21.xsd#ct-OtherInc_OtherIncomeAndReliefsAdjustments" xlink:label="lbl_OtherIncomeAndReliefsAdjustments" xlink:type="locator"/>
      <link:presentationArc order="10.0" xlink:arcrole="http://www.xbrl.org/2003/arcrole/parent-child" xlink:from="lbl_OtherIncomeAndReliefs" xlink:to="lbl_OtherIncomeAndReliefsAdjustments" xlink:type="arc"/>
      <link:loc xlink:href="ct-OtherInc-2013-07-21.xsd#ct-OtherInc_OtherIncomeAndReliefsAdjustmentsTaxArbitrage" xlink:label="lbl_OtherIncomeAndReliefsAdjustmentsTaxArbitrage" xlink:type="locator"/>
      <link:presentationArc order="1.0" xlink:arcrole="http://www.xbrl.org/2003/arcrole/parent-child" xlink:from="lbl_OtherIncomeAndReliefsAdjustments" xlink:to="lbl_OtherIncomeAndReliefsAdjustmentsTaxArbitrage" xlink:type="arc"/>
   </link:presentationLink>
</linkbase>
