<?xml version="1.0" encoding="UTF-8" standalone="yes"?>
<linkbase xmlns="http://www.xbrl.org/2003/linkbase" xmlns:link="http://www.xbrl.org/2003/linkbase" xmlns:xlink="http://www.w3.org/1999/xlink" xmlns:xsi="http://www.w3.org/2001/XMLSchema-instance" xsi:schemaLocation="http://www.xbrl.org/2003/linkbase http://www.xbrl.org/2003/xbrl-linkbase-2003-12-31.xsd">
   <link:roleRef roleURI="http://www.govtalk.gov.uk/uk/fr/tax/uk-hmrc-ct-roles/2013-07-21/role/K_OtherLiabilities" xlink:href="ct-roles-full-2013-07-21.xsd#K_OtherLiabilities" xlink:type="simple"/>
   <link:presentationLink xlink:role="http://www.govtalk.gov.uk/uk/fr/tax/uk-hmrc-ct-roles/2013-07-21/role/K_OtherLiabilities" xlink:type="extended">
      <link:loc xlink:href="ct-default-2013-07-21.xsd#ct-default_OtherLiabilitiesLoansToParticipatorsLiabilityUnderSection419ICTA" xlink:label="lbl_OtherLiabilitiesLoansToParticipatorsLiabilityUnderSection419ICTA" xlink:type="locator"/>
      <link:loc xlink:href="ct-default-2013-07-21.xsd#ct-default_OtherLiabilities" xlink:label="lbl_OtherLiabilities" xlink:type="locator"/>
      <link:presentationArc order="1.0" xlink:arcrole="http://www.xbrl.org/2003/arcrole/parent-child" xlink:from="lbl_OtherLiabilities" xlink:to="lbl_OtherLiabilitiesLoansToParticipatorsLiabilityUnderSection419ICTA" xlink:type="arc"/>
      <link:loc xlink:href="ct-default-2013-07-21.xsd#ct-default_OtherLiabilitiesLoansToParticipatorsTransactionsInPeriodLoansMadeAndOutstandingTotal" xlink:label="lbl_OtherLiabilitiesLoansToParticipatorsTransactionsInPeriodLoansMadeAndOutstandingTotal" xlink:type="locator"/>
      <link:presentationArc order="1.0" xlink:arcrole="http://www.xbrl.org/2003/arcrole/parent-child" xlink:from="lbl_OtherLiabilitiesLoansToParticipatorsLiabilityUnderSection419ICTA" xlink:to="lbl_OtherLiabilitiesLoansToParticipatorsTransactionsInPeriodLoansMadeAndOutstandingTotal" xlink:type="arc"/>
      <link:loc xlink:href="ct-default-2013-07-21.xsd#ct-default_OtherLiabilitiesLoansToParticipatorsTransactionsInPeriodRepaidOrReleasedOrWrittenOffWithin9MonthsTotal" xlink:label="lbl_OtherLiabilitiesLoansToParticipatorsTransactionsInPeriodRepaidOrReleasedOrWrittenOffWithin9MonthsTotal" xlink:type="locator"/>
      <link:presentationArc order="2.0" xlink:arcrole="http://www.xbrl.org/2003/arcrole/parent-child" xlink:from="lbl_OtherLiabilitiesLoansToParticipatorsLiabilityUnderSection419ICTA" xlink:to="lbl_OtherLiabilitiesLoansToParticipatorsTransactionsInPeriodRepaidOrReleasedOrWrittenOffWithin9MonthsTotal" xlink:type="arc"/>
      <link:loc xlink:href="ct-default-2013-07-21.xsd#ct-default_OtherLiabilitiesLoansToParticipatorsLiabilityUnderSection419ICTALoansRepaidAfter9MonthsAfter9Months" xlink:label="lbl_OtherLiabilitiesLoansToParticipatorsLiabilityUnderSection419ICTALoansRepaidAfter9MonthsAfter9Months" xlink:type="locator"/>
      <link:presentationArc order="3.0" xlink:arcrole="http://www.xbrl.org/2003/arcrole/parent-child" xlink:from="lbl_OtherLiabilitiesLoansToParticipatorsLiabilityUnderSection419ICTA" xlink:to="lbl_OtherLiabilitiesLoansToParticipatorsLiabilityUnderSection419ICTALoansRepaidAfter9MonthsAfter9Months" xlink:type="arc"/>
      <link:loc xlink:href="ct-default-2013-07-21.xsd#ct-default_OtherLiabilitiesLoansToParticipatorsLiabilityUnderSection419ICTAReliefDue" xlink:label="lbl_OtherLiabilitiesLoansToParticipatorsLiabilityUnderSection419ICTAReliefDue" xlink:type="locator"/>
      <link:presentationArc order="4.0" xlink:arcrole="http://www.xbrl.org/2003/arcrole/parent-child" xlink:from="lbl_OtherLiabilitiesLoansToParticipatorsLiabilityUnderSection419ICTA" xlink:to="lbl_OtherLiabilitiesLoansToParticipatorsLiabilityUnderSection419ICTAReliefDue" xlink:type="arc"/>
      <link:loc xlink:href="ct-default-2013-07-21.xsd#ct-default_OtherLiabilitiesLoansToParticipatorsLiabilityUnderSection419ICTALiabilityOn" xlink:label="lbl_OtherLiabilitiesLoansToParticipatorsLiabilityUnderSection419ICTALiabilityOn" xlink:type="locator"/>
      <link:presentationArc order="5.0" xlink:arcrole="http://www.xbrl.org/2003/arcrole/parent-child" xlink:from="lbl_OtherLiabilitiesLoansToParticipatorsLiabilityUnderSection419ICTA" xlink:to="lbl_OtherLiabilitiesLoansToParticipatorsLiabilityUnderSection419ICTALiabilityOn" xlink:type="arc"/>
      <link:loc xlink:href="ct-default-2013-07-21.xsd#ct-default_OtherLiabilitiesLoansToParticipatorsTaxPayableUnderS419" xlink:label="lbl_OtherLiabilitiesLoansToParticipatorsTaxPayableUnderS419" xlink:type="locator"/>
      <link:presentationArc order="6.0" xlink:arcrole="http://www.xbrl.org/2003/arcrole/parent-child" xlink:from="lbl_OtherLiabilitiesLoansToParticipatorsLiabilityUnderSection419ICTA" xlink:to="lbl_OtherLiabilitiesLoansToParticipatorsTaxPayableUnderS419" xlink:type="arc"/>
      <link:loc xlink:href="ct-default-2013-07-21.xsd#ct-default_OtherLiabilitiesLoansToParticipatorsTransactionsInPeriod" xlink:label="lbl_OtherLiabilitiesLoansToParticipatorsTransactionsInPeriod" xlink:type="locator"/>
      <link:presentationArc order="2.0" xlink:arcrole="http://www.xbrl.org/2003/arcrole/parent-child" xlink:from="lbl_OtherLiabilities" xlink:to="lbl_OtherLiabilitiesLoansToParticipatorsTransactionsInPeriod" xlink:type="arc"/>
      <link:loc xlink:href="ct-default-2013-07-21.xsd#ct-default_OtherLiabilitiesLoansToParticipatorsTransactionsInPeriodTotal" xlink:label="lbl_OtherLiabilitiesLoansToParticipatorsTransactionsInPeriodTotal" xlink:type="locator"/>
      <link:presentationArc order="1.0" xlink:arcrole="http://www.xbrl.org/2003/arcrole/parent-child" xlink:from="lbl_OtherLiabilitiesLoansToParticipatorsTransactionsInPeriod" xlink:to="lbl_OtherLiabilitiesLoansToParticipatorsTransactionsInPeriodTotal" xlink:type="arc"/>
      <link:loc xlink:href="ct-default-2013-07-21.xsd#ct-default_OtherLiabilitiesLoansToParticipatorsTransactionsInPeriodLoanBFTotal" xlink:label="lbl_OtherLiabilitiesLoansToParticipatorsTransactionsInPeriodLoanBFTotal" xlink:type="locator"/>
      <link:presentationArc order="1.0" xlink:arcrole="http://www.xbrl.org/2003/arcrole/parent-child" xlink:from="lbl_OtherLiabilitiesLoansToParticipatorsTransactionsInPeriodTotal" xlink:to="lbl_OtherLiabilitiesLoansToParticipatorsTransactionsInPeriodLoanBFTotal" xlink:type="arc"/>
      <link:loc xlink:href="ct-default-2013-07-21.xsd#ct-default_OtherLiabilitiesLoansToParticipatorsTransactionsInPeriodAdjustmentToBFAmountTotal" xlink:label="lbl_OtherLiabilitiesLoansToParticipatorsTransactionsInPeriodAdjustmentToBFAmountTotal" xlink:type="locator"/>
      <link:presentationArc order="2.0" xlink:arcrole="http://www.xbrl.org/2003/arcrole/parent-child" xlink:from="lbl_OtherLiabilitiesLoansToParticipatorsTransactionsInPeriodTotal" xlink:to="lbl_OtherLiabilitiesLoansToParticipatorsTransactionsInPeriodAdjustmentToBFAmountTotal" xlink:type="arc"/>
      <link:loc xlink:href="ct-default-2013-07-21.xsd#ct-default_OtherLiabilitiesLoansToParticipatorsTransactionsInPeriodReleaseOrRepaymentOfBFAmountsTotal" xlink:label="lbl_OtherLiabilitiesLoansToParticipatorsTransactionsInPeriodReleaseOrRepaymentOfBFAmountsTotal" xlink:type="locator"/>
      <link:presentationArc order="3.0" xlink:arcrole="http://www.xbrl.org/2003/arcrole/parent-child" xlink:from="lbl_OtherLiabilitiesLoansToParticipatorsTransactionsInPeriodTotal" xlink:to="lbl_OtherLiabilitiesLoansToParticipatorsTransactionsInPeriodReleaseOrRepaymentOfBFAmountsTotal" xlink:type="arc"/>
      <link:loc xlink:href="ct-default-2013-07-21.xsd#ct-default_OtherLiabilitiesLoansToParticipatorsTransactionsInPeriodLoansMadeReleasedOrWrittenOff" xlink:label="lbl_OtherLiabilitiesLoansToParticipatorsTransactionsInPeriodLoansMadeReleasedOrWrittenOff" xlink:type="locator"/>
      <link:presentationArc order="4.0" xlink:arcrole="http://www.xbrl.org/2003/arcrole/parent-child" xlink:from="lbl_OtherLiabilitiesLoansToParticipatorsTransactionsInPeriodTotal" xlink:to="lbl_OtherLiabilitiesLoansToParticipatorsTransactionsInPeriodLoansMadeReleasedOrWrittenOff" xlink:type="arc"/>
      <link:presentationArc order="5.0" xlink:arcrole="http://www.xbrl.org/2003/arcrole/parent-child" xlink:from="lbl_OtherLiabilitiesLoansToParticipatorsTransactionsInPeriodTotal" xlink:to="lbl_OtherLiabilitiesLoansToParticipatorsTransactionsInPeriodLoansMadeAndOutstandingTotal" xlink:type="arc"/>
      <link:loc xlink:href="ct-default-2013-07-21.xsd#ct-default_OtherLiabilitiesLoansToParticipatorsTransactionsInPeriodTaxChargeableOnLoans" xlink:label="lbl_OtherLiabilitiesLoansToParticipatorsTransactionsInPeriodTaxChargeableOnLoans" xlink:type="locator"/>
      <link:presentationArc order="6.0" xlink:arcrole="http://www.xbrl.org/2003/arcrole/parent-child" xlink:from="lbl_OtherLiabilitiesLoansToParticipatorsTransactionsInPeriodTotal" xlink:to="lbl_OtherLiabilitiesLoansToParticipatorsTransactionsInPeriodTaxChargeableOnLoans" xlink:type="arc"/>
      <link:loc xlink:href="ct-default-2013-07-21.xsd#ct-default_OtherLiabilitiesLoansToParticipatorsTransactionsInPeriodLoansMadeAndRepaidOrReleasedInPeriodTotal" xlink:label="lbl_OtherLiabilitiesLoansToParticipatorsTransactionsInPeriodLoansMadeAndRepaidOrReleasedInPeriodTotal" xlink:type="locator"/>
      <link:presentationArc order="7.0" xlink:arcrole="http://www.xbrl.org/2003/arcrole/parent-child" xlink:from="lbl_OtherLiabilitiesLoansToParticipatorsTransactionsInPeriodTotal" xlink:to="lbl_OtherLiabilitiesLoansToParticipatorsTransactionsInPeriodLoansMadeAndRepaidOrReleasedInPeriodTotal" xlink:type="arc"/>
      <link:loc xlink:href="ct-default-2013-07-21.xsd#ct-default_OtherLiabilitiesLoansToParticipatorsTransactionsInPeriodLoansOutstandingAtEndOfPeriod" xlink:label="lbl_OtherLiabilitiesLoansToParticipatorsTransactionsInPeriodLoansOutstandingAtEndOfPeriod" xlink:type="locator"/>
      <link:presentationArc order="8.0" xlink:arcrole="http://www.xbrl.org/2003/arcrole/parent-child" xlink:from="lbl_OtherLiabilitiesLoansToParticipatorsTransactionsInPeriodTotal" xlink:to="lbl_OtherLiabilitiesLoansToParticipatorsTransactionsInPeriodLoansOutstandingAtEndOfPeriod" xlink:type="arc"/>
      <link:loc xlink:href="ct-default-2013-07-21.xsd#ct-default_OtherLiabilitiesLoansToParticipatorsTransactionsInPeriodCurrentPeriodLoansRepaidWithin9MonthsTotal" xlink:label="lbl_OtherLiabilitiesLoansToParticipatorsTransactionsInPeriodCurrentPeriodLoansRepaidWithin9MonthsTotal" xlink:type="locator"/>
      <link:presentationArc order="9.0" xlink:arcrole="http://www.xbrl.org/2003/arcrole/parent-child" xlink:from="lbl_OtherLiabilitiesLoansToParticipatorsTransactionsInPeriodTotal" xlink:to="lbl_OtherLiabilitiesLoansToParticipatorsTransactionsInPeriodCurrentPeriodLoansRepaidWithin9MonthsTotal" xlink:type="arc"/>
      <link:loc xlink:href="ct-default-2013-07-21.xsd#ct-default_OtherLiabilitiesLoansToParticipatorsTransactionsInPeriodCurrentPeriodLoansReleasedOrWrittenOffWithin9MonthsTotal" xlink:label="lbl_OtherLiabilitiesLoansToParticipatorsTransactionsInPeriodCurrentPeriodLoansReleasedOrWrittenOffWithin9MonthsTotal" xlink:type="locator"/>
      <link:presentationArc order="10.0" xlink:arcrole="http://www.xbrl.org/2003/arcrole/parent-child" xlink:from="lbl_OtherLiabilitiesLoansToParticipatorsTransactionsInPeriodTotal" xlink:to="lbl_OtherLiabilitiesLoansToParticipatorsTransactionsInPeriodCurrentPeriodLoansReleasedOrWrittenOffWithin9MonthsTotal" xlink:type="arc"/>
      <link:presentationArc order="11.0" xlink:arcrole="http://www.xbrl.org/2003/arcrole/parent-child" xlink:from="lbl_OtherLiabilitiesLoansToParticipatorsTransactionsInPeriodTotal" xlink:to="lbl_OtherLiabilitiesLoansToParticipatorsTransactionsInPeriodRepaidOrReleasedOrWrittenOffWithin9MonthsTotal" xlink:type="arc"/>
      <link:loc xlink:href="ct-default-2013-07-21.xsd#ct-default_OtherLiabilitiesLoansToParticipatorsTransactionsInPeriodRepaidOrReleasedOrWrittenOffWithin9MonthsReliefDue" xlink:label="lbl_OtherLiabilitiesLoansToParticipatorsTransactionsInPeriodRepaidOrReleasedOrWrittenOffWithin9MonthsReliefDue" xlink:type="locator"/>
      <link:presentationArc order="12.0" xlink:arcrole="http://www.xbrl.org/2003/arcrole/parent-child" xlink:from="lbl_OtherLiabilitiesLoansToParticipatorsTransactionsInPeriodTotal" xlink:to="lbl_OtherLiabilitiesLoansToParticipatorsTransactionsInPeriodRepaidOrReleasedOrWrittenOffWithin9MonthsReliefDue" xlink:type="arc"/>
      <link:loc xlink:href="ct-default-2013-07-21.xsd#ct-default_OtherLiabilitiesLoansToParticipatorsTransactionsInPeriodCurrentPeriodLoansRepaidAfter9MonthsTotal" xlink:label="lbl_OtherLiabilitiesLoansToParticipatorsTransactionsInPeriodCurrentPeriodLoansRepaidAfter9MonthsTotal" xlink:type="locator"/>
      <link:presentationArc order="13.0" xlink:arcrole="http://www.xbrl.org/2003/arcrole/parent-child" xlink:from="lbl_OtherLiabilitiesLoansToParticipatorsTransactionsInPeriodTotal" xlink:to="lbl_OtherLiabilitiesLoansToParticipatorsTransactionsInPeriodCurrentPeriodLoansRepaidAfter9MonthsTotal" xlink:type="arc"/>
      <link:loc xlink:href="ct-default-2013-07-21.xsd#ct-default_OtherLiabilitiesLoansToParticipatorsTransactionsInPeriodCurrentPeriodLoansReleasedOrWrittenOffAfter9MonthsTotal" xlink:label="lbl_OtherLiabilitiesLoansToParticipatorsTransactionsInPeriodCurrentPeriodLoansReleasedOrWrittenOffAfter9MonthsTotal" xlink:type="locator"/>
      <link:presentationArc order="14.0" xlink:arcrole="http://www.xbrl.org/2003/arcrole/parent-child" xlink:from="lbl_OtherLiabilitiesLoansToParticipatorsTransactionsInPeriodTotal" xlink:to="lbl_OtherLiabilitiesLoansToParticipatorsTransactionsInPeriodCurrentPeriodLoansReleasedOrWrittenOffAfter9MonthsTotal" xlink:type="arc"/>
      <link:loc xlink:href="ct-default-2013-07-21.xsd#ct-default_OtherLiabilitiesLoansToParticipatorsTransactionsInPeriodRepaidOrReleasedOrWrittenOffAfter9MonthsTotal" xlink:label="lbl_OtherLiabilitiesLoansToParticipatorsTransactionsInPeriodRepaidOrReleasedOrWrittenOffAfter9MonthsTotal" xlink:type="locator"/>
      <link:presentationArc order="15.0" xlink:arcrole="http://www.xbrl.org/2003/arcrole/parent-child" xlink:from="lbl_OtherLiabilitiesLoansToParticipatorsTransactionsInPeriodTotal" xlink:to="lbl_OtherLiabilitiesLoansToParticipatorsTransactionsInPeriodRepaidOrReleasedOrWrittenOffAfter9MonthsTotal" xlink:type="arc"/>
      <link:loc xlink:href="ct-default-2013-07-21.xsd#ct-default_OtherLiabilitiesLoansToParticipatorsTransactionsInPeriodRepaidOrReleasedOrWrittenOffAfter9MonthsReliefDue" xlink:label="lbl_OtherLiabilitiesLoansToParticipatorsTransactionsInPeriodRepaidOrReleasedOrWrittenOffAfter9MonthsReliefDue" xlink:type="locator"/>
      <link:presentationArc order="16.0" xlink:arcrole="http://www.xbrl.org/2003/arcrole/parent-child" xlink:from="lbl_OtherLiabilitiesLoansToParticipatorsTransactionsInPeriodTotal" xlink:to="lbl_OtherLiabilitiesLoansToParticipatorsTransactionsInPeriodRepaidOrReleasedOrWrittenOffAfter9MonthsReliefDue" xlink:type="arc"/>
      <link:presentationArc order="17.0" xlink:arcrole="http://www.xbrl.org/2003/arcrole/parent-child" xlink:from="lbl_OtherLiabilitiesLoansToParticipatorsTransactionsInPeriodTotal" xlink:to="lbl_OtherLiabilitiesLoansToParticipatorsTaxPayableUnderS419" xlink:type="arc"/>
      <link:loc xlink:href="ct-default-2013-07-21.xsd#ct-default_OtherLiabilitiesLoansToParticipatorsTransactionsInPeriodIndividualItem" xlink:label="lbl_OtherLiabilitiesLoansToParticipatorsTransactionsInPeriodIndividualItem" xlink:type="locator"/>
      <link:presentationArc order="2.0" xlink:arcrole="http://www.xbrl.org/2003/arcrole/parent-child" xlink:from="lbl_OtherLiabilitiesLoansToParticipatorsTransactionsInPeriod" xlink:to="lbl_OtherLiabilitiesLoansToParticipatorsTransactionsInPeriodIndividualItem" xlink:type="arc"/>
      <link:loc xlink:href="ct-default-2013-07-21.xsd#ct-default_OtherLiabilitiesLoansToParticipatorsTransactionsInPeriodName" xlink:label="lbl_OtherLiabilitiesLoansToParticipatorsTransactionsInPeriodName" xlink:type="locator"/>
      <link:presentationArc order="1.0" xlink:arcrole="http://www.xbrl.org/2003/arcrole/parent-child" xlink:from="lbl_OtherLiabilitiesLoansToParticipatorsTransactionsInPeriodIndividualItem" xlink:to="lbl_OtherLiabilitiesLoansToParticipatorsTransactionsInPeriodName" xlink:type="arc"/>
      <link:loc xlink:href="ct-default-2013-07-21.xsd#ct-default_OtherLiabilitiesLoansToParticipatorsTransactionsInPeriodLoanBF" xlink:label="lbl_OtherLiabilitiesLoansToParticipatorsTransactionsInPeriodLoanBF" xlink:type="locator"/>
      <link:presentationArc order="2.0" xlink:arcrole="http://www.xbrl.org/2003/arcrole/parent-child" xlink:from="lbl_OtherLiabilitiesLoansToParticipatorsTransactionsInPeriodIndividualItem" xlink:to="lbl_OtherLiabilitiesLoansToParticipatorsTransactionsInPeriodLoanBF" xlink:type="arc"/>
      <link:loc xlink:href="ct-default-2013-07-21.xsd#ct-default_OtherLiabilitiesLoansToParticipatorsTransactionsInPeriodAdjustmentToBFAmount" xlink:label="lbl_OtherLiabilitiesLoansToParticipatorsTransactionsInPeriodAdjustmentToBFAmount" xlink:type="locator"/>
      <link:presentationArc order="3.0" xlink:arcrole="http://www.xbrl.org/2003/arcrole/parent-child" xlink:from="lbl_OtherLiabilitiesLoansToParticipatorsTransactionsInPeriodIndividualItem" xlink:to="lbl_OtherLiabilitiesLoansToParticipatorsTransactionsInPeriodAdjustmentToBFAmount" xlink:type="arc"/>
      <link:loc xlink:href="ct-default-2013-07-21.xsd#ct-default_OtherLiabilitiesLoansToParticipatorsTransactionsInPeriodReleaseOrRepaymentOfBFAmounts" xlink:label="lbl_OtherLiabilitiesLoansToParticipatorsTransactionsInPeriodReleaseOrRepaymentOfBFAmounts" xlink:type="locator"/>
      <link:presentationArc order="4.0" xlink:arcrole="http://www.xbrl.org/2003/arcrole/parent-child" xlink:from="lbl_OtherLiabilitiesLoansToParticipatorsTransactionsInPeriodIndividualItem" xlink:to="lbl_OtherLiabilitiesLoansToParticipatorsTransactionsInPeriodReleaseOrRepaymentOfBFAmounts" xlink:type="arc"/>
      <link:loc xlink:href="ct-default-2013-07-21.xsd#ct-default_OtherLiabilitiesLoansToParticipatorsTransactionsInPeriodLoansMadeAndOutstanding" xlink:label="lbl_OtherLiabilitiesLoansToParticipatorsTransactionsInPeriodLoansMadeAndOutstanding" xlink:type="locator"/>
      <link:presentationArc order="5.0" xlink:arcrole="http://www.xbrl.org/2003/arcrole/parent-child" xlink:from="lbl_OtherLiabilitiesLoansToParticipatorsTransactionsInPeriodIndividualItem" xlink:to="lbl_OtherLiabilitiesLoansToParticipatorsTransactionsInPeriodLoansMadeAndOutstanding" xlink:type="arc"/>
      <link:loc xlink:href="ct-default-2013-07-21.xsd#ct-default_OtherLiabilitiesLoansToParticipatorsTransactionsInPeriodLoansMadeAndRepaidOrReleasedInPeriod" xlink:label="lbl_OtherLiabilitiesLoansToParticipatorsTransactionsInPeriodLoansMadeAndRepaidOrReleasedInPeriod" xlink:type="locator"/>
      <link:presentationArc order="6.0" xlink:arcrole="http://www.xbrl.org/2003/arcrole/parent-child" xlink:from="lbl_OtherLiabilitiesLoansToParticipatorsTransactionsInPeriodIndividualItem" xlink:to="lbl_OtherLiabilitiesLoansToParticipatorsTransactionsInPeriodLoansMadeAndRepaidOrReleasedInPeriod" xlink:type="arc"/>
      <link:loc xlink:href="ct-default-2013-07-21.xsd#ct-default_OtherLiabilitiesLoansToParticipatorsTransactionsInPeriodLoanCF" xlink:label="lbl_OtherLiabilitiesLoansToParticipatorsTransactionsInPeriodLoanCF" xlink:type="locator"/>
      <link:presentationArc order="7.0" xlink:arcrole="http://www.xbrl.org/2003/arcrole/parent-child" xlink:from="lbl_OtherLiabilitiesLoansToParticipatorsTransactionsInPeriodIndividualItem" xlink:to="lbl_OtherLiabilitiesLoansToParticipatorsTransactionsInPeriodLoanCF" xlink:type="arc"/>
      <link:loc xlink:href="ct-default-2013-07-21.xsd#ct-default_OtherLiabilitiesLoansToParticipatorsTransactionsInPeriodCurrentPeriodLoansRepaidWithin9Months" xlink:label="lbl_OtherLiabilitiesLoansToParticipatorsTransactionsInPeriodCurrentPeriodLoansRepaidWithin9Months" xlink:type="locator"/>
      <link:presentationArc order="8.0" xlink:arcrole="http://www.xbrl.org/2003/arcrole/parent-child" xlink:from="lbl_OtherLiabilitiesLoansToParticipatorsTransactionsInPeriodIndividualItem" xlink:to="lbl_OtherLiabilitiesLoansToParticipatorsTransactionsInPeriodCurrentPeriodLoansRepaidWithin9Months" xlink:type="arc"/>
      <link:loc xlink:href="ct-default-2013-07-21.xsd#ct-default_OtherLiabilitiesLoansToParticipatorsTransactionsInPeriodCurrentPeriodLoansReleasedOrWrittenOffWithin9Months" xlink:label="lbl_OtherLiabilitiesLoansToParticipatorsTransactionsInPeriodCurrentPeriodLoansReleasedOrWrittenOffWithin9Months" xlink:type="locator"/>
      <link:presentationArc order="9.0" xlink:arcrole="http://www.xbrl.org/2003/arcrole/parent-child" xlink:from="lbl_OtherLiabilitiesLoansToParticipatorsTransactionsInPeriodIndividualItem" xlink:to="lbl_OtherLiabilitiesLoansToParticipatorsTransactionsInPeriodCurrentPeriodLoansReleasedOrWrittenOffWithin9Months" xlink:type="arc"/>
      <link:loc xlink:href="ct-default-2013-07-21.xsd#ct-default_OtherLiabilitiesLoansToParticipatorsTransactionsInPeriodDateOfRepaymentReleaseOrWriteOffWithin9Months" xlink:label="lbl_OtherLiabilitiesLoansToParticipatorsTransactionsInPeriodDateOfRepaymentReleaseOrWriteOffWithin9Months" xlink:type="locator"/>
      <link:presentationArc order="10.0" xlink:arcrole="http://www.xbrl.org/2003/arcrole/parent-child" xlink:from="lbl_OtherLiabilitiesLoansToParticipatorsTransactionsInPeriodIndividualItem" xlink:to="lbl_OtherLiabilitiesLoansToParticipatorsTransactionsInPeriodDateOfRepaymentReleaseOrWriteOffWithin9Months" xlink:type="arc"/>
      <link:loc xlink:href="ct-default-2013-07-21.xsd#ct-default_OtherLiabilitiesLoansToParticipatorsTransactionsInPeriodTotalRepaidOrReleasedWithin9Months" xlink:label="lbl_OtherLiabilitiesLoansToParticipatorsTransactionsInPeriodTotalRepaidOrReleasedWithin9Months" xlink:type="locator"/>
      <link:presentationArc order="11.0" xlink:arcrole="http://www.xbrl.org/2003/arcrole/parent-child" xlink:from="lbl_OtherLiabilitiesLoansToParticipatorsTransactionsInPeriodIndividualItem" xlink:to="lbl_OtherLiabilitiesLoansToParticipatorsTransactionsInPeriodTotalRepaidOrReleasedWithin9Months" xlink:type="arc"/>
      <link:loc xlink:href="ct-default-2013-07-21.xsd#ct-default_OtherLiabilitiesLoansToParticipatorsTransactionsInPeriodCurrentPeriodLoansRepaidAfter9Months" xlink:label="lbl_OtherLiabilitiesLoansToParticipatorsTransactionsInPeriodCurrentPeriodLoansRepaidAfter9Months" xlink:type="locator"/>
      <link:presentationArc order="12.0" xlink:arcrole="http://www.xbrl.org/2003/arcrole/parent-child" xlink:from="lbl_OtherLiabilitiesLoansToParticipatorsTransactionsInPeriodIndividualItem" xlink:to="lbl_OtherLiabilitiesLoansToParticipatorsTransactionsInPeriodCurrentPeriodLoansRepaidAfter9Months" xlink:type="arc"/>
      <link:loc xlink:href="ct-default-2013-07-21.xsd#ct-default_OtherLiabilitiesLoansToParticipatorsTransactionsInPeriodCurrentPeriodLoansReleasedOrWrittenOffAfter9Months" xlink:label="lbl_OtherLiabilitiesLoansToParticipatorsTransactionsInPeriodCurrentPeriodLoansReleasedOrWrittenOffAfter9Months" xlink:type="locator"/>
      <link:presentationArc order="13.0" xlink:arcrole="http://www.xbrl.org/2003/arcrole/parent-child" xlink:from="lbl_OtherLiabilitiesLoansToParticipatorsTransactionsInPeriodIndividualItem" xlink:to="lbl_OtherLiabilitiesLoansToParticipatorsTransactionsInPeriodCurrentPeriodLoansReleasedOrWrittenOffAfter9Months" xlink:type="arc"/>
      <link:loc xlink:href="ct-default-2013-07-21.xsd#ct-default_OtherLiabilitiesLoansToParticipatorsTransactionsInPeriodCurrentPeriodLoansRepaidAfter9MonthsReliefDueAfter9Months" xlink:label="lbl_OtherLiabilitiesLoansToParticipatorsTransactionsInPeriodCurrentPeriodLoansRepaidAfter9MonthsReliefDueAfter9Months" xlink:type="locator"/>
      <link:presentationArc order="14.0" xlink:arcrole="http://www.xbrl.org/2003/arcrole/parent-child" xlink:from="lbl_OtherLiabilitiesLoansToParticipatorsTransactionsInPeriodIndividualItem" xlink:to="lbl_OtherLiabilitiesLoansToParticipatorsTransactionsInPeriodCurrentPeriodLoansRepaidAfter9MonthsReliefDueAfter9Months" xlink:type="arc"/>
      <link:loc xlink:href="ct-default-2013-07-21.xsd#ct-default_OtherLiabilitiesLoansToParticipatorsTransactionsInPeriodCurrentPeriodLoansReleasedOrWrittenOffAfter9MonthsReliefDueAfter9Months" xlink:label="lbl_OtherLiabilitiesLoansToParticipatorsTransactionsInPeriodCurrentPeriodLoansReleasedOrWrittenOffAfter9MonthsReliefDueAfter9Months" xlink:type="locator"/>
      <link:presentationArc order="15.0" xlink:arcrole="http://www.xbrl.org/2003/arcrole/parent-child" xlink:from="lbl_OtherLiabilitiesLoansToParticipatorsTransactionsInPeriodIndividualItem" xlink:to="lbl_OtherLiabilitiesLoansToParticipatorsTransactionsInPeriodCurrentPeriodLoansReleasedOrWrittenOffAfter9MonthsReliefDueAfter9Months" xlink:type="arc"/>
      <link:loc xlink:href="ct-default-2013-07-21.xsd#ct-default_OtherLiabilitiesLoansToParticipatorsTransactionsInPeriodTotalRepaidOrReleasedAfter9MonthsAfter9Months" xlink:label="lbl_OtherLiabilitiesLoansToParticipatorsTransactionsInPeriodTotalRepaidOrReleasedAfter9MonthsAfter9Months" xlink:type="locator"/>
      <link:presentationArc order="16.0" xlink:arcrole="http://www.xbrl.org/2003/arcrole/parent-child" xlink:from="lbl_OtherLiabilitiesLoansToParticipatorsTransactionsInPeriodIndividualItem" xlink:to="lbl_OtherLiabilitiesLoansToParticipatorsTransactionsInPeriodTotalRepaidOrReleasedAfter9MonthsAfter9Months" xlink:type="arc"/>
      <link:loc xlink:href="ct-default-2013-07-21.xsd#ct-default_OtherLiabilitiesLoansToParticipatorsTransactionsInPeriodDateOfRepaymentReleaseOrWriteOffAfter9Months" xlink:label="lbl_OtherLiabilitiesLoansToParticipatorsTransactionsInPeriodDateOfRepaymentReleaseOrWriteOffAfter9Months" xlink:type="locator"/>
      <link:presentationArc order="17.0" xlink:arcrole="http://www.xbrl.org/2003/arcrole/parent-child" xlink:from="lbl_OtherLiabilitiesLoansToParticipatorsTransactionsInPeriodIndividualItem" xlink:to="lbl_OtherLiabilitiesLoansToParticipatorsTransactionsInPeriodDateOfRepaymentReleaseOrWriteOffAfter9Months" xlink:type="arc"/>
      <link:loc xlink:href="ct-default-2013-07-21.xsd#ct-default_OtherLiabilitiesControlledForeignCompaniesLiabilityUnderSection747ICTA" xlink:label="lbl_OtherLiabilitiesControlledForeignCompaniesLiabilityUnderSection747ICTA" xlink:type="locator"/>
      <link:presentationArc order="3.0" xlink:arcrole="http://www.xbrl.org/2003/arcrole/parent-child" xlink:from="lbl_OtherLiabilities" xlink:to="lbl_OtherLiabilitiesControlledForeignCompaniesLiabilityUnderSection747ICTA" xlink:type="arc"/>
      <link:loc xlink:href="ct-default-2013-07-21.xsd#ct-default_OtherLiabilitiesControlledForeignCompaniesLiabilityUnderSection747ICTATotal" xlink:label="lbl_OtherLiabilitiesControlledForeignCompaniesLiabilityUnderSection747ICTATotal" xlink:type="locator"/>
      <link:presentationArc order="1.0" xlink:arcrole="http://www.xbrl.org/2003/arcrole/parent-child" xlink:from="lbl_OtherLiabilitiesControlledForeignCompaniesLiabilityUnderSection747ICTA" xlink:to="lbl_OtherLiabilitiesControlledForeignCompaniesLiabilityUnderSection747ICTATotal" xlink:type="arc"/>
      <link:loc xlink:href="ct-default-2013-07-21.xsd#ct-default_OtherLiabilitiesControlledForeignCompaniesLiabilityUnderSection747ICTAApportionedChargeableProfitsTotal" xlink:label="lbl_OtherLiabilitiesControlledForeignCompaniesLiabilityUnderSection747ICTAApportionedChargeableProfitsTotal" xlink:type="locator"/>
      <link:presentationArc order="1.0" xlink:arcrole="http://www.xbrl.org/2003/arcrole/parent-child" xlink:from="lbl_OtherLiabilitiesControlledForeignCompaniesLiabilityUnderSection747ICTATotal" xlink:to="lbl_OtherLiabilitiesControlledForeignCompaniesLiabilityUnderSection747ICTAApportionedChargeableProfitsTotal" xlink:type="arc"/>
      <link:loc xlink:href="ct-default-2013-07-21.xsd#ct-default_OtherLiabilitiesControlledForeignCompaniesLiabilityUnderSection747ICTATaxOnChargeableProfitsTotal" xlink:label="lbl_OtherLiabilitiesControlledForeignCompaniesLiabilityUnderSection747ICTATaxOnChargeableProfitsTotal" xlink:type="locator"/>
      <link:presentationArc order="2.0" xlink:arcrole="http://www.xbrl.org/2003/arcrole/parent-child" xlink:from="lbl_OtherLiabilitiesControlledForeignCompaniesLiabilityUnderSection747ICTATotal" xlink:to="lbl_OtherLiabilitiesControlledForeignCompaniesLiabilityUnderSection747ICTATaxOnChargeableProfitsTotal" xlink:type="arc"/>
      <link:loc xlink:href="ct-default-2013-07-21.xsd#ct-default_OtherLiabilitiesControlledForeignCompaniesLiabilityUnderSection747ICTACreditableTaxTotal" xlink:label="lbl_OtherLiabilitiesControlledForeignCompaniesLiabilityUnderSection747ICTACreditableTaxTotal" xlink:type="locator"/>
      <link:presentationArc order="3.0" xlink:arcrole="http://www.xbrl.org/2003/arcrole/parent-child" xlink:from="lbl_OtherLiabilitiesControlledForeignCompaniesLiabilityUnderSection747ICTATotal" xlink:to="lbl_OtherLiabilitiesControlledForeignCompaniesLiabilityUnderSection747ICTACreditableTaxTotal" xlink:type="arc"/>
      <link:loc xlink:href="ct-default-2013-07-21.xsd#ct-default_OtherLiabilitiesControlledForeignCompaniesLiabilityUnderSection747ICTAReliefsInTermsOfTaxTotal" xlink:label="lbl_OtherLiabilitiesControlledForeignCompaniesLiabilityUnderSection747ICTAReliefsInTermsOfTaxTotal" xlink:type="locator"/>
      <link:presentationArc order="4.0" xlink:arcrole="http://www.xbrl.org/2003/arcrole/parent-child" xlink:from="lbl_OtherLiabilitiesControlledForeignCompaniesLiabilityUnderSection747ICTATotal" xlink:to="lbl_OtherLiabilitiesControlledForeignCompaniesLiabilityUnderSection747ICTAReliefsInTermsOfTaxTotal" xlink:type="arc"/>
      <link:loc xlink:href="ct-default-2013-07-21.xsd#ct-default_OtherLiabilitiesControlledForeignCompaniesLiabilityUnderSection747ICTAACTAsRestrictedTotal" xlink:label="lbl_OtherLiabilitiesControlledForeignCompaniesLiabilityUnderSection747ICTAACTAsRestrictedTotal" xlink:type="locator"/>
      <link:presentationArc order="5.0" xlink:arcrole="http://www.xbrl.org/2003/arcrole/parent-child" xlink:from="lbl_OtherLiabilitiesControlledForeignCompaniesLiabilityUnderSection747ICTATotal" xlink:to="lbl_OtherLiabilitiesControlledForeignCompaniesLiabilityUnderSection747ICTAACTAsRestrictedTotal" xlink:type="arc"/>
      <link:loc xlink:href="ct-default-2013-07-21.xsd#ct-default_OtherLiabilitiesControlledForeignCompaniesTaxPayableUnderS747" xlink:label="lbl_OtherLiabilitiesControlledForeignCompaniesTaxPayableUnderS747" xlink:type="locator"/>
      <link:presentationArc order="6.0" xlink:arcrole="http://www.xbrl.org/2003/arcrole/parent-child" xlink:from="lbl_OtherLiabilitiesControlledForeignCompaniesLiabilityUnderSection747ICTATotal" xlink:to="lbl_OtherLiabilitiesControlledForeignCompaniesTaxPayableUnderS747" xlink:type="arc"/>
      <link:loc xlink:href="ct-default-2013-07-21.xsd#ct-default_OtherLiabilitiesControlledForeignCompaniesLiabilityUnderSection747ICTAIndividualItem" xlink:label="lbl_OtherLiabilitiesControlledForeignCompaniesLiabilityUnderSection747ICTAIndividualItem" xlink:type="locator"/>
      <link:presentationArc order="2.0" xlink:arcrole="http://www.xbrl.org/2003/arcrole/parent-child" xlink:from="lbl_OtherLiabilitiesControlledForeignCompaniesLiabilityUnderSection747ICTA" xlink:to="lbl_OtherLiabilitiesControlledForeignCompaniesLiabilityUnderSection747ICTAIndividualItem" xlink:type="arc"/>
      <link:loc xlink:href="ct-default-2013-07-21.xsd#ct-default_OtherLiabilitiesControlledForeignCompaniesLiabilityUnderSection747ICTAName" xlink:label="lbl_OtherLiabilitiesControlledForeignCompaniesLiabilityUnderSection747ICTAName" xlink:type="locator"/>
      <link:presentationArc order="1.0" xlink:arcrole="http://www.xbrl.org/2003/arcrole/parent-child" xlink:from="lbl_OtherLiabilitiesControlledForeignCompaniesLiabilityUnderSection747ICTAIndividualItem" xlink:to="lbl_OtherLiabilitiesControlledForeignCompaniesLiabilityUnderSection747ICTAName" xlink:type="arc"/>
      <link:loc xlink:href="ct-default-2013-07-21.xsd#ct-default_OtherLiabilitiesControlledForeignCompaniesLiabilityUnderSection747ICTATerritoryOfResidencePerSection749" xlink:label="lbl_OtherLiabilitiesControlledForeignCompaniesLiabilityUnderSection747ICTATerritoryOfResidencePerSection749" xlink:type="locator"/>
      <link:presentationArc order="2.0" xlink:arcrole="http://www.xbrl.org/2003/arcrole/parent-child" xlink:from="lbl_OtherLiabilitiesControlledForeignCompaniesLiabilityUnderSection747ICTAIndividualItem" xlink:to="lbl_OtherLiabilitiesControlledForeignCompaniesLiabilityUnderSection747ICTATerritoryOfResidencePerSection749" xlink:type="arc"/>
      <link:loc xlink:href="ct-default-2013-07-21.xsd#ct-default_OtherLiabilitiesControlledForeignCompaniesLiabilityUnderSection747ICTAExemptionDueIfAny" xlink:label="lbl_OtherLiabilitiesControlledForeignCompaniesLiabilityUnderSection747ICTAExemptionDueIfAny" xlink:type="locator"/>
      <link:presentationArc order="3.0" xlink:arcrole="http://www.xbrl.org/2003/arcrole/parent-child" xlink:from="lbl_OtherLiabilitiesControlledForeignCompaniesLiabilityUnderSection747ICTAIndividualItem" xlink:to="lbl_OtherLiabilitiesControlledForeignCompaniesLiabilityUnderSection747ICTAExemptionDueIfAny" xlink:type="arc"/>
      <link:loc xlink:href="ct-default-2013-07-21.xsd#ct-default_OtherLiabilitiesControlledForeignCompaniesLiabilityUnderSection747ICTAApplicablePercentageOfApportionableProfitsAndCreditableTax" xlink:label="lbl_OtherLiabilitiesControlledForeignCompaniesLiabilityUnderSection747ICTAApplicablePercentageOfApportionableProfitsAndCreditableTax" xlink:type="locator"/>
      <link:presentationArc order="4.0" xlink:arcrole="http://www.xbrl.org/2003/arcrole/parent-child" xlink:from="lbl_OtherLiabilitiesControlledForeignCompaniesLiabilityUnderSection747ICTAIndividualItem" xlink:to="lbl_OtherLiabilitiesControlledForeignCompaniesLiabilityUnderSection747ICTAApplicablePercentageOfApportionableProfitsAndCreditableTax" xlink:type="arc"/>
      <link:loc xlink:href="ct-default-2013-07-21.xsd#ct-default_OtherLiabilitiesControlledForeignCompaniesLiabilityUnderSection747ICTAApportionedChargeableProfits" xlink:label="lbl_OtherLiabilitiesControlledForeignCompaniesLiabilityUnderSection747ICTAApportionedChargeableProfits" xlink:type="locator"/>
      <link:presentationArc order="5.0" xlink:arcrole="http://www.xbrl.org/2003/arcrole/parent-child" xlink:from="lbl_OtherLiabilitiesControlledForeignCompaniesLiabilityUnderSection747ICTAIndividualItem" xlink:to="lbl_OtherLiabilitiesControlledForeignCompaniesLiabilityUnderSection747ICTAApportionedChargeableProfits" xlink:type="arc"/>
      <link:loc xlink:href="ct-default-2013-07-21.xsd#ct-default_OtherLiabilitiesControlledForeignCompaniesLiabilityUnderSection747ICTATaxOnChargeableProfits" xlink:label="lbl_OtherLiabilitiesControlledForeignCompaniesLiabilityUnderSection747ICTATaxOnChargeableProfits" xlink:type="locator"/>
      <link:presentationArc order="6.0" xlink:arcrole="http://www.xbrl.org/2003/arcrole/parent-child" xlink:from="lbl_OtherLiabilitiesControlledForeignCompaniesLiabilityUnderSection747ICTAIndividualItem" xlink:to="lbl_OtherLiabilitiesControlledForeignCompaniesLiabilityUnderSection747ICTATaxOnChargeableProfits" xlink:type="arc"/>
      <link:loc xlink:href="ct-default-2013-07-21.xsd#ct-default_OtherLiabilitiesControlledForeignCompaniesLiabilityUnderSection747ICTACreditableTax" xlink:label="lbl_OtherLiabilitiesControlledForeignCompaniesLiabilityUnderSection747ICTACreditableTax" xlink:type="locator"/>
      <link:presentationArc order="7.0" xlink:arcrole="http://www.xbrl.org/2003/arcrole/parent-child" xlink:from="lbl_OtherLiabilitiesControlledForeignCompaniesLiabilityUnderSection747ICTAIndividualItem" xlink:to="lbl_OtherLiabilitiesControlledForeignCompaniesLiabilityUnderSection747ICTACreditableTax" xlink:type="arc"/>
      <link:loc xlink:href="ct-default-2013-07-21.xsd#ct-default_OtherLiabilitiesControlledForeignCompaniesLiabilityUnderSection747ICTAReliefsInTermsOfTax" xlink:label="lbl_OtherLiabilitiesControlledForeignCompaniesLiabilityUnderSection747ICTAReliefsInTermsOfTax" xlink:type="locator"/>
      <link:presentationArc order="8.0" xlink:arcrole="http://www.xbrl.org/2003/arcrole/parent-child" xlink:from="lbl_OtherLiabilitiesControlledForeignCompaniesLiabilityUnderSection747ICTAIndividualItem" xlink:to="lbl_OtherLiabilitiesControlledForeignCompaniesLiabilityUnderSection747ICTAReliefsInTermsOfTax" xlink:type="arc"/>
      <link:loc xlink:href="ct-default-2013-07-21.xsd#ct-default_OtherLiabilitiesControlledForeignCompaniesLiabilityUnderSection747ICTAACTAsRestricted" xlink:label="lbl_OtherLiabilitiesControlledForeignCompaniesLiabilityUnderSection747ICTAACTAsRestricted" xlink:type="locator"/>
      <link:presentationArc order="9.0" xlink:arcrole="http://www.xbrl.org/2003/arcrole/parent-child" xlink:from="lbl_OtherLiabilitiesControlledForeignCompaniesLiabilityUnderSection747ICTAIndividualItem" xlink:to="lbl_OtherLiabilitiesControlledForeignCompaniesLiabilityUnderSection747ICTAACTAsRestricted" xlink:type="arc"/>
      <link:loc xlink:href="ct-default-2013-07-21.xsd#ct-default_OtherLiabilitiesControlledForeignCompaniesLiabilityUnderSection747ICTASection747TaxChargeable" xlink:label="lbl_OtherLiabilitiesControlledForeignCompaniesLiabilityUnderSection747ICTASection747TaxChargeable" xlink:type="locator"/>
      <link:presentationArc order="10.0" xlink:arcrole="http://www.xbrl.org/2003/arcrole/parent-child" xlink:from="lbl_OtherLiabilitiesControlledForeignCompaniesLiabilityUnderSection747ICTAIndividualItem" xlink:to="lbl_OtherLiabilitiesControlledForeignCompaniesLiabilityUnderSection747ICTASection747TaxChargeable" xlink:type="arc"/>
      <link:loc xlink:href="ct-default-2013-07-21.xsd#ct-default_OtherLiabilitiesSupplementaryChargeForRingFenceTradesUnderSection501AICTA" xlink:label="lbl_OtherLiabilitiesSupplementaryChargeForRingFenceTradesUnderSection501AICTA" xlink:type="locator"/>
      <link:presentationArc order="4.0" xlink:arcrole="http://www.xbrl.org/2003/arcrole/parent-child" xlink:from="lbl_OtherLiabilities" xlink:to="lbl_OtherLiabilitiesSupplementaryChargeForRingFenceTradesUnderSection501AICTA" xlink:type="arc"/>
      <link:loc xlink:href="ct-default-2013-07-21.xsd#ct-default_OtherLiabilitiesSupplementaryChargeForRingFenceTradesUnderSection501AICTARingFenceProfitsChargeableToCorporationTax" xlink:label="lbl_OtherLiabilitiesSupplementaryChargeForRingFenceTradesUnderSection501AICTARingFenceProfitsChargeableToCorporationTax" xlink:type="locator"/>
      <link:presentationArc order="1.0" xlink:arcrole="http://www.xbrl.org/2003/arcrole/parent-child" xlink:from="lbl_OtherLiabilitiesSupplementaryChargeForRingFenceTradesUnderSection501AICTA" xlink:to="lbl_OtherLiabilitiesSupplementaryChargeForRingFenceTradesUnderSection501AICTARingFenceProfitsChargeableToCorporationTax" xlink:type="arc"/>
      <link:loc xlink:href="ct-default-2013-07-21.xsd#ct-default_OtherLiabilitiesSupplementaryChargeForRingFenceTradesUnderSection501AICTALossesBFAlreadyOffset" xlink:label="lbl_OtherLiabilitiesSupplementaryChargeForRingFenceTradesUnderSection501AICTALossesBFAlreadyOffset" xlink:type="locator"/>
      <link:presentationArc order="2.0" xlink:arcrole="http://www.xbrl.org/2003/arcrole/parent-child" xlink:from="lbl_OtherLiabilitiesSupplementaryChargeForRingFenceTradesUnderSection501AICTA" xlink:to="lbl_OtherLiabilitiesSupplementaryChargeForRingFenceTradesUnderSection501AICTALossesBFAlreadyOffset" xlink:type="arc"/>
      <link:loc xlink:href="ct-default-2013-07-21.xsd#ct-default_OtherLiabilitiesSupplementaryChargeForRingFenceTradesUnderSection501AICTAOtherAdjustments" xlink:label="lbl_OtherLiabilitiesSupplementaryChargeForRingFenceTradesUnderSection501AICTAOtherAdjustments" xlink:type="locator"/>
      <link:presentationArc order="3.0" xlink:arcrole="http://www.xbrl.org/2003/arcrole/parent-child" xlink:from="lbl_OtherLiabilitiesSupplementaryChargeForRingFenceTradesUnderSection501AICTA" xlink:to="lbl_OtherLiabilitiesSupplementaryChargeForRingFenceTradesUnderSection501AICTAOtherAdjustments" xlink:type="arc"/>
      <link:loc xlink:href="ct-default-2013-07-21.xsd#ct-default_OtherLiabilitiesSupplementaryChargeForRingFenceTradesUnderSection501AICTAProfitsOrLossesOfRingFenceTrade" xlink:label="lbl_OtherLiabilitiesSupplementaryChargeForRingFenceTradesUnderSection501AICTAProfitsOrLossesOfRingFenceTrade" xlink:type="locator"/>
      <link:presentationArc order="4.0" xlink:arcrole="http://www.xbrl.org/2003/arcrole/parent-child" xlink:from="lbl_OtherLiabilitiesSupplementaryChargeForRingFenceTradesUnderSection501AICTA" xlink:to="lbl_OtherLiabilitiesSupplementaryChargeForRingFenceTradesUnderSection501AICTAProfitsOrLossesOfRingFenceTrade" xlink:type="arc"/>
      <link:loc xlink:href="ct-default-2013-07-21.xsd#ct-default_OtherLiabilitiesSupplementaryChargeForRingFenceTradesUnderSection501AICTADisallowedFinancingAndDecommissioningCostsCompany" xlink:label="lbl_OtherLiabilitiesSupplementaryChargeForRingFenceTradesUnderSection501AICTADisallowedFinancingAndDecommissioningCostsCompany" xlink:type="locator"/>
      <link:presentationArc order="5.0" xlink:arcrole="http://www.xbrl.org/2003/arcrole/parent-child" xlink:from="lbl_OtherLiabilitiesSupplementaryChargeForRingFenceTradesUnderSection501AICTA" xlink:to="lbl_OtherLiabilitiesSupplementaryChargeForRingFenceTradesUnderSection501AICTADisallowedFinancingAndDecommissioningCostsCompany" xlink:type="arc"/>
      <link:loc xlink:href="ct-default-2013-07-21.xsd#ct-default_OtherLiabilitiesSupplementaryChargeForRingFenceTradesUnderSection501AICTADisallowedFinancingAndDecommissioningCostsLossReliefSurrendered" xlink:label="lbl_OtherLiabilitiesSupplementaryChargeForRingFenceTradesUnderSection501AICTADisallowedFinancingAndDecommissioningCostsLossReliefSurrendered" xlink:type="locator"/>
      <link:presentationArc order="6.0" xlink:arcrole="http://www.xbrl.org/2003/arcrole/parent-child" xlink:from="lbl_OtherLiabilitiesSupplementaryChargeForRingFenceTradesUnderSection501AICTA" xlink:to="lbl_OtherLiabilitiesSupplementaryChargeForRingFenceTradesUnderSection501AICTADisallowedFinancingAndDecommissioningCostsLossReliefSurrendered" xlink:type="arc"/>
      <link:loc xlink:href="ct-default-2013-07-21.xsd#ct-default_OtherLiabilitiesSupplementaryChargeForRingFenceTradesUnderSection501AICTADisallowedFinancingCostsTotal" xlink:label="lbl_OtherLiabilitiesSupplementaryChargeForRingFenceTradesUnderSection501AICTADisallowedFinancingCostsTotal" xlink:type="locator"/>
      <link:presentationArc order="7.0" xlink:arcrole="http://www.xbrl.org/2003/arcrole/parent-child" xlink:from="lbl_OtherLiabilitiesSupplementaryChargeForRingFenceTradesUnderSection501AICTA" xlink:to="lbl_OtherLiabilitiesSupplementaryChargeForRingFenceTradesUnderSection501AICTADisallowedFinancingCostsTotal" xlink:type="arc"/>
      <link:loc xlink:href="ct-default-2013-07-21.xsd#ct-default_OtherLiabilitiesSupplementaryChargeForRingFenceTradesUnderSection501AICTAProfitsCalculatedUnderSubsection2" xlink:label="lbl_OtherLiabilitiesSupplementaryChargeForRingFenceTradesUnderSection501AICTAProfitsCalculatedUnderSubsection2" xlink:type="locator"/>
      <link:presentationArc order="8.0" xlink:arcrole="http://www.xbrl.org/2003/arcrole/parent-child" xlink:from="lbl_OtherLiabilitiesSupplementaryChargeForRingFenceTradesUnderSection501AICTA" xlink:to="lbl_OtherLiabilitiesSupplementaryChargeForRingFenceTradesUnderSection501AICTAProfitsCalculatedUnderSubsection2" xlink:type="arc"/>
      <link:loc xlink:href="ct-default-2013-07-21.xsd#ct-default_OtherLiabilitiesSupplementaryChargeForRingFenceTradesUnderSection501AICTALossesBFOrFromLaterPeriodAndPRTDecommissioningAdjustment" xlink:label="lbl_OtherLiabilitiesSupplementaryChargeForRingFenceTradesUnderSection501AICTALossesBFOrFromLaterPeriodAndPRTDecommissioningAdjustment" xlink:type="locator"/>
      <link:presentationArc order="9.0" xlink:arcrole="http://www.xbrl.org/2003/arcrole/parent-child" xlink:from="lbl_OtherLiabilitiesSupplementaryChargeForRingFenceTradesUnderSection501AICTA" xlink:to="lbl_OtherLiabilitiesSupplementaryChargeForRingFenceTradesUnderSection501AICTALossesBFOrFromLaterPeriodAndPRTDecommissioningAdjustment" xlink:type="arc"/>
      <link:loc xlink:href="ct-default-2013-07-21.xsd#ct-default_OtherLiabilitiesSupplementaryChargeForRingFenceTradesUnderSection501AICTAFieldAllowance" xlink:label="lbl_OtherLiabilitiesSupplementaryChargeForRingFenceTradesUnderSection501AICTAFieldAllowance" xlink:type="locator"/>
      <link:presentationArc order="10.0" xlink:arcrole="http://www.xbrl.org/2003/arcrole/parent-child" xlink:from="lbl_OtherLiabilitiesSupplementaryChargeForRingFenceTradesUnderSection501AICTA" xlink:to="lbl_OtherLiabilitiesSupplementaryChargeForRingFenceTradesUnderSection501AICTAFieldAllowance" xlink:type="arc"/>
      <link:loc xlink:href="ct-default-2013-07-21.xsd#ct-default_OtherLiabilitiesSupplementaryChargeForRingFenceTradesUnderSection501AICTANetProfitsSubjectToRingFenceCharge" xlink:label="lbl_OtherLiabilitiesSupplementaryChargeForRingFenceTradesUnderSection501AICTANetProfitsSubjectToRingFenceCharge" xlink:type="locator"/>
      <link:presentationArc order="11.0" xlink:arcrole="http://www.xbrl.org/2003/arcrole/parent-child" xlink:from="lbl_OtherLiabilitiesSupplementaryChargeForRingFenceTradesUnderSection501AICTA" xlink:to="lbl_OtherLiabilitiesSupplementaryChargeForRingFenceTradesUnderSection501AICTANetProfitsSubjectToRingFenceCharge" xlink:type="arc"/>
      <link:loc xlink:href="ct-default-2013-07-21.xsd#ct-default_OtherLiabilitiesSupplementaryChargeUnderS501AICTASupplementaryChargeAt10PerCent" xlink:label="lbl_OtherLiabilitiesSupplementaryChargeUnderS501AICTASupplementaryChargeAt10PerCent" xlink:type="locator"/>
      <link:presentationArc order="12.0" xlink:arcrole="http://www.xbrl.org/2003/arcrole/parent-child" xlink:from="lbl_OtherLiabilitiesSupplementaryChargeForRingFenceTradesUnderSection501AICTA" xlink:to="lbl_OtherLiabilitiesSupplementaryChargeUnderS501AICTASupplementaryChargeAt10PerCent" xlink:type="arc"/>
      <link:loc xlink:href="ct-default-2013-07-21.xsd#ct-default_OtherLiabilitiesSupplementaryChargeUnderS501AICTASupplementaryChargeAt20PerCent" xlink:label="lbl_OtherLiabilitiesSupplementaryChargeUnderS501AICTASupplementaryChargeAt20PerCent" xlink:type="locator"/>
      <link:presentationArc order="13.0" xlink:arcrole="http://www.xbrl.org/2003/arcrole/parent-child" xlink:from="lbl_OtherLiabilitiesSupplementaryChargeForRingFenceTradesUnderSection501AICTA" xlink:to="lbl_OtherLiabilitiesSupplementaryChargeUnderS501AICTASupplementaryChargeAt20PerCent" xlink:type="arc"/>
      <link:loc xlink:href="ct-default-2013-07-21.xsd#ct-default_OtherLiabilitiesSupplementaryChargeUnderS330CTA10SupplementaryChargeAt32PerCent" xlink:label="lbl_OtherLiabilitiesSupplementaryChargeUnderS330CTA10SupplementaryChargeAt32PerCent" xlink:type="locator"/>
      <link:presentationArc order="14.0" xlink:arcrole="http://www.xbrl.org/2003/arcrole/parent-child" xlink:from="lbl_OtherLiabilitiesSupplementaryChargeForRingFenceTradesUnderSection501AICTA" xlink:to="lbl_OtherLiabilitiesSupplementaryChargeUnderS330CTA10SupplementaryChargeAt32PerCent" xlink:type="arc"/>
      <link:loc xlink:href="ct-default-2013-07-21.xsd#ct-default_OtherLiabilitiesSupplementaryChargeForRingFenceTradesUnderSection501AICTATaxAtSupplemantaryChargeRate" xlink:label="lbl_OtherLiabilitiesSupplementaryChargeForRingFenceTradesUnderSection501AICTATaxAtSupplemantaryChargeRate" xlink:type="locator"/>
      <link:presentationArc order="15.0" xlink:arcrole="http://www.xbrl.org/2003/arcrole/parent-child" xlink:from="lbl_OtherLiabilitiesSupplementaryChargeForRingFenceTradesUnderSection501AICTA" xlink:to="lbl_OtherLiabilitiesSupplementaryChargeForRingFenceTradesUnderSection501AICTATaxAtSupplemantaryChargeRate" xlink:type="arc"/>
      <link:loc xlink:href="ct-default-2013-07-21.xsd#ct-default_OtherLiabilitiesSupplementaryChargeForRingFenceTradesUnderSection501AICTALossesArisingInPeriod" xlink:label="lbl_OtherLiabilitiesSupplementaryChargeForRingFenceTradesUnderSection501AICTALossesArisingInPeriod" xlink:type="locator"/>
      <link:presentationArc order="16.0" xlink:arcrole="http://www.xbrl.org/2003/arcrole/parent-child" xlink:from="lbl_OtherLiabilitiesSupplementaryChargeForRingFenceTradesUnderSection501AICTA" xlink:to="lbl_OtherLiabilitiesSupplementaryChargeForRingFenceTradesUnderSection501AICTALossesArisingInPeriod" xlink:type="arc"/>
      <link:loc xlink:href="ct-default-2013-07-21.xsd#ct-default_OtherLiabilitiesSupplementaryChargeForRingFenceTradesUnderSection501AICTARingFenceCorporationTax" xlink:label="lbl_OtherLiabilitiesSupplementaryChargeForRingFenceTradesUnderSection501AICTARingFenceCorporationTax" xlink:type="locator"/>
      <link:presentationArc order="17.0" xlink:arcrole="http://www.xbrl.org/2003/arcrole/parent-child" xlink:from="lbl_OtherLiabilitiesSupplementaryChargeForRingFenceTradesUnderSection501AICTA" xlink:to="lbl_OtherLiabilitiesSupplementaryChargeForRingFenceTradesUnderSection501AICTARingFenceCorporationTax" xlink:type="arc"/>
      <link:loc xlink:href="ct-default-2013-07-21.xsd#ct-default_OtherLiabilitiesSupplementaryChargeUnderS501AICTA" xlink:label="lbl_OtherLiabilitiesSupplementaryChargeUnderS501AICTA" xlink:type="locator"/>
      <link:presentationArc order="18.0" xlink:arcrole="http://www.xbrl.org/2003/arcrole/parent-child" xlink:from="lbl_OtherLiabilitiesSupplementaryChargeForRingFenceTradesUnderSection501AICTA" xlink:to="lbl_OtherLiabilitiesSupplementaryChargeUnderS501AICTA" xlink:type="arc"/>
      <link:loc xlink:href="ct-default-2013-07-21.xsd#ct-default_OtherLiabilitiesRingFenceTradeLosses" xlink:label="lbl_OtherLiabilitiesRingFenceTradeLosses" xlink:type="locator"/>
      <link:presentationArc order="5.0" xlink:arcrole="http://www.xbrl.org/2003/arcrole/parent-child" xlink:from="lbl_OtherLiabilities" xlink:to="lbl_OtherLiabilitiesRingFenceTradeLosses" xlink:type="arc"/>
      <link:loc xlink:href="ct-default-2013-07-21.xsd#ct-default_OtherLiabilitiesRingFenceTradeLossesLossesBF" xlink:label="lbl_OtherLiabilitiesRingFenceTradeLossesLossesBF" xlink:type="locator"/>
      <link:presentationArc order="1.0" xlink:arcrole="http://www.xbrl.org/2003/arcrole/parent-child" xlink:from="lbl_OtherLiabilitiesRingFenceTradeLosses" xlink:to="lbl_OtherLiabilitiesRingFenceTradeLossesLossesBF" xlink:type="arc"/>
      <link:presentationArc order="2.0" xlink:arcrole="http://www.xbrl.org/2003/arcrole/parent-child" xlink:from="lbl_OtherLiabilitiesRingFenceTradeLosses" xlink:to="lbl_OtherLiabilitiesSupplementaryChargeForRingFenceTradesUnderSection501AICTALossesBFOrFromLaterPeriodAndPRTDecommissioningAdjustment" xlink:type="arc"/>
      <link:presentationArc order="3.0" xlink:arcrole="http://www.xbrl.org/2003/arcrole/parent-child" xlink:from="lbl_OtherLiabilitiesRingFenceTradeLosses" xlink:to="lbl_OtherLiabilitiesSupplementaryChargeForRingFenceTradesUnderSection501AICTALossesArisingInPeriod" xlink:type="arc"/>
      <link:loc xlink:href="ct-default-2013-07-21.xsd#ct-default_OtherLiabilitiesRingFenceTradeLossesLossesCF" xlink:label="lbl_OtherLiabilitiesRingFenceTradeLossesLossesCF" xlink:type="locator"/>
      <link:presentationArc order="4.0" xlink:arcrole="http://www.xbrl.org/2003/arcrole/parent-child" xlink:from="lbl_OtherLiabilitiesRingFenceTradeLosses" xlink:to="lbl_OtherLiabilitiesRingFenceTradeLossesLossesCF" xlink:type="arc"/>
      <link:loc xlink:href="ct-default-2013-07-21.xsd#ct-default_OtherLiabilitiesAdjustments" xlink:label="lbl_OtherLiabilitiesAdjustments" xlink:type="locator"/>
      <link:presentationArc order="6.0" xlink:arcrole="http://www.xbrl.org/2003/arcrole/parent-child" xlink:from="lbl_OtherLiabilities" xlink:to="lbl_OtherLiabilitiesAdjustments" xlink:type="arc"/>
      <link:loc xlink:href="ct-default-2013-07-21.xsd#ct-default_OtherLiabilitiesAdjustmentsTaxArbitrage" xlink:label="lbl_OtherLiabilitiesAdjustmentsTaxArbitrage" xlink:type="locator"/>
      <link:presentationArc order="1.0" xlink:arcrole="http://www.xbrl.org/2003/arcrole/parent-child" xlink:from="lbl_OtherLiabilitiesAdjustments" xlink:to="lbl_OtherLiabilitiesAdjustmentsTaxArbitrage" xlink:type="arc"/>
      <link:loc xlink:href="ct-default-2013-07-21.xsd#ct-default_OtherLiabilitiesSupplementaryChargeForRingFenceTradesUnderSection501AICTADisallowedFinancingCostsCompany" xlink:label="ct-default_OtherLiabilitiesSupplementaryChargeForRingFenceTradesUnderSection501AICTADisallowedFinancingCostsCompany" xlink:type="locator"/>
      <link:loc xlink:href="ct-default-2013-07-21.xsd#ct-default_OtherLiabilitiesSupplementaryChargeForRingFenceTradesUnderSection501AICTADecommissioningAdjustmentCompany" xlink:label="ct-default_OtherLiabilitiesSupplementaryChargeForRingFenceTradesUnderSection501AICTADecommissioningAdjustmentCompany" xlink:type="locator"/>
      <link:loc xlink:href="ct-default-2013-07-21.xsd#ct-default_OtherLiabilitiesSupplementaryChargeForRingFenceTradesUnderSection501AICTADisallowedFinancingCostsLossReliefSurrendered" xlink:label="ct-default_OtherLiabilitiesSupplementaryChargeForRingFenceTradesUnderSection501AICTADisallowedFinancingCostsLossReliefSurrendered" xlink:type="locator"/>
      <link:loc xlink:href="ct-default-2013-07-21.xsd#ct-default_OtherLiabilitiesSupplementaryChargeForRingFenceTradesUnderSection501AICTADecommissioningAdjustmentLossReliefSurrendered" xlink:label="ct-default_OtherLiabilitiesSupplementaryChargeForRingFenceTradesUnderSection501AICTADecommissioningAdjustmentLossReliefSurrendered" xlink:type="locator"/>
      <link:loc xlink:href="ct-default-2013-07-21.xsd#ct-default_OtherLiabilitiesSupplementaryChargeForRingFenceTradesUnderSection501AICTALossesBFOrFromLaterPeriod" xlink:label="ct-default_OtherLiabilitiesSupplementaryChargeForRingFenceTradesUnderSection501AICTALossesBFOrFromLaterPeriod" xlink:type="locator"/>
      <link:loc xlink:href="ct-default-2013-07-21.xsd#ct-default_OtherLiabilitiesSupplementaryChargeForRingFenceTradesUnderSection501AICTAPRTDecommissioningAdjustment" xlink:label="ct-default_OtherLiabilitiesSupplementaryChargeForRingFenceTradesUnderSection501AICTAPRTDecommissioningAdjustment" xlink:type="locator"/>
      <link:presentationArc order="1.0" xlink:arcrole="http://www.xbrl.org/2003/arcrole/parent-child" xlink:from="lbl_OtherLiabilitiesSupplementaryChargeForRingFenceTradesUnderSection501AICTADisallowedFinancingAndDecommissioningCostsCompany" xlink:to="ct-default_OtherLiabilitiesSupplementaryChargeForRingFenceTradesUnderSection501AICTADisallowedFinancingCostsCompany" xlink:type="arc"/>
      <link:presentationArc order="2.0" xlink:arcrole="http://www.xbrl.org/2003/arcrole/parent-child" xlink:from="lbl_OtherLiabilitiesSupplementaryChargeForRingFenceTradesUnderSection501AICTADisallowedFinancingAndDecommissioningCostsCompany" xlink:to="ct-default_OtherLiabilitiesSupplementaryChargeForRingFenceTradesUnderSection501AICTADecommissioningAdjustmentCompany" xlink:type="arc"/>
      <link:presentationArc order="1.0" xlink:arcrole="http://www.xbrl.org/2003/arcrole/parent-child" xlink:from="lbl_OtherLiabilitiesSupplementaryChargeForRingFenceTradesUnderSection501AICTADisallowedFinancingAndDecommissioningCostsLossReliefSurrendered" xlink:to="ct-default_OtherLiabilitiesSupplementaryChargeForRingFenceTradesUnderSection501AICTADisallowedFinancingCostsLossReliefSurrendered" xlink:type="arc"/>
      <link:presentationArc order="2.0" xlink:arcrole="http://www.xbrl.org/2003/arcrole/parent-child" xlink:from="lbl_OtherLiabilitiesSupplementaryChargeForRingFenceTradesUnderSection501AICTADisallowedFinancingAndDecommissioningCostsLossReliefSurrendered" xlink:to="ct-default_OtherLiabilitiesSupplementaryChargeForRingFenceTradesUnderSection501AICTADecommissioningAdjustmentLossReliefSurrendered" xlink:type="arc"/>
      <link:presentationArc order="1.0" xlink:arcrole="http://www.xbrl.org/2003/arcrole/parent-child" xlink:from="lbl_OtherLiabilitiesSupplementaryChargeForRingFenceTradesUnderSection501AICTALossesBFOrFromLaterPeriodAndPRTDecommissioningAdjustment" xlink:to="ct-default_OtherLiabilitiesSupplementaryChargeForRingFenceTradesUnderSection501AICTALossesBFOrFromLaterPeriod" xlink:type="arc"/>
      <link:presentationArc order="2.0" xlink:arcrole="http://www.xbrl.org/2003/arcrole/parent-child" xlink:from="lbl_OtherLiabilitiesSupplementaryChargeForRingFenceTradesUnderSection501AICTALossesBFOrFromLaterPeriodAndPRTDecommissioningAdjustment" xlink:to="ct-default_OtherLiabilitiesSupplementaryChargeForRingFenceTradesUnderSection501AICTAPRTDecommissioningAdjustment" xlink:type="arc"/>
   </link:presentationLink>
</linkbase>
