<?xml version="1.0" encoding="UTF-8" standalone="yes"?>
<linkbase xmlns:xsi="http://www.w3.org/2001/XMLSchema-instance" xmlns="http://www.xbrl.org/2003/linkbase" xmlns:xlink="http://www.w3.org/1999/xlink" xsi:schemaLocation="http://www.xbrl.org/2003/linkbase http://www.xbrl.org/2003/xbrl-linkbase-2003-12-31.xsd">
  <roleRef roleURI="http://www.govtalk.gov.uk/uk/fr/tax/dpl-core/2013-02-01/role/FullDetailedProfitandLoss" xlink:type="simple" xlink:href="../../dpl-core/2013-02-01/dpl-2013-02-01.xsd#fullDetailedProfitandLoss_18a782d"/>
  <presentationLink xlink:type="extended" xlink:role="http://www.govtalk.gov.uk/uk/fr/tax/dpl-core/2013-02-01/role/FullDetailedProfitandLoss">
    <loc xlink:type="locator" xlink:href="../../dpl-core/2013-02-01/dpl-2013-02-01.xsd#dpl_StocksInventoriesStartEndPeriodHeading" xlink:label="dpl_StocksInventoriesStartEndPeriodHeading" xlink:title="presentation: StocksInventoriesStartEndPeriodHeading to Inventories"/>
    <loc xlink:type="locator" xlink:href="http://xbrl.iasb.org/taxonomy/2009-04-01/ifrs-cor_2009-04-01.xsd#ifrs_Inventories" xlink:label="ifrs_Inventories" xlink:title="presentation: StocksInventoriesStartEndPeriodHeading to Inventories"/>
    <presentationArc xlink:type="arc" xlink:arcrole="http://www.xbrl.org/2003/arcrole/parent-child" xlink:from="dpl_StocksInventoriesStartEndPeriodHeading" xlink:to="ifrs_Inventories" xlink:title="presentation: StocksInventoriesStartEndPeriodHeading to Inventories" use="optional" order="2.0" preferredLabel="http://www.xbrl.org/2003/role/label"/>
    <loc xlink:type="locator" xlink:href="http://xbrl.iasb.org/taxonomy/2009-04-01/ifrs-cor_2009-04-01.xsd#ifrs_RawMaterials" xlink:label="ifrs_RawMaterials" xlink:title="presentation: Inventories to RawMaterials"/>
    <presentationArc xlink:type="arc" xlink:arcrole="http://www.xbrl.org/2003/arcrole/parent-child" xlink:from="ifrs_Inventories" xlink:to="ifrs_RawMaterials" xlink:title="presentation: Inventories to RawMaterials" use="optional" order="1.0"/>
    <loc xlink:type="locator" xlink:href="http://xbrl.iasb.org/taxonomy/2009-04-01/ifrs-cor_2009-04-01.xsd#ifrs_Merchandise" xlink:label="ifrs_Merchandise" xlink:title="presentation: Inventories to Merchandise"/>
    <presentationArc xlink:type="arc" xlink:arcrole="http://www.xbrl.org/2003/arcrole/parent-child" xlink:from="ifrs_Inventories" xlink:to="ifrs_Merchandise" xlink:title="presentation: Inventories to Merchandise" use="optional" order="2.0"/>
    <loc xlink:type="locator" xlink:href="http://xbrl.iasb.org/taxonomy/2009-04-01/ifrs-cor_2009-04-01.xsd#ifrs_ProductionSupplies" xlink:label="ifrs_ProductionSupplies" xlink:title="presentation: Inventories to ProductionSupplies"/>
    <presentationArc xlink:type="arc" xlink:arcrole="http://www.xbrl.org/2003/arcrole/parent-child" xlink:from="ifrs_Inventories" xlink:to="ifrs_ProductionSupplies" xlink:title="presentation: Inventories to ProductionSupplies" use="optional" order="3.0"/>
    <loc xlink:type="locator" xlink:href="http://xbrl.iasb.org/taxonomy/2009-04-01/ifrs-cor_2009-04-01.xsd#ifrs_WorkInProgress" xlink:label="ifrs_WorkInProgress" xlink:title="presentation: Inventories to WorkInProgress"/>
    <presentationArc xlink:type="arc" xlink:arcrole="http://www.xbrl.org/2003/arcrole/parent-child" xlink:from="ifrs_Inventories" xlink:to="ifrs_WorkInProgress" xlink:title="presentation: Inventories to WorkInProgress" use="optional" order="4.0"/>
    <loc xlink:type="locator" xlink:href="http://xbrl.iasb.org/taxonomy/2009-04-01/ifrs-cor_2009-04-01.xsd#ifrs_FinishedGoods" xlink:label="ifrs_FinishedGoods" xlink:title="presentation: Inventories to FinishedGoods"/>
    <presentationArc xlink:type="arc" xlink:arcrole="http://www.xbrl.org/2003/arcrole/parent-child" xlink:from="ifrs_Inventories" xlink:to="ifrs_FinishedGoods" xlink:title="presentation: Inventories to FinishedGoods" use="optional" order="5.0"/>
    <loc xlink:type="locator" xlink:href="http://xbrl.iasb.org/taxonomy/2009-04-01/ifrs-cor_2009-04-01.xsd#ifrs_OtherInventories" xlink:label="ifrs_OtherInventories" xlink:title="presentation: Inventories to OtherInventories"/>
    <presentationArc xlink:type="arc" xlink:arcrole="http://www.xbrl.org/2003/arcrole/parent-child" xlink:from="ifrs_Inventories" xlink:to="ifrs_OtherInventories" xlink:title="presentation: Inventories to OtherInventories" use="optional" order="6.0"/>
    <loc xlink:type="locator" xlink:href="../../dpl-core/2013-02-01/dpl-2013-02-01.xsd#dpl_IncreaseDecreaseInStocksInventories" xlink:label="dpl_IncreaseDecreaseInStocksInventories"/>
    <loc xlink:type="locator" xlink:href="dpl-ifrs-2013-02-01.xsd#dpl-ifrs_IncreaseDecreaseInRawMaterials" xlink:label="dpl-ifrs_IncreaseDecreaseInRawMaterials"/>
    <presentationArc xlink:type="arc" xlink:arcrole="http://www.xbrl.org/2003/arcrole/parent-child" xlink:from="dpl_IncreaseDecreaseInStocksInventories" xlink:to="dpl-ifrs_IncreaseDecreaseInRawMaterials" use="optional" order="1.0"/>
    <loc xlink:type="locator" xlink:href="dpl-ifrs-2013-02-01.xsd#dpl-ifrs_IncreaseDecreaseInMerchandise" xlink:label="dpl-ifrs_IncreaseDecreaseInMerchandise"/>
    <presentationArc xlink:type="arc" xlink:arcrole="http://www.xbrl.org/2003/arcrole/parent-child" xlink:from="dpl_IncreaseDecreaseInStocksInventories" xlink:to="dpl-ifrs_IncreaseDecreaseInMerchandise" use="optional" order="2.0"/>
    <loc xlink:type="locator" xlink:href="dpl-ifrs-2013-02-01.xsd#dpl-ifrs_IncreaseDecreaseInProductionSupplies" xlink:label="dpl-ifrs_IncreaseDecreaseInProductionSupplies"/>
    <presentationArc xlink:type="arc" xlink:arcrole="http://www.xbrl.org/2003/arcrole/parent-child" xlink:from="dpl_IncreaseDecreaseInStocksInventories" xlink:to="dpl-ifrs_IncreaseDecreaseInProductionSupplies" use="optional" order="3.0"/>
    <loc xlink:type="locator" xlink:href="dpl-ifrs-2013-02-01.xsd#dpl-ifrs_IncreaseDecreaseInWorkInProgress" xlink:label="dpl-ifrs_IncreaseDecreaseInWorkInProgress" xlink:title="presentation: IncreaseDecreaseInStocksInventories to IncreaseDecreaseInWorkInProgress"/>
    <presentationArc xlink:type="arc" xlink:arcrole="http://www.xbrl.org/2003/arcrole/parent-child" xlink:from="dpl_IncreaseDecreaseInStocksInventories" xlink:to="dpl-ifrs_IncreaseDecreaseInWorkInProgress" xlink:title="presentation: IncreaseDecreaseInStocksInventories to IncreaseDecreaseInWorkInProgress" use="optional" order="4.0"/>
    <loc xlink:type="locator" xlink:href="dpl-ifrs-2013-02-01.xsd#dpl-ifrs_IncreaseDecreaseInFinishedGoods" xlink:label="dpl-ifrs_IncreaseDecreaseInFinishedGoods" xlink:title="presentation: IncreaseDecreaseInStocksInventories to IncreaseDecreaseInFinishedGoods"/>
    <presentationArc xlink:type="arc" xlink:arcrole="http://www.xbrl.org/2003/arcrole/parent-child" xlink:from="dpl_IncreaseDecreaseInStocksInventories" xlink:to="dpl-ifrs_IncreaseDecreaseInFinishedGoods" xlink:title="presentation: IncreaseDecreaseInStocksInventories to IncreaseDecreaseInFinishedGoods" use="optional" order="5.0"/>
    <loc xlink:type="locator" xlink:href="dpl-ifrs-2013-02-01.xsd#dpl-ifrs_IncreaseDecreaseInOtherInventories" xlink:label="dpl-ifrs_IncreaseDecreaseInOtherInventories"/>
    <presentationArc xlink:type="arc" xlink:arcrole="http://www.xbrl.org/2003/arcrole/parent-child" xlink:from="dpl_IncreaseDecreaseInStocksInventories" xlink:to="dpl-ifrs_IncreaseDecreaseInOtherInventories" use="optional" order="6.0"/>
    <loc xlink:type="locator" xlink:href="../../dpl-core/2013-02-01/dpl-2013-02-01.xsd#dpl_TradingIncomeHeading" xlink:label="dpl_TradingIncomeHeading" xlink:title="presentation: TradingIncomeHeading to Revenue"/>
    <loc xlink:type="locator" xlink:href="http://xbrl.iasb.org/taxonomy/2009-04-01/ifrs-cor_2009-04-01.xsd#ifrs_Revenue" xlink:label="ifrs_Revenue" xlink:title="presentation: TradingIncomeHeading to Revenue"/>
    <presentationArc xlink:type="arc" xlink:arcrole="http://www.xbrl.org/2003/arcrole/parent-child" xlink:from="dpl_TradingIncomeHeading" xlink:to="ifrs_Revenue" xlink:title="presentation: TradingIncomeHeading to Revenue" use="optional" order="1.5"/>
    <loc xlink:type="locator" xlink:href="../../dpl-core/2013-02-01/dpl-2013-02-01.xsd#dpl_OtherOperatingIncomeNetItemsHeading" xlink:label="dpl_OtherOperatingIncomeNetItemsHeading"/>
    <loc xlink:type="locator" xlink:href="http://www.xbrl.org/uk/ifrs/core/2009-09-01/uk-ifrs-2009-09-01.xsd#uk-ifrs_OtherOperatingIncome" xlink:label="uk-ifrs_OtherOperatingIncome"/>
    <presentationArc xlink:type="arc" xlink:arcrole="http://www.xbrl.org/2003/arcrole/parent-child" xlink:from="dpl_OtherOperatingIncomeNetItemsHeading" xlink:to="uk-ifrs_OtherOperatingIncome" use="optional" order="0.5"/>
    <loc xlink:type="locator" xlink:href="../../dpl-core/2013-02-01/dpl-2013-02-01.xsd#dpl_Non-operatingIncomeNetItemsHeading" xlink:label="dpl_Non-operatingIncomeNetItemsHeading" xlink:title="presentation: Non-operatingIncomeNetItemsHeading to IncomeFromOtherInvestments"/>
    <loc xlink:type="locator" xlink:href="dpl-ifrs-2013-02-01.xsd#dpl-ifrs_IncomeFromOtherInvestments" xlink:label="dpl-ifrs_IncomeFromOtherInvestments" xlink:title="presentation: Non-operatingIncomeNetItemsHeading to IncomeFromOtherInvestments"/>
    <presentationArc xlink:type="arc" xlink:arcrole="http://www.xbrl.org/2003/arcrole/parent-child" xlink:from="dpl_Non-operatingIncomeNetItemsHeading" xlink:to="dpl-ifrs_IncomeFromOtherInvestments" xlink:title="presentation: Non-operatingIncomeNetItemsHeading to IncomeFromOtherInvestments" use="optional" order="1.5"/>
    <loc xlink:type="locator" xlink:href="dpl-ifrs-2013-02-01.xsd#dpl-ifrs_Post-taxGainLossRecognisedOnDisposalDiscontinuedOperations" xlink:label="dpl-ifrs_Post-taxGainLossRecognisedOnDisposalDiscontinuedOperations"/>
    <presentationArc xlink:type="arc" xlink:arcrole="http://www.xbrl.org/2003/arcrole/parent-child" xlink:from="dpl_Non-operatingIncomeNetItemsHeading" xlink:to="dpl-ifrs_Post-taxGainLossRecognisedOnDisposalDiscontinuedOperations" use="optional" order="2.4"/>
    <loc xlink:type="locator" xlink:href="http://www.xbrl.org/uk/ifrs/core/2009-09-01/uk-ifrs-2009-09-01.xsd#uk-ifrs_GainLossFromFairValueAdjustmentBiologicalAssets" xlink:label="uk-ifrs_GainLossFromFairValueAdjustmentBiologicalAssets" xlink:title="presentation: Non-operatingIncomeNetItemsHeading to GainLossFromFairValueAdjustmentBiologicalAssets"/>
    <presentationArc xlink:type="arc" xlink:arcrole="http://www.xbrl.org/2003/arcrole/parent-child" xlink:from="dpl_Non-operatingIncomeNetItemsHeading" xlink:to="uk-ifrs_GainLossFromFairValueAdjustmentBiologicalAssets" xlink:title="presentation: Non-operatingIncomeNetItemsHeading to GainLossFromFairValueAdjustmentBiologicalAssets" use="optional" order="2.6"/>
    <loc xlink:type="locator" xlink:href="http://www.xbrl.org/uk/ifrs/core/2009-09-01/uk-ifrs-2009-09-01.xsd#uk-ifrs_GainLossFromFairValueAdjustmentInvestmentPropertyRecognisedInProfitOrLoss" xlink:label="uk-ifrs_GainLossFromFairValueAdjustmentInvestmentPropertyRecognisedInProfitOrLoss" xlink:title="presentation: Non-operatingIncomeNetItemsHeading to GainLossFromFairValueAdjustmentInvestmentPropertyRecognisedInProfitOrLoss"/>
    <presentationArc xlink:type="arc" xlink:arcrole="http://www.xbrl.org/2003/arcrole/parent-child" xlink:from="dpl_Non-operatingIncomeNetItemsHeading" xlink:to="uk-ifrs_GainLossFromFairValueAdjustmentInvestmentPropertyRecognisedInProfitOrLoss" xlink:title="presentation: Non-operatingIncomeNetItemsHeading to GainLossFromFairValueAdjustmentInvestmentPropertyRecognisedInProfitOrLoss" use="optional" order="2.5"/>
    <loc xlink:type="locator" xlink:href="../../dpl-core/2013-02-01/dpl-2013-02-01.xsd#dpl_OtherItemsHeading" xlink:label="dpl_OtherItemsHeading" xlink:title="presentation: OtherItemsHeading to GainsLossesOnDisposalsOfPropertyPlantAndEquipment"/>
    <loc xlink:type="locator" xlink:href="http://xbrl.iasb.org/taxonomy/2009-04-01/ifrs-cor_2009-04-01.xsd#ifrs_GainsLossesOnDisposalsOfPropertyPlantAndEquipment" xlink:label="ifrs_GainsLossesOnDisposalsOfPropertyPlantAndEquipment" xlink:title="presentation: OtherItemsHeading to GainsLossesOnDisposalsOfPropertyPlantAndEquipment"/>
    <presentationArc xlink:type="arc" xlink:arcrole="http://www.xbrl.org/2003/arcrole/parent-child" xlink:from="dpl_OtherItemsHeading" xlink:to="ifrs_GainsLossesOnDisposalsOfPropertyPlantAndEquipment" xlink:title="presentation: OtherItemsHeading to GainsLossesOnDisposalsOfPropertyPlantAndEquipment" use="optional" order="0.4"/>
    <loc xlink:type="locator" xlink:href="http://xbrl.iasb.org/taxonomy/2009-04-01/ifrs-cor_2009-04-01.xsd#ifrs_OtherWorkPerformedByEntityAndCapitalised" xlink:label="ifrs_OtherWorkPerformedByEntityAndCapitalised" xlink:title="presentation: OtherItemsHeading to OtherWorkPerformedByEntityAndCapitalised"/>
    <presentationArc xlink:type="arc" xlink:arcrole="http://www.xbrl.org/2003/arcrole/parent-child" xlink:from="dpl_OtherItemsHeading" xlink:to="ifrs_OtherWorkPerformedByEntityAndCapitalised" xlink:title="presentation: OtherItemsHeading to OtherWorkPerformedByEntityAndCapitalised" use="optional" order="0.2"/>
    <loc xlink:type="locator" xlink:href="http://www.xbrl.org/uk/ifrs/core/2009-09-01/uk-ifrs-2009-09-01.xsd#uk-ifrs_GainLossFromChangesInProvisions" xlink:label="uk-ifrs_GainLossFromChangesInProvisions" xlink:title="presentation: OtherItemsHeading to GainLossFromChangesInProvisions"/>
    <presentationArc xlink:type="arc" xlink:arcrole="http://www.xbrl.org/2003/arcrole/parent-child" xlink:from="dpl_OtherItemsHeading" xlink:to="uk-ifrs_GainLossFromChangesInProvisions" xlink:title="presentation: OtherItemsHeading to GainLossFromChangesInProvisions" use="optional" order="0.6"/>
    <loc xlink:type="locator" xlink:href="http://www.xbrl.org/uk/ifrs/core/2009-09-01/uk-ifrs-2009-09-01.xsd#uk-ifrs_GainLossOnDisposalsIntangibleAssets" xlink:label="uk-ifrs_GainLossOnDisposalsIntangibleAssets" xlink:title="presentation: OtherItemsHeading to GainLossOnDisposalsIntangibleAssets"/>
    <presentationArc xlink:type="arc" xlink:arcrole="http://www.xbrl.org/2003/arcrole/parent-child" xlink:from="dpl_OtherItemsHeading" xlink:to="uk-ifrs_GainLossOnDisposalsIntangibleAssets" xlink:title="presentation: OtherItemsHeading to GainLossOnDisposalsIntangibleAssets" use="optional" order="0.5"/>
    <loc xlink:type="locator" xlink:href="http://www.xbrl.org/uk/ifrs/core/2009-09-01/uk-ifrs-2009-09-01.xsd#uk-ifrs_GainLossOnNegativeGoodwillbargainPurchasesReleasedToIncome" xlink:label="uk-ifrs_GainLossOnNegativeGoodwillbargainPurchasesReleasedToIncome" xlink:title="presentation: OtherItemsHeading to GainLossOnNegativeGoodwillbargainPurchasesReleasedToIncome"/>
    <presentationArc xlink:type="arc" xlink:arcrole="http://www.xbrl.org/2003/arcrole/parent-child" xlink:from="dpl_OtherItemsHeading" xlink:to="uk-ifrs_GainLossOnNegativeGoodwillbargainPurchasesReleasedToIncome" xlink:title="presentation: OtherItemsHeading to GainLossOnNegativeGoodwillbargainPurchasesReleasedToIncome" use="optional" order="1.4"/>
    <loc xlink:type="locator" xlink:href="../../dpl-core/2013-02-01/dpl-2013-02-01.xsd#dpl_FinanceIncomeNetItemsHeading" xlink:label="dpl_FinanceIncomeNetItemsHeading" xlink:title="presentation: FinanceIncomeNetItemsHeading to ExpenseIncomeFromExpectedReturnOnAssetsDefinedBenefitScheme"/>
    <loc xlink:type="locator" xlink:href="http://www.xbrl.org/uk/ifrs/core/2009-09-01/uk-ifrs-2009-09-01.xsd#uk-ifrs_ExpenseIncomeFromExpectedReturnOnAssetsDefinedBenefitScheme" xlink:label="uk-ifrs_ExpenseIncomeFromExpectedReturnOnAssetsDefinedBenefitScheme" xlink:title="presentation: FinanceIncomeNetItemsHeading to ExpenseIncomeFromExpectedReturnOnAssetsDefinedBenefitScheme"/>
    <presentationArc xlink:type="arc" xlink:arcrole="http://www.xbrl.org/2003/arcrole/parent-child" xlink:from="dpl_FinanceIncomeNetItemsHeading" xlink:to="uk-ifrs_ExpenseIncomeFromExpectedReturnOnAssetsDefinedBenefitScheme" xlink:title="presentation: FinanceIncomeNetItemsHeading to ExpenseIncomeFromExpectedReturnOnAssetsDefinedBenefitScheme" use="optional" order="3.4"/>
    <loc xlink:type="locator" xlink:href="http://www.xbrl.org/uk/ifrs/core/2009-09-01/uk-ifrs-2009-09-01.xsd#uk-ifrs_ExpenseIncomeFromInterestCostDefinedBenefitScheme" xlink:label="uk-ifrs_ExpenseIncomeFromInterestCostDefinedBenefitScheme" xlink:title="presentation: FinanceIncomeNetItemsHeading to ExpenseIncomeFromInterestCostDefinedBenefitScheme"/>
    <presentationArc xlink:type="arc" xlink:arcrole="http://www.xbrl.org/2003/arcrole/parent-child" xlink:from="dpl_FinanceIncomeNetItemsHeading" xlink:to="uk-ifrs_ExpenseIncomeFromInterestCostDefinedBenefitScheme" xlink:title="presentation: FinanceIncomeNetItemsHeading to ExpenseIncomeFromInterestCostDefinedBenefitScheme" use="optional" order="3.5"/>
    <loc xlink:type="locator" xlink:href="../../dpl-core/2013-02-01/dpl-2013-02-01.xsd#dpl_PropertyPlantRelatedCostsHeading" xlink:label="dpl_PropertyPlantRelatedCostsHeading" xlink:title="presentation: PropertyPlantRelatedCostsHeading to TotalOperatingLeasePayments"/>
    <loc xlink:type="locator" xlink:href="http://www.xbrl.org/uk/ifrs/core/2009-09-01/uk-ifrs-2009-09-01.xsd#uk-ifrs_TotalOperatingLeasePayments" xlink:label="uk-ifrs_TotalOperatingLeasePayments" xlink:title="presentation: PropertyPlantRelatedCostsHeading to TotalOperatingLeasePayments"/>
    <presentationArc xlink:type="arc" xlink:arcrole="http://www.xbrl.org/2003/arcrole/parent-child" xlink:from="dpl_PropertyPlantRelatedCostsHeading" xlink:to="uk-ifrs_TotalOperatingLeasePayments" xlink:title="presentation: PropertyPlantRelatedCostsHeading to TotalOperatingLeasePayments" use="optional" order="2.4"/>
    <loc xlink:type="locator" xlink:href="../../dpl-core/2013-02-01/dpl-2013-02-01.xsd#dpl_DepreciationAmortisationImpairmentCostsHeading" xlink:label="dpl_DepreciationAmortisationImpairmentCostsHeading" xlink:title="presentation: DepreciationAmortisationImpairmentCostsHeading to DepreciationExpensePropertyPlantEquipment"/>
    <loc xlink:type="locator" xlink:href="http://www.xbrl.org/uk/ifrs/core/2009-09-01/uk-ifrs-2009-09-01.xsd#uk-ifrs_DepreciationExpensePropertyPlantEquipment" xlink:label="uk-ifrs_DepreciationExpensePropertyPlantEquipment" xlink:title="presentation: DepreciationAmortisationImpairmentCostsHeading to DepreciationExpensePropertyPlantEquipment"/>
    <presentationArc xlink:type="arc" xlink:arcrole="http://www.xbrl.org/2003/arcrole/parent-child" xlink:from="dpl_DepreciationAmortisationImpairmentCostsHeading" xlink:to="uk-ifrs_DepreciationExpensePropertyPlantEquipment" xlink:title="presentation: DepreciationAmortisationImpairmentCostsHeading to DepreciationExpensePropertyPlantEquipment" use="optional" order="1.0"/>
    <loc xlink:type="locator" xlink:href="http://www.xbrl.org/uk/ifrs/core/2009-09-01/uk-ifrs-2009-09-01.xsd#uk-ifrs_AmortisationExpenseIntangibleAssets" xlink:label="uk-ifrs_AmortisationExpenseIntangibleAssets" xlink:title="presentation: DepreciationAmortisationImpairmentCostsHeading to AmortisationExpenseIntangibleAssets"/>
    <presentationArc xlink:type="arc" xlink:arcrole="http://www.xbrl.org/2003/arcrole/parent-child" xlink:from="dpl_DepreciationAmortisationImpairmentCostsHeading" xlink:to="uk-ifrs_AmortisationExpenseIntangibleAssets" xlink:title="presentation: DepreciationAmortisationImpairmentCostsHeading to AmortisationExpenseIntangibleAssets" use="optional" order="2.0"/>
    <loc xlink:type="locator" xlink:href="http://www.xbrl.org/uk/ifrs/core/2009-09-01/uk-ifrs-2009-09-01.xsd#uk-ifrs_ImpairmentLossReversalPropertyPlantEquipment" xlink:label="uk-ifrs_ImpairmentLossReversalPropertyPlantEquipment" xlink:title="presentation: DepreciationAmortisationImpairmentCostsHeading to ImpairmentLossReversalPropertyPlantEquipment"/>
    <presentationArc xlink:type="arc" xlink:arcrole="http://www.xbrl.org/2003/arcrole/parent-child" xlink:from="dpl_DepreciationAmortisationImpairmentCostsHeading" xlink:to="uk-ifrs_ImpairmentLossReversalPropertyPlantEquipment" xlink:title="presentation: DepreciationAmortisationImpairmentCostsHeading to ImpairmentLossReversalPropertyPlantEquipment" use="optional" order="3.0"/>
    <loc xlink:type="locator" xlink:href="http://www.xbrl.org/uk/ifrs/core/2009-09-01/uk-ifrs-2009-09-01.xsd#uk-ifrs_ImpairmentLossReversalIntangibleAssets" xlink:label="uk-ifrs_ImpairmentLossReversalIntangibleAssets" xlink:title="presentation: DepreciationAmortisationImpairmentCostsHeading to ImpairmentLossReversalIntangibleAssets"/>
    <presentationArc xlink:type="arc" xlink:arcrole="http://www.xbrl.org/2003/arcrole/parent-child" xlink:from="dpl_DepreciationAmortisationImpairmentCostsHeading" xlink:to="uk-ifrs_ImpairmentLossReversalIntangibleAssets" xlink:title="presentation: DepreciationAmortisationImpairmentCostsHeading to ImpairmentLossReversalIntangibleAssets" use="optional" order="4.0"/>
    <loc xlink:type="locator" xlink:href="dpl-ifrs-2013-02-01.xsd#dpl-ifrs_ImpairmentLossReversalInvestmentsInSubsidiariesAssociatesJoint-ventures" xlink:label="dpl-ifrs_ImpairmentLossReversalInvestmentsInSubsidiariesAssociatesJoint-ventures"/>
    <presentationArc xlink:type="arc" xlink:arcrole="http://www.xbrl.org/2003/arcrole/parent-child" xlink:from="dpl_DepreciationAmortisationImpairmentCostsHeading" xlink:to="dpl-ifrs_ImpairmentLossReversalInvestmentsInSubsidiariesAssociatesJoint-ventures" use="optional" order="5.0"/>
    <loc xlink:type="locator" xlink:href="dpl-ifrs-2013-02-01.xsd#dpl-ifrs_ForImpairmentLossReversalOnFinancialAssetsSeeFinance-relatedCostsSectionCross-reference" xlink:label="dpl-ifrs_ForImpairmentLossReversalOnFinancialAssetsSeeFinance-relatedCostsSectionCross-reference"/>
    <presentationArc xlink:type="arc" xlink:arcrole="http://www.xbrl.org/2003/arcrole/parent-child" xlink:from="dpl_DepreciationAmortisationImpairmentCostsHeading" xlink:to="dpl-ifrs_ForImpairmentLossReversalOnFinancialAssetsSeeFinance-relatedCostsSectionCross-reference" use="optional" order="6.0"/>
    <loc xlink:type="locator" xlink:href="../../dpl-core/2013-02-01/dpl-2013-02-01.xsd#dpl_StaffEmploymentRelatedCostsHeading" xlink:label="dpl_StaffEmploymentRelatedCostsHeading"/>
    <loc xlink:type="locator" xlink:href="../../dpl-core/2013-02-01/dpl-2013-02-01.xsd#dpl_Bonuses" xlink:label="dpl_Bonuses"/>
    <presentationArc xlink:type="arc" xlink:arcrole="http://www.xbrl.org/2003/arcrole/parent-child" xlink:from="dpl_StaffEmploymentRelatedCostsHeading" xlink:to="dpl_Bonuses" use="prohibited" priority="1" order="1.0"/>
    <loc xlink:type="locator" xlink:href="../../dpl-core/2013-02-01/dpl-2013-02-01.xsd#dpl_RemunerationTrustExpenses" xlink:label="dpl_RemunerationTrustExpenses" xlink:title="presentation: EmployeeBenefitsExpense to RemunerationTrustExpenses"/>
    <presentationArc xlink:type="arc" xlink:arcrole="http://www.xbrl.org/2003/arcrole/parent-child" xlink:from="dpl_StaffEmploymentRelatedCostsHeading" xlink:to="dpl_RemunerationTrustExpenses" use="prohibited" priority="1" order="2.0"/>
    <loc xlink:type="locator" xlink:href="../../dpl-core/2013-02-01/dpl-2013-02-01.xsd#dpl_OtherStaffCosts" xlink:label="dpl_OtherStaffCosts" xlink:title="presentation: EmployeeBenefitsExpense to OtherStaffCosts"/>
    <presentationArc xlink:type="arc" xlink:arcrole="http://www.xbrl.org/2003/arcrole/parent-child" xlink:from="dpl_StaffEmploymentRelatedCostsHeading" xlink:to="dpl_OtherStaffCosts" use="prohibited" priority="1" order="3.0"/>
    <loc xlink:type="locator" xlink:href="../../dpl-core/2013-02-01/dpl-2013-02-01.xsd#dpl_StaffCostsExcludingDirectors" xlink:label="dpl_StaffCostsExcludingDirectors"/>
    <loc xlink:type="locator" xlink:href="dpl-ifrs-2013-02-01.xsd#dpl-ifrs_RedundancyCostsExcludingDirectors" xlink:label="dpl-ifrs_RedundancyCostsExcludingDirectors"/>
    <presentationArc xlink:type="arc" xlink:arcrole="http://www.xbrl.org/2003/arcrole/parent-child" xlink:from="dpl_StaffCostsExcludingDirectors" xlink:to="dpl-ifrs_RedundancyCostsExcludingDirectors" use="optional" order="5.5"/>
    <loc xlink:type="locator" xlink:href="../../dpl-core/2013-02-01/dpl-2013-02-01.xsd#dpl_StaffCostsDirectors" xlink:label="dpl_StaffCostsDirectors" xlink:title="presentation: StaffCostsDirectors to SalariesFeesDirectors"/>
    <loc xlink:type="locator" xlink:href="http://www.xbrl.org/uk/reports/direp/2009-09-01/uk-direp-2009-09-01.xsd#uk-direp_SalariesFeesDirectors" xlink:label="uk-direp_SalariesFeesDirectors" xlink:title="presentation: StaffCostsDirectors to SalariesFeesDirectors"/>
    <presentationArc xlink:type="arc" xlink:arcrole="http://www.xbrl.org/2003/arcrole/parent-child" xlink:from="dpl_StaffCostsDirectors" xlink:to="uk-direp_SalariesFeesDirectors" xlink:title="presentation: StaffCostsDirectors to SalariesFeesDirectors" use="optional" order="0.4"/>
    <loc xlink:type="locator" xlink:href="http://www.xbrl.org/uk/reports/direp/2009-09-01/uk-direp-2009-09-01.xsd#uk-direp_BonusesDirectors" xlink:label="uk-direp_BonusesDirectors" xlink:title="presentation: StaffCostsDirectors to BonusesDirectors"/>
    <presentationArc xlink:type="arc" xlink:arcrole="http://www.xbrl.org/2003/arcrole/parent-child" xlink:from="dpl_StaffCostsDirectors" xlink:to="uk-direp_BonusesDirectors" xlink:title="presentation: StaffCostsDirectors to BonusesDirectors" use="optional" order="0.5"/>
    <loc xlink:type="locator" xlink:href="http://www.xbrl.org/uk/reports/direp/2009-09-01/uk-direp-2009-09-01.xsd#uk-direp_CompanyContributionsToDefinedBenefitSchemesDirectors" xlink:label="uk-direp_CompanyContributionsToDefinedBenefitSchemesDirectors" xlink:title="presentation: StaffCostsDirectors to CompanyContributionsToDefinedBenefitSchemesDirectors"/>
    <presentationArc xlink:type="arc" xlink:arcrole="http://www.xbrl.org/2003/arcrole/parent-child" xlink:from="dpl_StaffCostsDirectors" xlink:to="uk-direp_CompanyContributionsToDefinedBenefitSchemesDirectors" xlink:title="presentation: StaffCostsDirectors to CompanyContributionsToDefinedBenefitSchemesDirectors" use="optional" order="1.4"/>
    <loc xlink:type="locator" xlink:href="http://www.xbrl.org/uk/reports/direp/2009-09-01/uk-direp-2009-09-01.xsd#uk-direp_CompanyContributionsToMoneyPurchaseSchemesDirectors" xlink:label="uk-direp_CompanyContributionsToMoneyPurchaseSchemesDirectors" xlink:title="presentation: StaffCostsDirectors to CompanyContributionsToMoneyPurchaseSchemesDirectors"/>
    <presentationArc xlink:type="arc" xlink:arcrole="http://www.xbrl.org/2003/arcrole/parent-child" xlink:from="dpl_StaffCostsDirectors" xlink:to="uk-direp_CompanyContributionsToMoneyPurchaseSchemesDirectors" xlink:title="presentation: StaffCostsDirectors to CompanyContributionsToMoneyPurchaseSchemesDirectors" use="optional" order="1.5"/>
    <loc xlink:type="locator" xlink:href="http://www.xbrl.org/uk/reports/direp/2009-09-01/uk-direp-2009-09-01.xsd#uk-direp_CompensationForLossOfficeDirectors" xlink:label="uk-direp_CompensationForLossOfficeDirectors" xlink:title="presentation: StaffCostsDirectors to CompensationForLossOfficeDirectors"/>
    <presentationArc xlink:type="arc" xlink:arcrole="http://www.xbrl.org/2003/arcrole/parent-child" xlink:from="dpl_StaffCostsDirectors" xlink:to="uk-direp_CompensationForLossOfficeDirectors" xlink:title="presentation: StaffCostsDirectors to CompensationForLossOfficeDirectors" use="optional" order="3.4"/>
    <loc xlink:type="locator" xlink:href="http://www.xbrl.org/uk/reports/direp/2009-09-01/uk-direp-2009-09-01.xsd#uk-direp_PaymentsToThirdPartiesForDirectorServices" xlink:label="uk-direp_PaymentsToThirdPartiesForDirectorServices" xlink:title="presentation: StaffCostsDirectors to PaymentsToThirdPartiesForDirectorServices"/>
    <presentationArc xlink:type="arc" xlink:arcrole="http://www.xbrl.org/2003/arcrole/parent-child" xlink:from="dpl_StaffCostsDirectors" xlink:to="uk-direp_PaymentsToThirdPartiesForDirectorServices" xlink:title="presentation: StaffCostsDirectors to PaymentsToThirdPartiesForDirectorServices" use="optional" order="3.5"/>
    <loc xlink:type="locator" xlink:href="http://xbrl.iasb.org/taxonomy/2009-04-01/ifrs-cor_2009-04-01.xsd#ifrs_EmployeeBenefitsExpense" xlink:label="ifrs_EmployeeBenefitsExpense" xlink:title="presentation: StaffEmploymentRelatedCostsHeading to EmployeeBenefitsExpense"/>
    <presentationArc xlink:type="arc" xlink:arcrole="http://www.xbrl.org/2003/arcrole/parent-child" xlink:from="dpl_StaffEmploymentRelatedCostsHeading" xlink:to="ifrs_EmployeeBenefitsExpense" xlink:title="presentation: StaffEmploymentRelatedCostsHeading to EmployeeBenefitsExpense" use="optional" order="0.5" preferredLabel="http://www.xbrl.org/2003/role/label"/>
    <loc xlink:type="locator" xlink:href="http://xbrl.iasb.org/taxonomy/2009-04-01/ifrs-cor_2009-04-01.xsd#ifrs_WagesAndSalaries" xlink:label="ifrs_WagesAndSalaries" xlink:title="presentation: EmployeeBenefitsExpense to WagesAndSalaries"/>
    <presentationArc xlink:type="arc" xlink:arcrole="http://www.xbrl.org/2003/arcrole/parent-child" xlink:from="ifrs_EmployeeBenefitsExpense" xlink:to="ifrs_WagesAndSalaries" xlink:title="presentation: EmployeeBenefitsExpense to WagesAndSalaries" use="optional" order="1.0"/>
    <presentationArc xlink:type="arc" xlink:arcrole="http://www.xbrl.org/2003/arcrole/parent-child" xlink:from="ifrs_EmployeeBenefitsExpense" xlink:to="dpl_Bonuses" xlink:title="presentation: EmployeeBenefitsExpense to Bonuses" use="optional" order="1.5"/>
    <loc xlink:type="locator" xlink:href="http://www.xbrl.org/uk/ifrs/core/2009-09-01/uk-ifrs-2009-09-01.xsd#uk-ifrs_SocialSecurityCosts" xlink:label="uk-ifrs_SocialSecurityCosts" xlink:title="presentation: EmployeeBenefitsExpense to SocialSecurityCosts"/>
    <presentationArc xlink:type="arc" xlink:arcrole="http://www.xbrl.org/2003/arcrole/parent-child" xlink:from="ifrs_EmployeeBenefitsExpense" xlink:to="uk-ifrs_SocialSecurityCosts" xlink:title="presentation: EmployeeBenefitsExpense to SocialSecurityCosts" use="optional" order="3.0"/>
    <loc xlink:type="locator" xlink:href="http://www.xbrl.org/uk/ifrs/core/2009-09-01/uk-ifrs-2009-09-01.xsd#uk-ifrs_PensionCostsDefinedContributionScheme" xlink:label="uk-ifrs_PensionCostsDefinedContributionScheme" xlink:title="presentation: EmployeeBenefitsExpense to PensionCostsDefinedContributionScheme"/>
    <presentationArc xlink:type="arc" xlink:arcrole="http://www.xbrl.org/2003/arcrole/parent-child" xlink:from="ifrs_EmployeeBenefitsExpense" xlink:to="uk-ifrs_PensionCostsDefinedContributionScheme" xlink:title="presentation: EmployeeBenefitsExpense to PensionCostsDefinedContributionScheme" use="optional" order="3.4"/>
    <loc xlink:type="locator" xlink:href="http://www.xbrl.org/uk/ifrs/core/2009-09-01/uk-ifrs-2009-09-01.xsd#uk-ifrs_PensionCostsDefinedBenefitScheme" xlink:label="uk-ifrs_PensionCostsDefinedBenefitScheme" xlink:title="presentation: EmployeeBenefitsExpense to PensionCostsDefinedBenefitScheme"/>
    <presentationArc xlink:type="arc" xlink:arcrole="http://www.xbrl.org/2003/arcrole/parent-child" xlink:from="ifrs_EmployeeBenefitsExpense" xlink:to="uk-ifrs_PensionCostsDefinedBenefitScheme" xlink:title="presentation: EmployeeBenefitsExpense to PensionCostsDefinedBenefitScheme" use="optional" order="3.6"/>
    <loc xlink:type="locator" xlink:href="http://xbrl.iasb.org/taxonomy/2009-04-01/ifrs-cor_2009-04-01.xsd#ifrs_TerminationBenefitsExpense" xlink:label="ifrs_TerminationBenefitsExpense" xlink:title="presentation: EmployeeBenefitsExpense to TerminationBenefitsExpense"/>
    <presentationArc xlink:type="arc" xlink:arcrole="http://www.xbrl.org/2003/arcrole/parent-child" xlink:from="ifrs_EmployeeBenefitsExpense" xlink:to="ifrs_TerminationBenefitsExpense" xlink:title="presentation: EmployeeBenefitsExpense to TerminationBenefitsExpense" use="optional" order="6.0"/>
    <loc xlink:type="locator" xlink:href="dpl-ifrs-2013-02-01.xsd#dpl-ifrs_Share-basedPaymentsExpenses" xlink:label="dpl-ifrs_Share-basedPaymentsExpenses"/>
    <presentationArc xlink:type="arc" xlink:arcrole="http://www.xbrl.org/2003/arcrole/parent-child" xlink:from="ifrs_EmployeeBenefitsExpense" xlink:to="dpl-ifrs_Share-basedPaymentsExpenses" use="optional" order="7.0"/>
    <presentationArc xlink:type="arc" xlink:arcrole="http://www.xbrl.org/2003/arcrole/parent-child" xlink:from="ifrs_EmployeeBenefitsExpense" xlink:to="dpl_RemunerationTrustExpenses" xlink:title="presentation: EmployeeBenefitsExpense to RemunerationTrustExpenses" use="optional" order="11.0"/>
    <presentationArc xlink:type="arc" xlink:arcrole="http://www.xbrl.org/2003/arcrole/parent-child" xlink:from="ifrs_EmployeeBenefitsExpense" xlink:to="dpl_OtherStaffCosts" xlink:title="presentation: EmployeeBenefitsExpense to OtherStaffCosts" use="optional" order="12.0"/>
    <loc xlink:type="locator" xlink:href="../../dpl-core/2013-02-01/dpl-2013-02-01.xsd#dpl_Finance-relatedCostsNetItemsHeading" xlink:label="dpl_Finance-relatedCostsNetItemsHeading" xlink:title="presentation: Finance-relatedCostsNetItemsHeading to InterestOnBankOverdraftsBankLoansSimilarBorrowings"/>
    <loc xlink:type="locator" xlink:href="http://www.xbrl.org/uk/ifrs/core/2009-09-01/uk-ifrs-2009-09-01.xsd#uk-ifrs_InterestOnBankOverdraftsBankLoansSimilarBorrowings" xlink:label="uk-ifrs_InterestOnBankOverdraftsBankLoansSimilarBorrowings" xlink:title="presentation: Finance-relatedCostsNetItemsHeading to InterestOnBankOverdraftsBankLoansSimilarBorrowings"/>
    <presentationArc xlink:type="arc" xlink:arcrole="http://www.xbrl.org/2003/arcrole/parent-child" xlink:from="dpl_Finance-relatedCostsNetItemsHeading" xlink:to="uk-ifrs_InterestOnBankOverdraftsBankLoansSimilarBorrowings" xlink:title="presentation: Finance-relatedCostsNetItemsHeading to InterestOnBankOverdraftsBankLoansSimilarBorrowings" use="optional" order="0.5"/>
    <loc xlink:type="locator" xlink:href="http://www.xbrl.org/uk/ifrs/core/2009-09-01/uk-ifrs-2009-09-01.xsd#uk-ifrs_InterestOnObligationsUnderFinanceLeasesHirePurchaseContracts" xlink:label="uk-ifrs_InterestOnObligationsUnderFinanceLeasesHirePurchaseContracts" xlink:title="presentation: Finance-relatedCostsNetItemsHeading to InterestOnObligationsUnderFinanceLeasesHirePurchaseContracts"/>
    <presentationArc xlink:type="arc" xlink:arcrole="http://www.xbrl.org/2003/arcrole/parent-child" xlink:from="dpl_Finance-relatedCostsNetItemsHeading" xlink:to="uk-ifrs_InterestOnObligationsUnderFinanceLeasesHirePurchaseContracts" xlink:title="presentation: Finance-relatedCostsNetItemsHeading to InterestOnObligationsUnderFinanceLeasesHirePurchaseContracts" use="optional" order="1.4"/>
    <loc xlink:type="locator" xlink:href="http://www.xbrl.org/uk/ifrs/core/2009-09-01/uk-ifrs-2009-09-01.xsd#uk-ifrs_IncreaseDecreaseInFinanceCostsDueToAdjustmentsForProvisionsUnwindingDiscount" xlink:label="uk-ifrs_IncreaseDecreaseInFinanceCostsDueToAdjustmentsForProvisionsUnwindingDiscount" xlink:title="presentation: Finance-relatedCostsNetItemsHeading to IncreaseDecreaseInFinanceCostsDueToAdjustmentsForProvisionsUnwindingDiscount"/>
    <presentationArc xlink:type="arc" xlink:arcrole="http://www.xbrl.org/2003/arcrole/parent-child" xlink:from="dpl_Finance-relatedCostsNetItemsHeading" xlink:to="uk-ifrs_IncreaseDecreaseInFinanceCostsDueToAdjustmentsForProvisionsUnwindingDiscount" xlink:title="presentation: Finance-relatedCostsNetItemsHeading to IncreaseDecreaseInFinanceCostsDueToAdjustmentsForProvisionsUnwindingDiscount" use="optional" order="1.6"/>
    <loc xlink:type="locator" xlink:href="http://www.xbrl.org/uk/ifrs/core/2009-09-01/uk-ifrs-2009-09-01.xsd#uk-ifrs_InterestOnPreferenceSharesClassifiedAsDebt" xlink:label="uk-ifrs_InterestOnPreferenceSharesClassifiedAsDebt" xlink:title="presentation: Finance-relatedCostsNetItemsHeading to InterestOnPreferenceSharesClassifiedAsDebt"/>
    <presentationArc xlink:type="arc" xlink:arcrole="http://www.xbrl.org/2003/arcrole/parent-child" xlink:from="dpl_Finance-relatedCostsNetItemsHeading" xlink:to="uk-ifrs_InterestOnPreferenceSharesClassifiedAsDebt" xlink:title="presentation: Finance-relatedCostsNetItemsHeading to InterestOnPreferenceSharesClassifiedAsDebt" use="optional" order="1.5"/>
    <loc xlink:type="locator" xlink:href="dpl-ifrs-2013-02-01.xsd#dpl-ifrs_ImpairmentLossReversalOnFinancialAssetsNotCoveredElsewhere" xlink:label="dpl-ifrs_ImpairmentLossReversalOnFinancialAssetsNotCoveredElsewhere"/>
    <presentationArc xlink:type="arc" xlink:arcrole="http://www.xbrl.org/2003/arcrole/parent-child" xlink:from="dpl_Finance-relatedCostsNetItemsHeading" xlink:to="dpl-ifrs_ImpairmentLossReversalOnFinancialAssetsNotCoveredElsewhere" use="optional" order="3.5"/>
    <loc xlink:type="locator" xlink:href="../../dpl-core/2013-02-01/dpl-2013-02-01.xsd#dpl_OperationalAdministrationCostsHeading" xlink:label="dpl_OperationalAdministrationCostsHeading" xlink:title="presentation: OperationalAdministrationCostsHeading to ExpenseOfRestructuringActivities"/>
    <loc xlink:type="locator" xlink:href="http://xbrl.iasb.org/taxonomy/2009-04-01/ifrs-cor_2009-04-01.xsd#ifrs_ExpenseOfRestructuringActivities" xlink:label="ifrs_ExpenseOfRestructuringActivities" xlink:title="presentation: OperationalAdministrationCostsHeading to ExpenseOfRestructuringActivities"/>
    <presentationArc xlink:type="arc" xlink:arcrole="http://www.xbrl.org/2003/arcrole/parent-child" xlink:from="dpl_OperationalAdministrationCostsHeading" xlink:to="ifrs_ExpenseOfRestructuringActivities" xlink:title="presentation: OperationalAdministrationCostsHeading to ExpenseOfRestructuringActivities" use="optional" order="7.8"/>
    <loc xlink:type="locator" xlink:href="http://xbrl.iasb.org/taxonomy/2009-04-01/ifrs-cor_2009-04-01.xsd#ifrs_ResearchAndDevelopmentExpendituresRecognisedAsExpenseDuringPeriod" xlink:label="ifrs_ResearchAndDevelopmentExpendituresRecognisedAsExpenseDuringPeriod" xlink:title="presentation: OperationalAdministrationCostsHeading to ResearchAndDevelopmentExpendituresRecognisedAsExpenseDuringPeriod"/>
    <presentationArc xlink:type="arc" xlink:arcrole="http://www.xbrl.org/2003/arcrole/parent-child" xlink:from="dpl_OperationalAdministrationCostsHeading" xlink:to="ifrs_ResearchAndDevelopmentExpendituresRecognisedAsExpenseDuringPeriod" xlink:title="presentation: OperationalAdministrationCostsHeading to ResearchAndDevelopmentExpendituresRecognisedAsExpenseDuringPeriod" use="optional" order="7.6"/>
    <loc xlink:type="locator" xlink:href="http://www.xbrl.org/uk/reports/direp/2009-09-01/uk-direp-2009-09-01.xsd#uk-direp_CharitableDonations" xlink:label="uk-direp_CharitableDonations" xlink:title="presentation: OperationalAdministrationCostsHeading to CharitableDonations"/>
    <presentationArc xlink:type="arc" xlink:arcrole="http://www.xbrl.org/2003/arcrole/parent-child" xlink:from="dpl_OperationalAdministrationCostsHeading" xlink:to="uk-direp_CharitableDonations" xlink:title="presentation: OperationalAdministrationCostsHeading to CharitableDonations" use="optional" order="8.4"/>
    <loc xlink:type="locator" xlink:href="http://www.xbrl.org/uk/reports/direp/2009-09-01/uk-direp-2009-09-01.xsd#uk-direp_PoliticalDonations" xlink:label="uk-direp_PoliticalDonations" xlink:title="presentation: OperationalAdministrationCostsHeading to PoliticalDonations"/>
    <presentationArc xlink:type="arc" xlink:arcrole="http://www.xbrl.org/2003/arcrole/parent-child" xlink:from="dpl_OperationalAdministrationCostsHeading" xlink:to="uk-direp_PoliticalDonations" xlink:title="presentation: OperationalAdministrationCostsHeading to PoliticalDonations" use="optional" order="8.6"/>
    <loc xlink:type="locator" xlink:href="../../dpl-core/2013-02-01/dpl-2013-02-01.xsd#dpl_ProfitTaxTotalsHeadingCopy" xlink:label="dpl_ProfitTaxTotalsHeadingCopy" xlink:title="presentation: ProfitTaxTotalsHeadingCopy to GrossProfit"/>
    <loc xlink:type="locator" xlink:href="http://xbrl.iasb.org/taxonomy/2009-04-01/ifrs-cor_2009-04-01.xsd#ifrs_GrossProfit" xlink:label="ifrs_GrossProfit" xlink:title="presentation: ProfitTaxTotalsHeadingCopy to GrossProfit"/>
    <presentationArc xlink:type="arc" xlink:arcrole="http://www.xbrl.org/2003/arcrole/parent-child" xlink:from="dpl_ProfitTaxTotalsHeadingCopy" xlink:to="ifrs_GrossProfit" xlink:title="presentation: ProfitTaxTotalsHeadingCopy to GrossProfit" use="optional" order="1.0"/>
    <loc xlink:type="locator" xlink:href="http://www.xbrl.org/uk/ifrs/core/2009-09-01/uk-ifrs-2009-09-01.xsd#uk-ifrs_OperatingProfitLoss" xlink:label="uk-ifrs_OperatingProfitLoss" xlink:title="presentation: ProfitTaxTotalsHeadingCopy to OperatingProfitLoss"/>
    <presentationArc xlink:type="arc" xlink:arcrole="http://www.xbrl.org/2003/arcrole/parent-child" xlink:from="dpl_ProfitTaxTotalsHeadingCopy" xlink:to="uk-ifrs_OperatingProfitLoss" xlink:title="presentation: ProfitTaxTotalsHeadingCopy to OperatingProfitLoss" use="optional" order="2.0"/>
    <loc xlink:type="locator" xlink:href="http://xbrl.iasb.org/taxonomy/2009-04-01/ifrs-cor_2009-04-01.xsd#ifrs_ProfitLossBeforeTax" xlink:label="ifrs_ProfitLossBeforeTax" xlink:title="presentation: ProfitTaxTotalsHeadingCopy to ProfitLossBeforeTax"/>
    <presentationArc xlink:type="arc" xlink:arcrole="http://www.xbrl.org/2003/arcrole/parent-child" xlink:from="dpl_ProfitTaxTotalsHeadingCopy" xlink:to="ifrs_ProfitLossBeforeTax" xlink:title="presentation: ProfitTaxTotalsHeadingCopy to ProfitLossBeforeTax" use="optional" order="3.0"/>
    <loc xlink:type="locator" xlink:href="http://xbrl.iasb.org/taxonomy/2009-04-01/ifrs-cor_2009-04-01.xsd#ifrs_TaxExpenseIncome" xlink:label="ifrs_TaxExpenseIncome" xlink:title="presentation: ProfitTaxTotalsHeadingCopy to TaxExpenseIncome"/>
    <presentationArc xlink:type="arc" xlink:arcrole="http://www.xbrl.org/2003/arcrole/parent-child" xlink:from="dpl_ProfitTaxTotalsHeadingCopy" xlink:to="ifrs_TaxExpenseIncome" xlink:title="presentation: ProfitTaxTotalsHeadingCopy to TaxExpenseIncome" use="optional" order="4.0"/>
    <loc xlink:type="locator" xlink:href="http://xbrl.iasb.org/taxonomy/2009-04-01/ifrs-cor_2009-04-01.xsd#ifrs_ProfitLoss" xlink:label="ifrs_ProfitLoss" xlink:title="presentation: ProfitTaxTotalsHeadingCopy to ProfitLoss"/>
    <presentationArc xlink:type="arc" xlink:arcrole="http://www.xbrl.org/2003/arcrole/parent-child" xlink:from="dpl_ProfitTaxTotalsHeadingCopy" xlink:to="ifrs_ProfitLoss" xlink:title="presentation: ProfitTaxTotalsHeadingCopy to ProfitLoss" use="optional" order="5.0"/>
    <loc xlink:type="locator" xlink:href="../../dpl-core/2013-02-01/dpl-2013-02-01.xsd#dpl_DimensionTagsUsedWithDetailedProfitLossItemsHeading" xlink:label="dpl_DimensionTagsUsedWithDetailedProfitLossItemsHeading" xlink:title="presentation: DimensionTagsUsedWithDetailedProfitLossItemsHeading to ContinuingAndDiscontinuedOperationsDimension"/>
    <loc xlink:type="locator" xlink:href="http://xbrl.iasb.org/taxonomy/2009-04-01/ifrs-cor_2009-04-01.xsd#ifrs_ContinuingAndDiscontinuedOperationsDimension" xlink:label="ifrs_ContinuingAndDiscontinuedOperationsDimension" xlink:title="presentation: DimensionTagsUsedWithDetailedProfitLossItemsHeading to ContinuingAndDiscontinuedOperationsDimension"/>
    <presentationArc xlink:type="arc" xlink:arcrole="http://www.xbrl.org/2003/arcrole/parent-child" xlink:from="dpl_DimensionTagsUsedWithDetailedProfitLossItemsHeading" xlink:to="ifrs_ContinuingAndDiscontinuedOperationsDimension" xlink:title="presentation: DimensionTagsUsedWithDetailedProfitLossItemsHeading to ContinuingAndDiscontinuedOperationsDimension" use="optional" order="1.5"/>
    <loc xlink:type="locator" xlink:href="http://www.xbrl.org/uk/ifrs/core/2009-09-01/uk-ifrs-2009-09-01.xsd#uk-ifrs_ContinuingDiscontinuedOperationsTotalDefault" xlink:label="uk-ifrs_ContinuingDiscontinuedOperationsTotalDefault" xlink:title="presentation: ContinuingAndDiscontinuedOperationsDimension to ContinuingDiscontinuedOperationsTotalDefault"/>
    <presentationArc xlink:type="arc" xlink:arcrole="http://www.xbrl.org/2003/arcrole/parent-child" xlink:from="ifrs_ContinuingAndDiscontinuedOperationsDimension" xlink:to="uk-ifrs_ContinuingDiscontinuedOperationsTotalDefault" xlink:title="presentation: ContinuingAndDiscontinuedOperationsDimension to ContinuingDiscontinuedOperationsTotalDefault" use="optional" order="1.0"/>
    <loc xlink:type="locator" xlink:href="http://www.xbrl.org/uk/ifrs/core/2009-09-01/uk-ifrs-2009-09-01.xsd#uk-ifrs_ContinuingOperations" xlink:label="uk-ifrs_ContinuingOperations" xlink:title="presentation: ContinuingDiscontinuedOperationsTotalDefault to ContinuingOperations"/>
    <presentationArc xlink:type="arc" xlink:arcrole="http://www.xbrl.org/2003/arcrole/parent-child" xlink:from="uk-ifrs_ContinuingDiscontinuedOperationsTotalDefault" xlink:to="uk-ifrs_ContinuingOperations" xlink:title="presentation: ContinuingDiscontinuedOperationsTotalDefault to ContinuingOperations" use="optional" order="1.0"/>
    <loc xlink:type="locator" xlink:href="http://www.xbrl.org/uk/ifrs/core/2009-09-01/uk-ifrs-2009-09-01.xsd#uk-ifrs_DiscontinuedOperations" xlink:label="uk-ifrs_DiscontinuedOperations" xlink:title="presentation: ContinuingDiscontinuedOperationsTotalDefault to DiscontinuedOperations"/>
    <presentationArc xlink:type="arc" xlink:arcrole="http://www.xbrl.org/2003/arcrole/parent-child" xlink:from="uk-ifrs_ContinuingDiscontinuedOperationsTotalDefault" xlink:to="uk-ifrs_DiscontinuedOperations" xlink:title="presentation: ContinuingDiscontinuedOperationsTotalDefault to DiscontinuedOperations" use="optional" order="2.0"/>
    <loc xlink:type="locator" xlink:href="http://www.xbrl.org/uk/ifrs/core/2009-09-01/uk-ifrs-2009-09-01.xsd#uk-ifrs_DisposalGroupsClassifiedAsHeldForSale" xlink:label="uk-ifrs_DisposalGroupsClassifiedAsHeldForSale" xlink:title="presentation: ContinuingDiscontinuedOperationsTotalDefault to DisposalGroupsClassifiedAsHeldForSale"/>
    <presentationArc xlink:type="arc" xlink:arcrole="http://www.xbrl.org/2003/arcrole/parent-child" xlink:from="uk-ifrs_ContinuingDiscontinuedOperationsTotalDefault" xlink:to="uk-ifrs_DisposalGroupsClassifiedAsHeldForSale" xlink:title="presentation: ContinuingDiscontinuedOperationsTotalDefault to DisposalGroupsClassifiedAsHeldForSale" use="optional" order="3.0"/>
    <loc xlink:type="locator" xlink:href="http://xbrl.iasb.org/taxonomy/2009-04-01/ifrs-cor_2009-04-01.xsd#ifrs_RetrospectiveApplicationAndRetrospectiveRestatementDimension" xlink:label="ifrs_RetrospectiveApplicationAndRetrospectiveRestatementDimension" xlink:title="presentation: DimensionTagsUsedWithDetailedProfitLossItemsHeading to RetrospectiveApplicationAndRetrospectiveRestatementDimension"/>
    <presentationArc xlink:type="arc" xlink:arcrole="http://www.xbrl.org/2003/arcrole/parent-child" xlink:from="dpl_DimensionTagsUsedWithDetailedProfitLossItemsHeading" xlink:to="ifrs_RetrospectiveApplicationAndRetrospectiveRestatementDimension" xlink:title="presentation: DimensionTagsUsedWithDetailedProfitLossItemsHeading to RetrospectiveApplicationAndRetrospectiveRestatementDimension" use="optional" order="7.0"/>
    <loc xlink:type="locator" xlink:href="http://www.xbrl.org/uk/ifrs/core/2009-09-01/uk-ifrs-2009-09-01.xsd#uk-ifrs_RestatedAmount" xlink:label="uk-ifrs_RestatedAmount" xlink:title="presentation: RetrospectiveApplicationAndRetrospectiveRestatementDimension to RestatedAmount"/>
    <presentationArc xlink:type="arc" xlink:arcrole="http://www.xbrl.org/2003/arcrole/parent-child" xlink:from="ifrs_RetrospectiveApplicationAndRetrospectiveRestatementDimension" xlink:to="uk-ifrs_RestatedAmount" xlink:title="presentation: RetrospectiveApplicationAndRetrospectiveRestatementDimension to RestatedAmount" use="optional" order="1.0"/>
    <loc xlink:type="locator" xlink:href="http://www.xbrl.org/uk/ifrs/core/2009-09-01/uk-ifrs-2009-09-01.xsd#uk-ifrs_PriorPeriodIncreaseDecrease" xlink:label="uk-ifrs_PriorPeriodIncreaseDecrease" xlink:title="presentation: RestatedAmount to PriorPeriodIncreaseDecrease"/>
    <presentationArc xlink:type="arc" xlink:arcrole="http://www.xbrl.org/2003/arcrole/parent-child" xlink:from="uk-ifrs_RestatedAmount" xlink:to="uk-ifrs_PriorPeriodIncreaseDecrease" xlink:title="presentation: RestatedAmount to PriorPeriodIncreaseDecrease" use="optional" order="1.0"/>
    <loc xlink:type="locator" xlink:href="http://www.xbrl.org/uk/ifrs/core/2009-09-01/uk-ifrs-2009-09-01.xsd#uk-ifrs_AccountingPolicyIncreaseDecrease" xlink:label="uk-ifrs_AccountingPolicyIncreaseDecrease" xlink:title="presentation: PriorPeriodIncreaseDecrease to AccountingPolicyIncreaseDecrease"/>
    <presentationArc xlink:type="arc" xlink:arcrole="http://www.xbrl.org/2003/arcrole/parent-child" xlink:from="uk-ifrs_PriorPeriodIncreaseDecrease" xlink:to="uk-ifrs_AccountingPolicyIncreaseDecrease" xlink:title="presentation: PriorPeriodIncreaseDecrease to AccountingPolicyIncreaseDecrease" use="optional" order="1.0"/>
    <loc xlink:type="locator" xlink:href="http://www.xbrl.org/uk/ifrs/core/2009-09-01/uk-ifrs-2009-09-01.xsd#uk-ifrs_MaterialErrorIncreaseDecrease" xlink:label="uk-ifrs_MaterialErrorIncreaseDecrease" xlink:title="presentation: PriorPeriodIncreaseDecrease to MaterialErrorIncreaseDecrease"/>
    <presentationArc xlink:type="arc" xlink:arcrole="http://www.xbrl.org/2003/arcrole/parent-child" xlink:from="uk-ifrs_PriorPeriodIncreaseDecrease" xlink:to="uk-ifrs_MaterialErrorIncreaseDecrease" xlink:title="presentation: PriorPeriodIncreaseDecrease to MaterialErrorIncreaseDecrease" use="optional" order="2.0"/>
    <loc xlink:type="locator" xlink:href="http://www.xbrl.org/uk/ifrs/core/2009-09-01/uk-ifrs-2009-09-01.xsd#uk-ifrs_OriginalAmountDefault" xlink:label="uk-ifrs_OriginalAmountDefault" xlink:title="presentation: RestatedAmount to OriginalAmountDefault"/>
    <presentationArc xlink:type="arc" xlink:arcrole="http://www.xbrl.org/2003/arcrole/parent-child" xlink:from="uk-ifrs_RestatedAmount" xlink:to="uk-ifrs_OriginalAmountDefault" xlink:title="presentation: RestatedAmount to OriginalAmountDefault" use="optional" order="2.0"/>
    <presentationArc xlink:type="arc" xlink:arcrole="http://www.xbrl.org/2003/arcrole/parent-child" xlink:from="ifrs_RetrospectiveApplicationAndRetrospectiveRestatementDimension" xlink:to="uk-ifrs_OriginalAmountDefault" xlink:title="presentation: RetrospectiveApplicationAndRetrospectiveRestatementDimension to OriginalAmountDefault" use="optional" order="2.0"/>
    <loc xlink:type="locator" xlink:href="../../dpl-core/2013-02-01/dpl-2013-02-01.xsd#dpl_DetailedProfitLossHeading" xlink:label="dpl_DetailedProfitLossHeading"/>
    <loc xlink:type="locator" xlink:href="dpl-ifrs-2013-02-01.xsd#dpl-ifrs_Sub-totalsNotIncludedElsewhereHeading" xlink:label="dpl-ifrs_Sub-totalsNotIncludedElsewhereHeading"/>
    <presentationArc xlink:type="arc" xlink:arcrole="http://www.xbrl.org/2003/arcrole/parent-child" xlink:from="dpl_DetailedProfitLossHeading" xlink:to="dpl-ifrs_Sub-totalsNotIncludedElsewhereHeading" use="optional" order="6.4"/>
    <loc xlink:type="locator" xlink:href="http://xbrl.iasb.org/taxonomy/2009-04-01/ifrs-cor_2009-04-01.xsd#ifrs_RawMaterialsAndConsumablesUsed" xlink:label="ifrs_RawMaterialsAndConsumablesUsed" xlink:title="presentation: Sub-totalsNotIncludedElsewhereHeading to RawMaterialsAndConsumablesUsed"/>
    <presentationArc xlink:type="arc" xlink:arcrole="http://www.xbrl.org/2003/arcrole/parent-child" xlink:from="dpl-ifrs_Sub-totalsNotIncludedElsewhereHeading" xlink:to="ifrs_RawMaterialsAndConsumablesUsed" xlink:title="presentation: Sub-totalsNotIncludedElsewhereHeading to RawMaterialsAndConsumablesUsed" use="optional" order="1.0" preferredLabel="http://www.xbrl.org/2003/role/label"/>
    <loc xlink:type="locator" xlink:href="http://www.xbrl.org/uk/ifrs/core/2009-09-01/uk-ifrs-2009-09-01.xsd#uk-ifrs_IncreaseDecreaseInStocksFinishedGoodsWorkInProgress" xlink:label="uk-ifrs_IncreaseDecreaseInStocksFinishedGoodsWorkInProgress" xlink:title="presentation: Sub-totalsNotIncludedElsewhereHeading to IncreaseDecreaseInStocksFinishedGoodsWorkInProgress"/>
    <presentationArc xlink:type="arc" xlink:arcrole="http://www.xbrl.org/2003/arcrole/parent-child" xlink:from="dpl-ifrs_Sub-totalsNotIncludedElsewhereHeading" xlink:to="uk-ifrs_IncreaseDecreaseInStocksFinishedGoodsWorkInProgress" xlink:title="presentation: Sub-totalsNotIncludedElsewhereHeading to IncreaseDecreaseInStocksFinishedGoodsWorkInProgress" use="optional" order="2.0"/>
    <loc xlink:type="locator" xlink:href="http://xbrl.iasb.org/taxonomy/2009-04-01/ifrs-cor_2009-04-01.xsd#ifrs_DepreciationAndAmortisationExpense" xlink:label="ifrs_DepreciationAndAmortisationExpense" xlink:title="presentation: Sub-totalsNotIncludedElsewhereHeading to DepreciationAndAmortisationExpense"/>
    <presentationArc xlink:type="arc" xlink:arcrole="http://www.xbrl.org/2003/arcrole/parent-child" xlink:from="dpl-ifrs_Sub-totalsNotIncludedElsewhereHeading" xlink:to="ifrs_DepreciationAndAmortisationExpense" xlink:title="presentation: Sub-totalsNotIncludedElsewhereHeading to DepreciationAndAmortisationExpense" use="optional" order="3.0" preferredLabel="http://www.xbrl.org/2003/role/label"/>
    <loc xlink:type="locator" xlink:href="http://xbrl.iasb.org/taxonomy/2009-04-01/ifrs-cor_2009-04-01.xsd#ifrs_OtherExpenseByFunction" xlink:label="ifrs_OtherExpenseByFunction" xlink:title="presentation: Sub-totalsNotIncludedElsewhereHeading to OtherExpenseByFunction"/>
    <presentationArc xlink:type="arc" xlink:arcrole="http://www.xbrl.org/2003/arcrole/parent-child" xlink:from="dpl-ifrs_Sub-totalsNotIncludedElsewhereHeading" xlink:to="ifrs_OtherExpenseByFunction" xlink:title="presentation: Sub-totalsNotIncludedElsewhereHeading to OtherExpenseByFunction" use="optional" order="4.0" preferredLabel="http://www.xbrl.org/2003/role/label"/>
    <loc xlink:type="locator" xlink:href="http://xbrl.iasb.org/taxonomy/2009-04-01/ifrs-cor_2009-04-01.xsd#ifrs_OtherExpenseByNature" xlink:label="ifrs_OtherExpenseByNature" xlink:title="presentation: Sub-totalsNotIncludedElsewhereHeading to OtherExpenseByNature"/>
    <presentationArc xlink:type="arc" xlink:arcrole="http://www.xbrl.org/2003/arcrole/parent-child" xlink:from="dpl-ifrs_Sub-totalsNotIncludedElsewhereHeading" xlink:to="ifrs_OtherExpenseByNature" xlink:title="presentation: Sub-totalsNotIncludedElsewhereHeading to OtherExpenseByNature" use="optional" order="5.0" preferredLabel="http://www.xbrl.org/2003/role/label"/>
  </presentationLink>
</linkbase>
